"id_paciente","edad","comuna","diagnostico_principal","cantidad_consultas","dias_hospitalizacion","fecha_ultima_atencion","costo_atencion","hosp_prolongada","costo_std","id_fila","grupo_etario"
"PAC-79163",73,"valparaíso","Neumonía",9,0,2025-07-02,156000,"No",-1.08519400968428,1,"Adulto mayor"
"PAC-42325",65,"santiago","Infección Respiratoria Aguda",6,10,2026-04-30,173000,"Si",-1.01410999649473,2,"Adulto mayor"
"PAC-24168",4,"las condes","Neumonía",15,NA,2026-07-23,205000,NA,-0.880304795196745,3,"Menor de edad"
"PAC-92240",43,"antofagasta","Hipertensión Arterial",6,5,2025-03-24,755000,"Si",1.41947210211236,4,"Adulto"
"PAC-91959",5,"santiago","Diabetes Mellitus Tipo 2",6,10,NA,565000,"Si",0.625003719405577,5,"Menor de edad"
"PAC-25860",NA,"viña del mar","Hipertensión Arterial",5,0,2025-04-03,58000,"No",-1.49497243865936,6,NA
"PAC-26334",68,"antofagasta","Neumonía",NA,0,2024-11-20,830000,"No",1.73307804265451,7,"Adulto mayor"
"PAC-78146",27,NA,"Infección Respiratoria Aguda",12,5,2026-05-22,128000,"Si",-1.20227356082002,8,"Adulto"
"PAC-23238",28,"maipú","Apendicitis Aguda",10,1,2026-02-10,616000,"No",0.83825575897424,9,"Adulto"
"PAC-99353",88,"maipú","Infección Respiratoria Aguda",9,1,NA,NA,"No",NA,10,"Adulto mayor"
"PAC-76244",92,NA,"Artrosis",14,1,2024-10-10,645000,"No",0.959516722650538,11,"Adulto mayor"
"PAC-20458",68,"maipú","Gastritis Crónica",3,3,2026-08-05,113000,"No",-1.26499474892845,12,"Adulto mayor"
"PAC-47930",59,NA,"Artrosis",1,1,NA,NA,"No",NA,13,"Adulto"
"PAC-65296",40,"las condes","Artrosis",4,NA,2026-01-08,787000,NA,1.55327730341034,14,"Adulto"
"PAC-66498",77,"puente alto","Apendicitis Aguda",14,0,2025-05-06,401000,"No",-0.0607479372465918,15,"Adulto mayor"
"PAC-78327",55,"providencia","Hipertensión Arterial",2,0,2024-10-16,259000,"No",-0.654508518006397,16,"Adulto"
"PAC-23947",71,"maipú","Hipertensión Arterial",11,0,2025-10-11,NA,"No",NA,17,"Adulto mayor"
"PAC-84847",39,"maipú","Infección Respiratoria Aguda",3,NA,NA,166000,NA,-1.04337988427866,18,"Adulto"
"PAC-71348",54,"las condes","Diabetes Mellitus Tipo 2",1,1,2025-09-26,316000,"No",-0.416168003194362,19,"Adulto"
"PAC-14117",44,"la florida","Diabetes Mellitus Tipo 2",4,14,2025-05-01,643000,"Si",0.951153897569414,20,"Adulto"
"PAC-36130",51,"las condes","Hipertensión Arterial",NA,0,2026-05-12,567000,"No",0.633366544486701,21,"Adulto"
"PAC-38683",NA,"concepción","Artrosis",7,2,NA,NA,"No",NA,22,NA
"PAC-79615",28,"las condes","Hipertensión Arterial",9,3,2025-08-21,675000,"No",1.0849590988674,23,"Adulto"
"PAC-50768",38,"concepción","Infección Respiratoria Aguda",2,0,2025-03-16,282000,"No",-0.558336029573471,24,"Adulto"
"PAC-56898",12,"la florida","Infección Respiratoria Aguda",4,10,2024-10-28,603000,"Si",0.783897395946934,25,"Menor de edad"
"PAC-21114",42,"puente alto","Infección Respiratoria Aguda",13,0,2025-02-16,467000,"No",0.215225290430501,26,"Adulto"
"PAC-49321",22,"maipú","Hipertensión Arterial",5,0,2026-03-07,57000,"No",-1.49915385119992,27,"Adulto"
"PAC-73624",12,"puente alto","Apendicitis Aguda",15,10,2025-05-09,396000,"Si",-0.0816549999494018,28,"Menor de edad"
"PAC-90173",93,"valparaíso","Apendicitis Aguda",11,3,NA,123000,"No",-1.22318062352283,29,"Adulto mayor"
"PAC-99016",82,"las condes","Gastritis Crónica",8,NA,2025-10-27,290000,NA,-0.524884729248975,30,"Adulto mayor"
"PAC-31178",25,"maipú","Hipertensión Arterial",5,10,2024-10-16,492000,"Si",0.319760603944551,31,"Adulto"
"PAC-15817",NA,"santiago","Apendicitis Aguda",9,1,NA,671000,"No",1.06823344870515,32,NA
"PAC-62383",52,"antofagasta","Gastritis Crónica",7,0,2026-08-12,542000,"No",0.528831230972651,33,"Adulto"
"PAC-79822",15,"santiago","Gastritis Crónica",13,3,2025-05-08,697000,"No",1.17695017475976,34,"Menor de edad"
"PAC-71069",10,"santiago","Diabetes Mellitus Tipo 2",2,5,NA,636000,"Si",0.92188400978548,35,"Menor de edad"
"PAC-41571",0,"providencia","Neumonía",2,2,2025-05-08,445000,"No",0.123234214538136,36,"Menor de edad"
"PAC-99593",2,"santiago","Artrosis",10,0,2025-02-28,567000,"No",0.633366544486701,37,"Menor de edad"
"PAC-71953",78,"las condes","Diabetes Mellitus Tipo 2",13,5,2024-11-10,NA,"Si",NA,38,"Adulto mayor"
"PAC-94246",68,"viña del mar","Artrosis",NA,3,2024-11-23,NA,"No",NA,39,"Adulto mayor"
"PAC-91416",65,"la florida","Gastritis Crónica",8,NA,2026-05-13,NA,NA,NA,40,"Adulto mayor"
"PAC-10942",91,"santiago",NA,8,2,2025-11-20,450000,"No",0.144141277240947,41,"Adulto mayor"
"PAC-56025",86,"las condes","Infección Respiratoria Aguda",NA,3,2025-11-26,554000,"No",0.579008181459395,42,"Adulto mayor"
"PAC-65933",48,"providencia","Hipertensión Arterial",1,5,2025-12-24,NA,"Si",NA,43,"Adulto"
"PAC-46559",91,"las condes","Artrosis",14,0,2026-09-18,NA,"No",NA,44,"Adulto mayor"
"PAC-89840",70,"concepción","Artrosis",2,0,2026-08-25,110000,"No",-1.27753898655014,45,"Adulto mayor"
"PAC-91560",66,"providencia","Infección Respiratoria Aguda",2,14,2025-02-28,158000,"Si",-1.07683118460316,46,"Adulto mayor"
"PAC-66179",28,"concepción","Artrosis",13,0,2024-09-29,822000,"No",1.69962674233001,47,"Adulto"
"PAC-46265",37,"valparaíso","Neumonía",7,5,2025-07-18,219000,"Si",-0.821765019628877,48,"Adulto"
"PAC-17716",13,"las condes","Hipertensión Arterial",6,0,2025-08-25,761000,"No",1.44456057735573,49,"Menor de edad"
"PAC-96706",16,"maipú","Neumonía",15,NA,2026-02-05,57000,NA,-1.49915385119992,50,"Menor de edad"
"PAC-64377",89,"antofagasta","Gastritis Crónica",15,1,2026-05-06,NA,"No",NA,51,"Adulto mayor"
"PAC-83000",88,"antofagasta","Neumonía",2,14,2026-02-18,504000,"Si",0.369937554431295,52,"Adulto mayor"
"PAC-65461",85,"viña del mar","Gastritis Crónica",3,NA,2026-06-02,NA,NA,NA,53,"Adulto mayor"
"PAC-86099",70,"concepción","Neumonía",14,0,2025-06-20,653000,"No",0.992968022975034,54,"Adulto mayor"
"PAC-19071",12,"maipú","Neumonía",3,2,NA,194000,"No",-0.926300333142927,55,"Menor de edad"
"PAC-65302",53,"providencia","Diabetes Mellitus Tipo 2",12,2,2024-11-24,469000,"No",0.223588115511625,56,"Adulto"
"PAC-11658",70,"concepción","Hipertensión Arterial",5,0,2026-07-12,353000,"No",-0.261455739193568,57,"Adulto mayor"
"PAC-34957",NA,NA,"Diabetes Mellitus Tipo 2",5,0,NA,180000,"No",-0.984840108710795,58,NA
"PAC-49240",14,"viña del mar","Diabetes Mellitus Tipo 2",15,0,2026-05-29,330000,"No",-0.357628227626494,59,"Menor de edad"
"PAC-27154",68,"maipú","Neumonía",5,3,2025-05-18,716000,"No",1.25639701303044,60,"Adulto mayor"
"PAC-67091",72,"santiago","Infección Respiratoria Aguda",4,2,2025-02-01,80000,"No",-1.402981362767,61,"Adulto mayor"
"PAC-97782",62,"concepción","Artrosis",15,1,2026-05-21,20000,"No",-1.65386611520072,62,"Adulto"
"PAC-93810",11,"viña del mar","Gastritis Crónica",4,0,2026-09-18,758000,"No",1.43201633973404,63,"Menor de edad"
"PAC-95813",19,"santiago","Infección Respiratoria Aguda",14,10,NA,NA,"Si",NA,64,"Adulto"
"PAC-88504",52,"providencia","Diabetes Mellitus Tipo 2",12,NA,2026-01-22,148000,NA,-1.11864531000878,65,"Adulto"
"PAC-24592",69,"santiago","Diabetes Mellitus Tipo 2",13,10,2026-03-06,577000,"Si",0.675180669892321,66,"Adulto mayor"
"PAC-65255",4,"santiago","Gastritis Crónica",13,1,2025-10-20,549000,"No",0.558101118756585,67,"Menor de edad"
"PAC-53933",21,NA,"Artrosis",4,NA,2025-11-17,NA,NA,NA,68,"Adulto"
"PAC-29769",29,"maipú","Diabetes Mellitus Tipo 2",8,2,2024-12-24,544000,"No",0.537194056053775,69,"Adulto"
"PAC-92544",NA,NA,"Infección Respiratoria Aguda",10,14,NA,352000,"Si",-0.26563715173413,70,NA
"PAC-44741",46,"las condes","Neumonía",2,NA,2026-01-02,471000,NA,0.231950940592749,71,"Adulto"
"PAC-66057",54,"puente alto","Hipertensión Arterial",8,3,2024-12-08,518000,"No",0.428477329999163,72,"Adulto"
"PAC-59692",28,"viña del mar","Diabetes Mellitus Tipo 2",1,NA,2025-04-04,68000,NA,-1.45315831325374,73,"Adulto"
"PAC-93227",18,"santiago","Hipertensión Arterial",3,2,2025-01-02,139000,"No",-1.15627802287384,74,"Adulto"
"PAC-92960",59,"providencia","Hipertensión Arterial",NA,1,NA,396000,"No",-0.0816549999494018,75,"Adulto"
"PAC-79616",NA,"santiago","Artrosis",12,5,2026-03-21,304000,"Si",-0.466344953681106,76,NA
"PAC-38043",70,"valparaíso","Infección Respiratoria Aguda",10,5,2026-02-03,758000,"Si",1.43201633973404,77,"Adulto mayor"
"PAC-31178",NA,"antofagasta","Apendicitis Aguda",2,0,2026-03-23,551000,"No",0.566463943837709,78,NA
"PAC-33053",89,"puente alto","Hipertensión Arterial",3,14,2025-02-14,678000,"Si",1.09750333648908,79,"Adulto mayor"
"PAC-99687",87,"las condes","Infección Respiratoria Aguda",13,3,2026-01-29,420000,"No",0.0186989010240863,80,"Adulto mayor"
"PAC-72296",4,"las condes","Diabetes Mellitus Tipo 2",9,0,2025-03-21,92000,"No",-1.35280441228025,81,"Menor de edad"
"PAC-69829",63,"antofagasta","Hipertensión Arterial",2,3,2025-05-30,155000,"No",-1.08937542222485,82,"Adulto"
"PAC-89069",81,"la florida","Diabetes Mellitus Tipo 2",9,0,2025-08-14,445000,"No",0.123234214538136,83,"Adulto mayor"
"PAC-89457",89,"concepción","Infección Respiratoria Aguda",15,0,2025-11-17,395000,"No",-0.0858364124899638,84,"Adulto mayor"
"PAC-47450",23,"viña del mar","Hipertensión Arterial",NA,1,2026-03-03,476000,"No",0.252858003295559,85,"Adulto"
"PAC-92240",60,"santiago","Gastritis Crónica",6,3,2026-01-02,502000,"No",0.361574729350171,86,"Adulto"
"PAC-10942",55,"providencia","Infección Respiratoria Aguda",9,10,NA,369000,"Si",-0.194553138544576,87,"Adulto"
"PAC-23396",19,"providencia","Artrosis",5,0,2026-04-16,237000,"No",-0.746499593898761,88,"Adulto"
"PAC-41285",20,"providencia","Neumonía",NA,14,2026-02-22,503000,"Si",0.365756141890733,89,"Adulto"
"PAC-12757",52,"santiago","Hipertensión Arterial",12,NA,2025-05-08,46000,NA,-1.5451493891461,90,"Adulto"
"PAC-66531",79,"las condes","Gastritis Crónica",7,0,NA,118000,"No",-1.24408768622564,91,"Adulto mayor"
"PAC-49363",68,"providencia","Apendicitis Aguda",7,0,2025-09-25,691000,"No",1.15186169951639,92,"Adulto mayor"
"PAC-23396",11,"santiago","Diabetes Mellitus Tipo 2",4,1,2025-10-18,NA,"No",NA,93,"Menor de edad"
"PAC-12560",76,"providencia","Diabetes Mellitus Tipo 2",6,0,2025-03-28,240000,"No",-0.733955356277075,94,"Adulto mayor"
"PAC-45382",0,"santiago","Gastritis Crónica",15,0,2024-10-04,812000,"No",1.65781261692439,95,"Menor de edad"
"PAC-83000",NA,NA,"Infección Respiratoria Aguda",9,NA,2025-10-12,585000,NA,0.708631970216817,96,NA
"PAC-24168",61,"maipú","Apendicitis Aguda",14,2,NA,405000,"No",-0.0440222870843438,97,"Adulto"
"PAC-93507",NA,"puente alto","Diabetes Mellitus Tipo 2",8,NA,2025-08-01,793000,NA,1.57836577865371,98,NA
"PAC-35995",56,"viña del mar","Diabetes Mellitus Tipo 2",9,0,2024-10-28,NA,"No",NA,99,"Adulto"
"PAC-83000",25,"las condes","Hipertensión Arterial",10,0,2026-03-22,NA,"No",NA,100,"Adulto"
"PAC-89069",NA,"puente alto","Hipertensión Arterial",7,0,2024-10-06,780000,"No",1.52400741562641,101,NA
"PAC-65518",30,"concepción","Infección Respiratoria Aguda",NA,1,2025-12-15,278000,"No",-0.575061679735719,102,"Adulto"
"PAC-65933",38,"las condes","Apendicitis Aguda",12,5,2026-03-31,49000,"Si",-1.53260515152442,103,"Adulto"
"PAC-24029",12,"concepción","Gastritis Crónica",2,3,NA,567000,"No",0.633366544486701,104,"Menor de edad"
"PAC-17716",21,"providencia","Artrosis",3,0,2025-04-21,NA,"No",NA,105,"Adulto"
"PAC-16006",64,"puente alto","Hipertensión Arterial",4,14,2026-07-27,127000,"Si",-1.20645497336058,106,"Adulto"
"PAC-57400",38,"las condes","Neumonía",5,10,2026-03-25,457000,"Si",0.173411165024881,107,"Adulto"
"PAC-85849",8,"valparaíso","Diabetes Mellitus Tipo 2",5,0,2026-05-16,496000,"No",0.336486254106799,108,"Menor de edad"
"PAC-17592",4,"viña del mar","Infección Respiratoria Aguda",15,2,2025-07-31,137000,"No",-1.16464084795496,109,"Menor de edad"
"PAC-73372",86,"valparaíso","Gastritis Crónica",7,0,2026-04-27,208000,"No",-0.867760557575059,110,"Adulto mayor"
"PAC-99353",81,"providencia","Diabetes Mellitus Tipo 2",2,0,2025-06-28,110000,"No",-1.27753898655014,111,"Adulto mayor"
"PAC-95181",60,"maipú","Gastritis Crónica",15,NA,2025-04-10,331000,NA,-0.353446815085932,112,"Adulto"
"PAC-76244",86,"concepción","Diabetes Mellitus Tipo 2",8,0,2025-12-03,133000,"No",-1.18136649811721,113,"Adulto mayor"
"PAC-44760",6,"antofagasta","Infección Respiratoria Aguda",12,10,2024-12-11,80000,"Si",-1.402981362767,114,"Menor de edad"
"PAC-74686",26,"las condes","Apendicitis Aguda",5,1,2025-01-25,553000,"No",0.574826768918833,115,"Adulto"
"PAC-95181",36,"valparaíso","Gastritis Crónica",3,0,NA,128000,"No",-1.20227356082002,116,"Adulto"
"PAC-17331",1,"puente alto","Artrosis",13,3,2024-10-24,114000,"No",-1.26081333638789,117,"Menor de edad"
"PAC-22704",88,"valparaíso","Hipertensión Arterial",4,0,2026-02-19,NA,"No",NA,118,"Adulto mayor"
"PAC-30028",48,"providencia","Hipertensión Arterial",2,NA,2025-06-12,640000,NA,0.938609659947728,119,"Adulto"
"PAC-29313",28,NA,NA,11,10,NA,309000,"Si",-0.445437890978296,120,"Adulto"
"PAC-15075",71,"valparaíso","Hipertensión Arterial",6,3,2025-03-21,426000,"No",0.0437873762674584,121,"Adulto mayor"
"PAC-80798",NA,"providencia","Artrosis",6,14,2025-05-08,128000,"Si",-1.20227356082002,122,NA
"PAC-51145",69,"providencia","Diabetes Mellitus Tipo 2",6,1,2025-10-20,501000,"No",0.357393316809609,123,"Adulto mayor"
"PAC-35203",49,"valparaíso","Infección Respiratoria Aguda",10,0,2026-05-17,387000,"No",-0.11928771281446,124,"Adulto"
"PAC-30969",61,"providencia","Hipertensión Arterial",4,3,2026-06-06,469000,"No",0.223588115511625,125,"Adulto"
"PAC-18418",76,"puente alto","Neumonía",10,5,2024-11-19,350000,"Si",-0.273999976815254,126,"Adulto mayor"
"PAC-46463",41,"puente alto","Infección Respiratoria Aguda",6,2,2026-02-05,210000,"No",-0.859397732493935,127,"Adulto"
"PAC-33509",35,"viña del mar","Artrosis",NA,0,2025-11-23,347000,"No",-0.28654421443694,128,"Adulto"
"PAC-96951",94,"concepción","Apendicitis Aguda",4,5,NA,227000,"Si",-0.788313719304381,129,"Adulto mayor"
"PAC-39444",NA,"puente alto",NA,13,3,2026-06-17,161000,"No",-1.06428694698147,130,NA
"PAC-79615",64,"concepción","Gastritis Crónica",6,1,NA,705000,"No",1.21040147508426,131,"Adulto"
"PAC-65108",72,"la florida","Diabetes Mellitus Tipo 2",2,0,2025-12-25,383000,"No",-0.136013362976708,132,"Adulto mayor"
"PAC-10851",20,"antofagasta","Infección Respiratoria Aguda",14,0,2025-11-19,232000,"No",-0.767406656601571,133,"Adulto"
"PAC-31299",62,"las condes","Artrosis",15,3,NA,194000,"No",-0.926300333142927,134,"Adulto"
NA,11,"las condes","Diabetes Mellitus Tipo 2",4,14,2024-11-12,485000,"Si",0.290490716160617,135,"Menor de edad"
"PAC-18161",NA,"providencia","Diabetes Mellitus Tipo 2",6,2,2026-09-06,176000,"No",-1.00156575887304,136,NA
"PAC-13534",79,"la florida","Infección Respiratoria Aguda",11,2,2026-03-29,93000,"No",-1.34862299973969,137,"Adulto mayor"
"PAC-18993",76,"antofagasta","Hipertensión Arterial",NA,0,2025-08-10,501000,"No",0.357393316809609,138,"Adulto mayor"
"PAC-10282",37,"maipú","Gastritis Crónica",9,NA,2025-07-26,244000,NA,-0.717229706114827,139,"Adulto"
"PAC-44099",83,"valparaíso","Diabetes Mellitus Tipo 2",11,2,2026-06-03,826000,"No",1.71635239249226,140,"Adulto mayor"
"PAC-45774",58,"concepción","Diabetes Mellitus Tipo 2",15,NA,2025-08-22,34000,NA,-1.59532633963285,141,"Adulto"
"PAC-70889",NA,"concepción","Hipertensión Arterial",5,0,NA,598000,"No",0.762990333244123,142,NA
"PAC-10726",60,"santiago","Gastritis Crónica",NA,0,2026-09-02,764000,"No",1.45710481497742,143,"Adulto"
"PAC-40007",43,"concepción","Neumonía",15,NA,2025-04-24,805000,NA,1.62854272914046,144,"Adulto"
"PAC-92149",24,"la florida",NA,3,NA,2025-09-20,580000,NA,0.687724907514007,145,"Adulto"
"PAC-12552",4,"valparaíso","Hipertensión Arterial",13,5,NA,135000,"Si",-1.17300367303609,146,"Menor de edad"
"PAC-49321",67,NA,"Apendicitis Aguda",13,0,NA,765000,"No",1.46128622751798,147,"Adulto mayor"
"PAC-27601",58,"valparaíso","Gastritis Crónica",2,0,2025-02-21,57000,"No",-1.49915385119992,148,"Adulto"
"PAC-38906",90,"antofagasta","Gastritis Crónica",1,0,2024-12-28,463000,"No",0.198499640268253,149,"Adulto mayor"
"PAC-99166",NA,"valparaíso","Hipertensión Arterial",NA,2,2026-06-04,511000,"No",0.399207442215229,150,NA
"PAC-79352",5,"viña del mar","Hipertensión Arterial",3,2,2026-02-24,507000,"No",0.382481792052981,151,"Menor de edad"
"PAC-10942",39,"las condes","Infección Respiratoria Aguda",7,3,NA,820000,"No",1.69126391724889,152,"Adulto"
"PAC-40828",94,"providencia","Infección Respiratoria Aguda",6,3,2026-03-01,NA,"No",NA,153,"Adulto mayor"
"PAC-42177",NA,"providencia","Infección Respiratoria Aguda",1,0,2025-10-19,407000,"No",-0.0356594620032198,154,NA
"PAC-57819",NA,NA,"Neumonía",8,0,2026-03-22,748000,"No",1.39020221432842,155,NA
"PAC-85674",28,NA,"Infección Respiratoria Aguda",4,3,2025-04-19,346000,"No",-0.290725626977502,156,"Adulto"
"PAC-79822",38,"valparaíso","Infección Respiratoria Aguda",8,5,2026-05-31,59000,"Si",-1.4907910261188,157,"Adulto"
"PAC-97782",9,"maipú","Hipertensión Arterial",13,2,2026-02-22,NA,"No",NA,158,"Menor de edad"
"PAC-47196",23,"puente alto","Apendicitis Aguda",3,0,2026-07-03,306000,"No",-0.457982128599982,159,"Adulto"
"PAC-67654",36,"puente alto","Apendicitis Aguda",10,1,2026-09-06,274000,"No",-0.591787329897967,160,"Adulto"
"PAC-24993",10,"concepción","Diabetes Mellitus Tipo 2",2,10,2024-10-17,549000,"Si",0.558101118756585,161,"Menor de edad"
"PAC-11934",94,"la florida","Infección Respiratoria Aguda",4,NA,NA,617000,NA,0.842437171514802,162,"Adulto mayor"
"PAC-52753",5,"valparaíso","Artrosis",10,0,2026-04-09,669000,"No",1.05987062362403,163,"Menor de edad"
"PAC-83975",33,"santiago","Diabetes Mellitus Tipo 2",15,0,2026-02-14,476000,"No",0.252858003295559,164,"Adulto"
"PAC-51904",39,"la florida","Diabetes Mellitus Tipo 2",3,3,2025-04-01,472000,"No",0.236132353133311,165,"Adulto"
"PAC-96752",2,"concepción","Artrosis",6,NA,2026-05-10,25000,NA,-1.63295905249791,166,"Menor de edad"
"PAC-76307",47,"providencia","Diabetes Mellitus Tipo 2",8,NA,2025-01-28,524000,NA,0.453565805242535,167,"Adulto"
"PAC-12560",NA,"viña del mar","Neumonía",14,14,NA,NA,"Si",NA,168,NA
"PAC-70515",13,"valparaíso","Gastritis Crónica",12,0,2025-02-20,678000,"No",1.09750333648908,169,"Menor de edad"
"PAC-91070",36,"santiago","Neumonía",3,0,2026-02-18,808000,"No",1.64108696676214,170,"Adulto"
"PAC-23970",24,"valparaíso","Gastritis Crónica",5,0,2026-07-28,261000,"No",-0.646145692925273,171,"Adulto"
NA,77,NA,"Neumonía",12,1,2026-05-29,669000,"No",1.05987062362403,172,"Adulto mayor"
"PAC-24993",15,"antofagasta","Hipertensión Arterial",12,3,2025-01-03,481000,"No",0.273765065998369,173,"Menor de edad"
"PAC-51245",10,"concepción","Hipertensión Arterial",2,0,2026-06-13,27000,"No",-1.62459622741678,174,"Menor de edad"
"PAC-84691",NA,NA,NA,14,0,2026-07-17,486000,"No",0.294672128701179,175,NA
"PAC-80678",31,"maipú","Hipertensión Arterial",7,0,2026-09-06,274000,"No",-0.591787329897967,176,"Adulto"
"PAC-67125",8,"viña del mar","Neumonía",NA,1,NA,826000,"No",1.71635239249226,177,"Menor de edad"
"PAC-70952",28,"las condes","Gastritis Crónica",15,NA,2025-04-29,57000,NA,-1.49915385119992,178,"Adulto"
"PAC-42092",63,"valparaíso","Neumonía",3,0,NA,314000,"No",-0.424530828275486,179,"Adulto"
"PAC-21226",52,"maipú","Diabetes Mellitus Tipo 2",NA,2,2025-02-23,431000,"No",0.0646944389702684,180,"Adulto"
"PAC-19287",34,"la florida","Apendicitis Aguda",5,0,NA,282000,"No",-0.558336029573471,181,"Adulto"
"PAC-97782",46,"las condes","Hipertensión Arterial",5,14,2026-06-15,197000,"Si",-0.913756095521241,182,"Adulto"
"PAC-73699",56,"la florida","Gastritis Crónica",13,5,2025-08-15,39000,"Si",-1.57441927693004,183,"Adulto"
NA,19,"las condes","Diabetes Mellitus Tipo 2",NA,0,NA,78000,"No",-1.41134418784812,184,"Adulto"
"PAC-41195",67,"la florida","Gastritis Crónica",2,1,2024-12-21,511000,"No",0.399207442215229,185,"Adulto mayor"
"PAC-46585",41,"concepción","Hipertensión Arterial",4,0,2025-01-25,841000,"No",1.77907358060069,186,"Adulto"
"PAC-22280",54,"santiago","Diabetes Mellitus Tipo 2",13,3,2024-10-12,272000,"No",-0.600150154979091,187,"Adulto"
"PAC-63354",NA,"puente alto","Diabetes Mellitus Tipo 2",12,0,2026-03-17,848000,"No",1.80834346838463,188,NA
"PAC-26544",39,"antofagasta","Hipertensión Arterial",NA,NA,2026-02-24,841000,NA,1.77907358060069,189,"Adulto"
"PAC-56357",93,NA,"Neumonía",7,10,2025-03-18,599000,"Si",0.767171745784685,190,"Adulto mayor"
"PAC-10772",4,"antofagasta","Hipertensión Arterial",10,2,2025-04-20,NA,"No",NA,191,"Menor de edad"
"PAC-66155",32,"antofagasta","Gastritis Crónica",10,1,2025-07-05,484000,"No",0.286309303620055,192,"Adulto"
"PAC-96951",61,NA,"Artrosis",1,3,2025-09-05,213000,"No",-0.846853494872249,193,"Adulto"
"PAC-73092",77,"antofagasta","Apendicitis Aguda",6,2,NA,410000,"No",-0.0231152243815337,194,"Adulto mayor"
"PAC-19508",24,"concepción","Infección Respiratoria Aguda",7,1,2025-05-06,157000,"No",-1.08101259714372,195,"Adulto"
NA,NA,"las condes","Apendicitis Aguda",7,0,2025-04-20,63000,"No",-1.47406537595655,196,NA
"PAC-27601",NA,"puente alto","Diabetes Mellitus Tipo 2",5,NA,2026-04-08,55000,NA,-1.50751667628105,197,NA
"PAC-81066",80,"viña del mar","Infección Respiratoria Aguda",8,2,NA,252000,"No",-0.683778405790331,198,"Adulto mayor"
"PAC-83975",61,"santiago","Artrosis",12,0,2025-08-25,NA,"No",NA,199,"Adulto"
"PAC-41195",44,"viña del mar","Infección Respiratoria Aguda",12,2,2026-02-25,505000,"No",0.374118966971857,200,"Adulto"
"PAC-37460",NA,"las condes","Infección Respiratoria Aguda",2,NA,2025-11-15,291000,NA,-0.520703316708413,201,NA
"PAC-50687",4,"la florida","Hipertensión Arterial",11,0,2026-04-08,425000,"No",0.0396059637268963,202,"Menor de edad"
"PAC-31798",NA,"la florida","Hipertensión Arterial",3,14,2024-11-06,468000,"Si",0.219406702971063,203,NA
"PAC-67905",83,"maipú","Artrosis",10,5,NA,726000,"Si",1.29821113843606,204,"Adulto mayor"
"PAC-98259",44,"santiago","Diabetes Mellitus Tipo 2",9,NA,2024-10-01,688000,NA,1.1393174618947,205,"Adulto"
"PAC-65255",17,"concepción","Neumonía",1,NA,NA,527000,NA,0.466110042864221,206,"Menor de edad"
"PAC-51347",10,"antofagasta","Infección Respiratoria Aguda",6,2,2026-04-24,NA,"No",NA,207,"Menor de edad"
"PAC-53025",84,"providencia","Artrosis",11,10,2025-07-20,124000,"Si",-1.21899921098227,208,"Adulto mayor"
"PAC-63528",74,"la florida","Artrosis",11,5,2025-08-28,NA,"Si",NA,209,"Adulto mayor"
"PAC-71694",87,"maipú","Hipertensión Arterial",14,0,2026-07-28,777000,"No",1.51146317800472,210,"Adulto mayor"
"PAC-14117",NA,"las condes","Infección Respiratoria Aguda",15,0,2025-09-05,244000,"No",-0.717229706114827,211,NA
"PAC-85456",78,"antofagasta","Diabetes Mellitus Tipo 2",13,1,2024-10-17,343000,"No",-0.303269864599188,212,"Adulto mayor"
"PAC-92240",35,"puente alto","Gastritis Crónica",12,2,NA,NA,"No",NA,213,"Adulto"
"PAC-44814",NA,"providencia","Gastritis Crónica",10,2,2026-01-04,NA,"No",NA,214,NA
"PAC-64377",84,"providencia","Gastritis Crónica",11,5,2026-02-14,405000,"Si",-0.0440222870843438,215,"Adulto mayor"
"PAC-69638",46,"viña del mar",NA,4,10,2024-10-17,536000,"Si",0.503742755729279,216,"Adulto"
"PAC-34914",93,"las condes","Diabetes Mellitus Tipo 2",3,14,2026-09-24,551000,"Si",0.566463943837709,217,"Adulto mayor"
"PAC-81426",44,"santiago","Hipertensión Arterial",7,2,NA,258000,"No",-0.658689930546959,218,"Adulto"
"PAC-21915",4,NA,"Artrosis",13,0,2026-03-12,731000,"No",1.31911820113887,219,"Menor de edad"
"PAC-95813",18,"maipú","Neumonía",15,0,2026-07-05,115000,"No",-1.25663192384733,220,"Adulto"
"PAC-18981",28,"maipú","Neumonía",7,5,2025-03-27,281000,"Si",-0.562517442114033,221,"Adulto"
"PAC-58393",20,"concepción","Hipertensión Arterial",13,14,2026-06-25,196000,"Si",-0.917937508061803,222,"Adulto"
"PAC-54118",3,"antofagasta","Hipertensión Arterial",NA,3,2025-09-20,NA,"No",NA,223,"Menor de edad"
"PAC-36365",NA,"puente alto","Neumonía",4,NA,NA,641000,NA,0.94279107248829,224,NA
"PAC-82512",88,"providencia","Diabetes Mellitus Tipo 2",15,0,2025-08-03,395000,"No",-0.0858364124899638,225,"Adulto mayor"
"PAC-21003",86,"puente alto","Hipertensión Arterial",4,0,NA,42000,"No",-1.56187503930835,226,"Adulto mayor"
"PAC-13201",39,"puente alto","Hipertensión Arterial",4,5,2024-10-27,528000,"Si",0.470291455404783,227,"Adulto"
"PAC-24663",40,"valparaíso",NA,12,0,2026-04-10,587000,"No",0.716994795297941,228,"Adulto"
"PAC-67905",54,"antofagasta","Apendicitis Aguda",1,10,2026-05-03,NA,"Si",NA,229,"Adulto"
"PAC-19071",60,"las condes","Diabetes Mellitus Tipo 2",13,10,2026-01-01,439000,"Si",0.0981457392947644,230,"Adulto"
"PAC-46559",44,"concepción","Artrosis",14,NA,2025-01-18,211000,NA,-0.855216319953373,231,"Adulto"
"PAC-73788",25,"puente alto","Diabetes Mellitus Tipo 2",15,5,2025-10-09,467000,"Si",0.215225290430501,232,"Adulto"
"PAC-97410",49,"viña del mar","Diabetes Mellitus Tipo 2",8,3,2024-11-29,622000,"No",0.863344234217612,233,"Adulto"
"PAC-30866",6,"la florida","Diabetes Mellitus Tipo 2",7,NA,2025-03-28,NA,NA,NA,234,"Menor de edad"
"PAC-70589",80,"las condes","Neumonía",3,3,2026-06-18,381000,"No",-0.144376188057832,235,"Adulto mayor"
"PAC-81810",13,"antofagasta","Diabetes Mellitus Tipo 2",10,5,2025-06-25,725000,"Si",1.2940297258955,236,"Menor de edad"
"PAC-16826",30,"antofagasta","Neumonía",8,1,2025-05-17,NA,"No",NA,237,"Adulto"
"PAC-79822",1,"providencia","Hipertensión Arterial",15,0,2025-10-24,NA,"No",NA,238,"Menor de edad"
"PAC-35313",81,"concepción","Artrosis",NA,3,2026-08-27,NA,"No",NA,239,"Adulto mayor"
"PAC-16006",29,"antofagasta","Apendicitis Aguda",9,2,2026-02-23,485000,"No",0.290490716160617,240,"Adulto"
"PAC-40495",21,"la florida","Diabetes Mellitus Tipo 2",11,5,NA,NA,"Si",NA,241,"Adulto"
"PAC-46585",NA,"viña del mar","Diabetes Mellitus Tipo 2",2,10,NA,132000,"Si",-1.18554791065777,242,NA
"PAC-38569",60,"providencia","Apendicitis Aguda",9,10,2025-12-28,584000,"Si",0.704450557676255,243,"Adulto"
"PAC-69638",NA,NA,"Apendicitis Aguda",12,3,2025-09-05,603000,"No",0.783897395946934,244,NA
"PAC-93136",2,"valparaíso","Gastritis Crónica",8,1,2025-06-11,67000,"No",-1.4573397257943,245,"Menor de edad"
"PAC-68800",93,"santiago","Infección Respiratoria Aguda",8,1,NA,616000,"No",0.83825575897424,246,"Adulto mayor"
"PAC-95990",12,"maipú","Neumonía",3,0,2025-04-02,NA,"No",NA,247,"Menor de edad"
"PAC-71953",3,"antofagasta","Neumonía",3,0,NA,749000,"No",1.39438362686899,248,"Menor de edad"
"PAC-16057",78,"providencia","Gastritis Crónica",5,0,NA,326000,"No",-0.374353877788742,249,"Adulto mayor"
"PAC-35995",13,"antofagasta","Infección Respiratoria Aguda",7,1,2025-05-12,316000,"No",-0.416168003194362,250,"Menor de edad"
"PAC-29769",87,"maipú","Apendicitis Aguda",12,10,2025-06-25,398000,"Si",-0.0732921748682778,251,"Adulto mayor"
"PAC-93579",60,"puente alto","Diabetes Mellitus Tipo 2",11,2,2025-08-17,441000,"No",0.106508564375888,252,"Adulto"
"PAC-96752",31,"la florida","Hipertensión Arterial",7,5,NA,147000,"Si",-1.12282672254934,253,"Adulto"
"PAC-42406",7,"la florida","Apendicitis Aguda",6,0,2025-04-09,471000,"No",0.231950940592749,254,"Menor de edad"
"PAC-47353",55,"concepción","Gastritis Crónica",9,3,2026-06-09,440000,"No",0.102327151835326,255,"Adulto"
"PAC-70889",25,"antofagasta","Apendicitis Aguda",NA,2,NA,593000,"No",0.742083270541313,256,"Adulto"
"PAC-42493",42,"la florida","Hipertensión Arterial",14,NA,2026-01-30,184000,NA,-0.968114458548547,257,"Adulto"
"PAC-40021",39,"valparaíso","Gastritis Crónica",1,NA,2024-11-27,272000,NA,-0.600150154979091,258,"Adulto"
"PAC-19287",68,"puente alto","Diabetes Mellitus Tipo 2",14,0,2025-07-08,596000,"No",0.754627508163,259,"Adulto mayor"
"PAC-17685",NA,"antofagasta","Apendicitis Aguda",NA,3,2025-07-15,322000,"No",-0.39107952795099,260,NA
"PAC-95181",86,NA,"Hipertensión Arterial",5,0,2024-12-04,NA,"No",NA,261,"Adulto mayor"
"PAC-66179",69,"antofagasta","Diabetes Mellitus Tipo 2",1,14,2026-09-12,NA,"Si",NA,262,"Adulto mayor"
"PAC-28373",58,NA,"Gastritis Crónica",15,NA,2025-11-10,259000,NA,-0.654508518006397,263,"Adulto"
"PAC-57819",42,"las condes","Apendicitis Aguda",6,NA,2026-09-15,189000,NA,-0.947207395845737,264,"Adulto"
"PAC-40007",24,"antofagasta","Infección Respiratoria Aguda",5,NA,2024-12-24,560000,NA,0.604096656702767,265,"Adulto"
"PAC-85880",48,"puente alto","Diabetes Mellitus Tipo 2",3,3,2025-10-09,693000,"No",1.16022452459751,266,"Adulto"
"PAC-42953",30,"las condes","Neumonía",8,10,2026-09-15,723000,"Si",1.28566690081437,267,"Adulto"
"PAC-25713",27,"antofagasta","Diabetes Mellitus Tipo 2",NA,NA,2026-07-29,183000,NA,-0.972295871089109,268,"Adulto"
"PAC-28131",NA,"providencia","Diabetes Mellitus Tipo 2",1,NA,2026-05-21,459000,NA,0.181773990106005,269,NA
"PAC-14067",18,"valparaíso","Diabetes Mellitus Tipo 2",11,2,2026-05-31,21000,"No",-1.64968470266015,270,"Adulto"
"PAC-37607",20,"la florida","Neumonía",2,10,2025-12-15,289000,"Si",-0.529066141789536,271,"Adulto"
"PAC-95990",39,"la florida","Apendicitis Aguda",6,14,2026-08-29,185000,"Si",-0.963933046007985,272,"Adulto"
"PAC-38043",62,"providencia","Gastritis Crónica",5,0,2025-08-31,707000,"No",1.21876430016538,273,"Adulto"
"PAC-84593",54,"viña del mar","Diabetes Mellitus Tipo 2",1,1,2026-03-08,645000,"No",0.959516722650538,274,"Adulto"
"PAC-93579",39,"puente alto","Infección Respiratoria Aguda",8,14,2025-05-25,417000,"Si",0.0061546634024003,275,"Adulto"
"PAC-73517",40,"maipú","Infección Respiratoria Aguda",14,NA,NA,275000,NA,-0.587605917357405,276,"Adulto"
"PAC-85849",12,"providencia","Apendicitis Aguda",7,0,2026-07-17,683000,"No",1.11841039919189,277,"Menor de edad"
"PAC-47388",38,"maipú","Artrosis",13,14,2026-09-07,21000,"Si",-1.64968470266015,278,"Adulto"
"PAC-29973",65,"santiago","Infección Respiratoria Aguda",10,0,2026-08-05,325000,"No",-0.378535290329304,279,"Adulto mayor"
"PAC-12671",NA,"valparaíso",NA,5,3,NA,721000,"No",1.27730407573325,280,NA
"PAC-95256",86,"santiago","Neumonía",3,14,2025-12-17,NA,"Si",NA,281,"Adulto mayor"
NA,45,"providencia","Diabetes Mellitus Tipo 2",8,5,2025-03-25,624000,"Si",0.871707059298736,282,"Adulto"
"PAC-65518",62,"maipú",NA,4,2,2026-02-24,346000,"No",-0.290725626977502,283,"Adulto"
"PAC-72277",54,"las condes","Infección Respiratoria Aguda",8,0,NA,695000,"No",1.16858734967864,284,"Adulto"
"PAC-38221",NA,"puente alto","Diabetes Mellitus Tipo 2",3,5,2025-02-03,276000,"Si",-0.583424504816843,285,NA
NA,55,"concepción","Artrosis",9,10,2025-12-31,NA,"Si",NA,286,"Adulto"
"PAC-15075",79,"antofagasta","Artrosis",10,1,2025-07-10,417000,"No",0.0061546634024003,287,"Adulto mayor"
"PAC-78522",76,"antofagasta","Gastritis Crónica",5,0,2025-07-05,709000,"No",1.22712712524651,288,"Adulto mayor"
"PAC-22156",15,"antofagasta","Diabetes Mellitus Tipo 2",5,3,2026-07-06,720000,"No",1.27312266319269,289,"Menor de edad"
"PAC-65255",73,"valparaíso","Gastritis Crónica",8,1,2024-12-24,88000,"No",-1.3695300624425,290,"Adulto mayor"
"PAC-34957",NA,"providencia","Gastritis Crónica",9,0,2025-09-11,174000,"No",-1.00992858395417,291,NA
"PAC-94607",73,"maipú","Infección Respiratoria Aguda",2,14,2025-02-05,205000,"Si",-0.880304795196745,292,"Adulto mayor"
"PAC-19287",NA,"puente alto","Artrosis",7,0,2024-11-06,700000,"No",1.18949441238145,293,NA
"PAC-83519",NA,"puente alto","Hipertensión Arterial",5,0,2026-05-20,430000,"No",0.0605130264297064,294,NA
"PAC-19016",47,"las condes","Hipertensión Arterial",12,1,2024-11-17,NA,"No",NA,295,"Adulto"
"PAC-29313",NA,"providencia","Gastritis Crónica",10,0,2025-03-04,453000,"No",0.156685514862633,296,NA
"PAC-16826",91,"maipú","Artrosis",5,3,2025-03-10,NA,"No",NA,297,"Adulto mayor"
"PAC-31178",16,"las condes","Infección Respiratoria Aguda",1,0,2026-02-02,370000,"No",-0.190371726004014,298,"Menor de edad"
"PAC-40161",55,"las condes","Apendicitis Aguda",NA,0,2026-04-09,431000,"No",0.0646944389702684,299,"Adulto"
"PAC-28373",81,"santiago","Hipertensión Arterial",5,5,2026-01-04,487000,"Si",0.298853541241741,300,"Adulto mayor"
"PAC-87236",30,"valparaíso","Gastritis Crónica",5,0,2025-12-23,493000,"No",0.323942016485113,301,"Adulto"
"PAC-76768",18,"maipú","Apendicitis Aguda",7,14,2025-12-06,29000,"Si",-1.61623340233566,302,"Adulto"
"PAC-88193",72,"la florida","Gastritis Crónica",14,0,2025-03-28,475000,"No",0.248676590754997,303,"Adulto mayor"
"PAC-13201",94,"valparaíso","Artrosis",1,0,2026-01-18,725000,"No",1.2940297258955,304,"Adulto mayor"
"PAC-22833",33,"antofagasta","Gastritis Crónica",6,NA,2026-02-18,NA,NA,NA,305,"Adulto"
"PAC-82420",22,"maipú","Apendicitis Aguda",NA,1,2026-05-22,156000,"No",-1.08519400968428,306,"Adulto"
"PAC-34914",65,"maipú","Diabetes Mellitus Tipo 2",NA,14,NA,717000,"Si",1.260578425571,307,"Adulto mayor"
"PAC-80008",3,"concepción","Neumonía",8,0,2025-12-16,152000,"No",-1.10191965984653,308,"Menor de edad"
"PAC-57576",54,"providencia","Diabetes Mellitus Tipo 2",14,NA,2025-03-06,649000,NA,0.976242372812786,309,"Adulto"
"PAC-97410",54,"maipú","Neumonía",12,0,NA,156000,"No",-1.08519400968428,310,"Adulto"
"PAC-80855",49,"concepción","Hipertensión Arterial",2,10,2026-02-04,181000,"Si",-0.980658696170233,311,"Adulto"
"PAC-83920",14,"providencia","Diabetes Mellitus Tipo 2",1,2,2025-11-28,251000,"No",-0.687959818330893,312,"Menor de edad"
"PAC-29410",NA,"las condes","Neumonía",6,0,2026-03-22,NA,"No",NA,313,NA
"PAC-68082",25,"concepción","Diabetes Mellitus Tipo 2",5,3,NA,554000,"No",0.579008181459395,314,"Adulto"
"PAC-58434",39,"santiago","Artrosis",8,5,2025-09-21,375000,"Si",-0.169464663301204,315,"Adulto"
"PAC-42953",76,"maipú","Neumonía",14,3,2026-07-20,757000,"No",1.42783492719348,316,"Adulto mayor"
"PAC-94696",63,"viña del mar","Neumonía",3,5,2025-07-19,784000,"Si",1.54073306578866,317,"Adulto"
"PAC-43386",27,"las condes","Diabetes Mellitus Tipo 2",12,2,NA,433000,"No",0.0730572640513924,318,"Adulto"
"PAC-31299",95,"viña del mar","Diabetes Mellitus Tipo 2",8,14,2025-09-18,NA,"Si",NA,319,"Adulto mayor"
"PAC-86099",4,"maipú","Artrosis",10,2,2024-11-28,499000,"No",0.349030491728485,320,"Menor de edad"
"PAC-97806",18,"antofagasta","Apendicitis Aguda",6,1,2025-09-26,NA,"No",NA,321,"Adulto"
"PAC-60328",95,"concepción","Neumonía",13,NA,2025-11-03,452000,NA,0.152504102322071,322,"Adulto mayor"
"PAC-76162",43,"maipú","Apendicitis Aguda",4,NA,2024-12-12,229000,NA,-0.779950894223257,323,"Adulto"
"PAC-95426",NA,"maipú","Artrosis",3,0,2024-10-21,NA,"No",NA,324,NA
"PAC-73372",20,"maipú","Apendicitis Aguda",9,0,2025-05-04,530000,"No",0.478654280485907,325,"Adulto"
NA,63,NA,"Gastritis Crónica",1,0,NA,22000,"No",-1.64550329011959,326,"Adulto"
"PAC-16630",89,"providencia","Diabetes Mellitus Tipo 2",7,0,NA,491000,"No",0.315579191403989,327,"Adulto mayor"
"PAC-42018",22,"puente alto","Apendicitis Aguda",4,NA,NA,NA,NA,NA,328,"Adulto"
"PAC-70910",22,"maipú","Infección Respiratoria Aguda",9,14,2026-01-02,124000,"Si",-1.21899921098227,329,"Adulto"
NA,NA,"las condes","Diabetes Mellitus Tipo 2",5,0,2026-06-29,620000,"No",0.854981409136488,330,NA
"PAC-61049",72,"valparaíso","Apendicitis Aguda",7,3,2025-09-14,703000,"No",1.20203865000313,331,"Adulto mayor"
"PAC-30861",14,"providencia","Diabetes Mellitus Tipo 2",1,0,2025-04-30,NA,"No",NA,332,"Menor de edad"
"PAC-61116",NA,"antofagasta","Neumonía",9,14,NA,569000,"Si",0.641729369567825,333,NA
"PAC-76162",1,"viña del mar","Apendicitis Aguda",5,0,2025-06-08,18000,"No",-1.66222894028184,334,"Menor de edad"
"PAC-55830",80,"providencia",NA,NA,14,2025-10-12,409000,"Si",-0.0272966369220958,335,"Adulto mayor"
"PAC-40311",32,NA,"Infección Respiratoria Aguda",1,1,2025-08-21,96000,"No",-1.336078762118,336,"Adulto"
"PAC-60140",66,"santiago","Apendicitis Aguda",4,5,2026-05-14,699000,"Si",1.18531299984089,337,"Adulto mayor"
"PAC-68878",82,"maipú",NA,12,0,2024-12-06,118000,"No",-1.24408768622564,338,"Adulto mayor"
"PAC-25118",39,"providencia","Infección Respiratoria Aguda",13,NA,2025-09-12,NA,NA,NA,339,"Adulto"
"PAC-87236",NA,"santiago","Diabetes Mellitus Tipo 2",NA,1,2025-06-06,236000,"No",-0.750681006439323,340,NA
NA,39,"antofagasta","Gastritis Crónica",11,0,2025-01-11,257000,"No",-0.662871343087521,341,"Adulto"
"PAC-36062",NA,"puente alto","Gastritis Crónica",1,3,2026-02-13,528000,"No",0.470291455404783,342,NA
NA,1,"maipú","Apendicitis Aguda",11,10,2026-04-30,646000,"Si",0.9636981351911,343,"Menor de edad"
"PAC-53309",15,"concepción","Diabetes Mellitus Tipo 2",7,3,2025-06-05,304000,"No",-0.466344953681106,344,"Menor de edad"
"PAC-10772",64,"valparaíso","Hipertensión Arterial",6,2,NA,673000,"No",1.07659627378627,345,"Adulto"
"PAC-59689",24,"las condes","Gastritis Crónica",3,3,2026-06-15,294000,"No",-0.508159079086727,346,"Adulto"
"PAC-92719",NA,"providencia",NA,9,1,NA,524000,"No",0.453565805242535,347,NA
"PAC-93307",20,"viña del mar","Hipertensión Arterial",8,2,2026-09-12,764000,"No",1.45710481497742,348,"Adulto"
"PAC-28726",92,"puente alto","Artrosis",10,14,2024-10-15,493000,"Si",0.323942016485113,349,"Adulto mayor"
"PAC-57739",88,"maipú","Apendicitis Aguda",12,5,NA,NA,"Si",NA,350,"Adulto mayor"
"PAC-90676",50,"puente alto","Diabetes Mellitus Tipo 2",10,1,2026-01-22,411000,"No",-0.0189338118409717,351,"Adulto"
"PAC-92719",92,"maipú","Infección Respiratoria Aguda",2,NA,2025-07-31,89000,NA,-1.36534864990194,352,"Adulto mayor"
"PAC-89415",20,"la florida","Artrosis",1,NA,NA,119000,NA,-1.23990627368508,353,"Adulto"
"PAC-55870",50,"valparaíso",NA,15,1,2025-04-07,NA,"No",NA,354,"Adulto"
"PAC-20328",NA,"antofagasta","Apendicitis Aguda",7,0,NA,471000,"No",0.231950940592749,355,NA
"PAC-37653",77,"maipú","Infección Respiratoria Aguda",15,5,2025-02-25,699000,"Si",1.18531299984089,356,"Adulto mayor"
"PAC-76162",34,"viña del mar","Artrosis",13,10,2025-06-04,214000,"Si",-0.842672082331687,357,"Adulto"
"PAC-11934",29,"maipú","Apendicitis Aguda",NA,14,2025-02-22,445000,"Si",0.123234214538136,358,"Adulto"
"PAC-29973",55,"antofagasta","Hipertensión Arterial",6,NA,2025-11-29,643000,NA,0.951153897569414,359,"Adulto"
"PAC-38760",77,NA,"Apendicitis Aguda",5,10,2026-02-21,492000,"Si",0.319760603944551,360,"Adulto mayor"
"PAC-65724",41,"la florida",NA,15,NA,NA,431000,NA,0.0646944389702684,361,"Adulto"
"PAC-25014",57,"puente alto","Diabetes Mellitus Tipo 2",12,0,2026-07-28,NA,"No",NA,362,"Adulto"
"PAC-28289",9,"concepción","Diabetes Mellitus Tipo 2",4,3,NA,NA,"No",NA,363,"Menor de edad"
"PAC-17492",13,NA,"Hipertensión Arterial",9,1,2025-04-28,171000,"No",-1.02247282157585,364,"Menor de edad"
"PAC-69177",35,"providencia","Infección Respiratoria Aguda",10,0,2026-09-27,816000,"No",1.67453826708664,365,"Adulto"
"PAC-67154",NA,"viña del mar","Neumonía",9,0,2024-12-01,19000,"No",-1.65804752774128,366,NA
"PAC-54313",18,"puente alto","Artrosis",9,0,2026-02-25,616000,"No",0.83825575897424,367,"Adulto"
"PAC-18834",78,"santiago","Gastritis Crónica",14,0,2024-11-06,103000,"No",-1.30680887433407,368,"Adulto mayor"
"PAC-10772",55,"puente alto","Hipertensión Arterial",8,1,2026-02-27,124000,"No",-1.21899921098227,369,"Adulto"
"PAC-49651",NA,"maipú","Gastritis Crónica",12,10,NA,308000,"Si",-0.449619303518858,370,NA
"PAC-25012",1,NA,"Diabetes Mellitus Tipo 2",13,NA,NA,129000,NA,-1.19809214827946,371,"Menor de edad"
"PAC-84364",NA,"santiago","Diabetes Mellitus Tipo 2",1,5,2026-07-28,348000,"Si",-0.282362801896378,372,NA
"PAC-14067",60,"maipú","Apendicitis Aguda",14,14,2025-04-30,94000,"Si",-1.34444158719913,373,"Adulto"
"PAC-30032",30,"las condes","Infección Respiratoria Aguda",6,0,NA,37000,"No",-1.58278210201116,374,"Adulto"
"PAC-36071",17,"maipú","Hipertensión Arterial",NA,0,2025-10-28,184000,"No",-0.968114458548547,375,"Menor de edad"
"PAC-29342",NA,"santiago","Neumonía",2,2,2026-07-04,515000,"No",0.415933092377477,376,NA
"PAC-71213",11,"la florida","Neumonía",1,0,2025-11-28,143000,"No",-1.13955237271159,377,"Menor de edad"
"PAC-31319",28,"las condes","Hipertensión Arterial",2,1,2026-01-26,655000,"No",1.00133084805616,378,"Adulto"
"PAC-69470",63,"santiago",NA,5,0,2025-11-30,188000,"No",-0.951388808386299,379,"Adulto"
"PAC-10772",NA,"providencia",NA,NA,10,NA,683000,"Si",1.11841039919189,380,NA
"PAC-30730",16,"santiago","Neumonía",13,14,2025-05-01,147000,"Si",-1.12282672254934,381,"Menor de edad"
"PAC-66498",NA,"antofagasta","Infección Respiratoria Aguda",2,NA,NA,NA,NA,NA,382,NA
"PAC-31174",12,"santiago","Infección Respiratoria Aguda",12,14,2026-05-27,388000,"Si",-0.115106300273898,383,"Menor de edad"
"PAC-64496",54,"santiago","Gastritis Crónica",15,14,2026-09-04,NA,"Si",NA,384,"Adulto"
"PAC-20735",NA,"providencia","Artrosis",13,2,2025-07-24,324000,"No",-0.382716702869866,385,NA
"PAC-40495",8,NA,"Diabetes Mellitus Tipo 2",4,0,2025-07-04,538000,"No",0.512105580810403,386,"Menor de edad"
"PAC-40735",78,"puente alto","Infección Respiratoria Aguda",15,2,2025-01-10,127000,"No",-1.20645497336058,387,"Adulto mayor"
NA,56,NA,"Infección Respiratoria Aguda",7,2,NA,41000,"No",-1.56605645184891,388,"Adulto"
"PAC-37110",66,"maipú",NA,NA,0,NA,643000,"No",0.951153897569414,389,"Adulto mayor"
"PAC-86350",70,"santiago","Infección Respiratoria Aguda",4,0,2025-07-12,230000,"No",-0.775769481682695,390,"Adulto mayor"
"PAC-81810",32,"valparaíso","Hipertensión Arterial",7,0,2026-03-05,53000,"No",-1.51587950136217,391,"Adulto"
"PAC-47196",2,"concepción","Artrosis",11,10,2024-11-11,843000,"Si",1.78743640568182,392,"Menor de edad"
"PAC-79615",4,"providencia","Artrosis",NA,0,2024-10-12,517000,"No",0.424295917458601,393,"Menor de edad"
"PAC-76542",7,"providencia","Hipertensión Arterial",11,5,2026-08-01,670000,"Si",1.06405203616459,394,"Menor de edad"
"PAC-87656",18,"valparaíso","Artrosis",12,0,2025-09-10,724000,"No",1.28984831335494,395,"Adulto"
"PAC-25014",2,"viña del mar",NA,12,0,2026-05-10,177000,"No",-0.997384346332481,396,"Menor de edad"
"PAC-84085",8,"viña del mar","Infección Respiratoria Aguda",14,0,2025-02-22,322000,"No",-0.39107952795099,397,"Menor de edad"
"PAC-54942",32,"la florida","Infección Respiratoria Aguda",11,3,NA,361000,"No",-0.228004438869072,398,"Adulto"
"PAC-78146",17,"santiago","Diabetes Mellitus Tipo 2",5,3,2024-12-19,719000,"No",1.26894125065213,399,"Menor de edad"
"PAC-70142",NA,"valparaíso","Gastritis Crónica",12,5,2025-05-30,43000,"Si",-1.55769362676779,400,NA
"PAC-89818",32,"concepción","Infección Respiratoria Aguda",5,0,2025-10-19,779000,"No",1.51982600308585,401,"Adulto"
"PAC-88697",57,"antofagasta","Infección Respiratoria Aguda",9,0,2025-03-13,366000,"No",-0.207097376166262,402,"Adulto"
"PAC-94080",85,"viña del mar","Artrosis",9,3,2025-09-03,771000,"No",1.48637470276135,403,"Adulto mayor"
"PAC-53933",24,"las condes","Apendicitis Aguda",3,1,2025-06-07,46000,"No",-1.5451493891461,404,"Adulto"
"PAC-52504",52,"las condes","Diabetes Mellitus Tipo 2",4,5,2026-07-25,288000,"Si",-0.533247554330099,405,"Adulto"
"PAC-59692",72,"maipú","Hipertensión Arterial",15,0,2025-04-07,482000,"No",0.277946478538931,406,"Adulto mayor"
"PAC-23104",54,"las condes","Neumonía",4,3,NA,118000,"No",-1.24408768622564,407,"Adulto"
"PAC-69638",15,"antofagasta","Neumonía",10,10,2026-06-24,358000,"Si",-0.240548676490758,408,"Menor de edad"
"PAC-29536",38,NA,"Neumonía",6,14,NA,788000,"Si",1.5574587159509,409,"Adulto"
"PAC-82512",55,"la florida","Artrosis",5,10,2026-05-31,598000,"Si",0.762990333244123,410,"Adulto"
"PAC-81200",16,"providencia","Apendicitis Aguda",8,0,2025-04-05,144000,"No",-1.13537096017103,411,"Menor de edad"
NA,16,"la florida","Hipertensión Arterial",1,0,NA,736000,"No",1.34002526384168,412,"Menor de edad"
"PAC-13365",82,"viña del mar","Diabetes Mellitus Tipo 2",5,0,NA,207000,"No",-0.871941970115621,413,"Adulto mayor"
"PAC-83000",40,"las condes","Infección Respiratoria Aguda",7,0,2025-03-20,NA,"No",NA,414,"Adulto"
"PAC-15276",23,"santiago","Hipertensión Arterial",10,0,2025-12-18,437000,"No",0.0897829142136404,415,"Adulto"
"PAC-13365",60,"santiago","Diabetes Mellitus Tipo 2",1,1,2026-08-04,448000,"No",0.135778452159823,416,"Adulto"
"PAC-87607",51,"viña del mar","Diabetes Mellitus Tipo 2",1,0,2025-09-18,629000,"No",0.892614122001546,417,"Adulto"
"PAC-41571",11,"maipú","Neumonía",6,2,2026-02-12,454000,"No",0.160866927403195,418,"Menor de edad"
"PAC-64377",43,"la florida","Gastritis Crónica",6,2,2026-04-13,203000,"No",-0.888667620277869,419,"Adulto"
"PAC-62923",57,"puente alto","Diabetes Mellitus Tipo 2",13,10,2026-07-10,77000,"Si",-1.41552560038868,420,"Adulto"
"PAC-44522",41,"santiago",NA,1,NA,NA,494000,NA,0.328123429025675,421,"Adulto"
"PAC-91167",12,"las condes","Neumonía",6,14,2026-01-09,427000,"Si",0.0479687888080204,422,"Menor de edad"
"PAC-83385",63,"viña del mar",NA,5,3,2026-09-18,528000,"No",0.470291455404783,423,"Adulto"
"PAC-15276",NA,"valparaíso","Hipertensión Arterial",7,3,2024-11-08,NA,"No",NA,424,NA
"PAC-89415",30,"viña del mar","Hipertensión Arterial",6,3,2026-07-31,621000,"No",0.85916282167705,425,"Adulto"
"PAC-63883",NA,"santiago","Artrosis",2,10,2026-09-23,607000,"Si",0.800623046109182,426,NA
"PAC-87580",0,"santiago","Neumonía",14,0,2025-07-30,838000,"No",1.766529342979,427,"Menor de edad"
"PAC-29313",44,"la florida","Diabetes Mellitus Tipo 2",15,0,2025-12-09,807000,"No",1.63690555422158,428,"Adulto"
"PAC-91070",64,"la florida","Apendicitis Aguda",15,3,2025-09-28,172000,"No",-1.01829140903529,429,"Adulto"
"PAC-19602",93,"providencia","Diabetes Mellitus Tipo 2",12,0,2025-10-09,760000,"No",1.44037916481517,430,"Adulto mayor"
"PAC-28301",60,"las condes","Diabetes Mellitus Tipo 2",10,5,2025-05-11,138000,"Si",-1.1604594354144,431,"Adulto"
"PAC-78327",10,"antofagasta","Infección Respiratoria Aguda",8,10,2025-09-06,NA,"Si",NA,432,"Menor de edad"
"PAC-26828",75,"concepción","Infección Respiratoria Aguda",15,0,NA,774000,"No",1.49891894038304,433,"Adulto mayor"
"PAC-10074",48,"concepción","Apendicitis Aguda",7,5,2024-12-01,486000,"Si",0.294672128701179,434,"Adulto"
"PAC-87580",80,"las condes","Hipertensión Arterial",15,3,NA,696000,"No",1.1727687622192,435,"Adulto mayor"
"PAC-40828",2,"la florida","Diabetes Mellitus Tipo 2",10,2,2025-05-14,NA,"No",NA,436,"Menor de edad"
"PAC-80284",49,"puente alto","Artrosis",4,NA,2024-12-31,841000,NA,1.77907358060069,437,"Adulto"
"PAC-43586",1,"las condes",NA,7,10,2026-05-14,825000,"Si",1.7121709799517,438,"Menor de edad"
"PAC-15229",81,"santiago","Apendicitis Aguda",12,0,2026-07-05,401000,"No",-0.0607479372465918,439,"Adulto mayor"
"PAC-54473",58,"puente alto","Hipertensión Arterial",NA,0,2026-03-10,708000,"No",1.22294571270594,440,"Adulto"
NA,70,"santiago","Gastritis Crónica",2,3,2024-11-04,180000,"No",-0.984840108710795,441,"Adulto mayor"
"PAC-98259",1,"la florida","Apendicitis Aguda",14,1,NA,207000,"No",-0.871941970115621,442,"Menor de edad"
"PAC-39389",53,"viña del mar","Diabetes Mellitus Tipo 2",12,NA,2026-06-15,476000,NA,0.252858003295559,443,"Adulto"
NA,78,"valparaíso","Artrosis",5,1,NA,NA,"No",NA,444,"Adulto mayor"
"PAC-65724",NA,"providencia","Hipertensión Arterial",2,10,NA,802000,"Si",1.61599849151877,445,NA
"PAC-78386",73,"las condes","Hipertensión Arterial",14,2,NA,NA,"No",NA,446,"Adulto mayor"
"PAC-59192",76,NA,"Neumonía",1,2,2026-01-14,629000,"No",0.892614122001546,447,"Adulto mayor"
"PAC-61856",58,"maipú","Hipertensión Arterial",6,5,2025-09-24,604000,"Si",0.788078808487496,448,"Adulto"
"PAC-22224",35,"puente alto","Diabetes Mellitus Tipo 2",4,5,2026-01-03,753000,"Si",1.41110927703123,449,"Adulto"
"PAC-22676",92,"concepción","Diabetes Mellitus Tipo 2",5,NA,2025-10-22,180000,NA,-0.984840108710795,450,"Adulto mayor"
"PAC-30635",35,"valparaíso","Infección Respiratoria Aguda",NA,0,NA,123000,"No",-1.22318062352283,451,"Adulto"
"PAC-31178",53,"puente alto","Hipertensión Arterial",5,10,2024-10-26,NA,"Si",NA,452,"Adulto"
"PAC-87580",48,"concepción","Infección Respiratoria Aguda",1,0,2025-05-26,675000,"No",1.0849590988674,453,"Adulto"
"PAC-33509",78,"las condes","Neumonía",13,0,2025-01-27,624000,"No",0.871707059298736,454,"Adulto mayor"
"PAC-96163",92,"las condes","Diabetes Mellitus Tipo 2",8,NA,2025-10-29,NA,NA,NA,455,"Adulto mayor"
"PAC-69638",3,"la florida","Hipertensión Arterial",12,14,2026-03-04,522000,"Si",0.445202980161411,456,"Menor de edad"
"PAC-51467",71,"las condes","Diabetes Mellitus Tipo 2",1,0,2024-11-24,NA,"No",NA,457,"Adulto mayor"
"PAC-72216",NA,"providencia","Apendicitis Aguda",13,1,NA,707000,"No",1.21876430016538,458,NA
"PAC-36158",46,"santiago","Diabetes Mellitus Tipo 2",NA,1,2025-01-20,207000,"No",-0.871941970115621,459,"Adulto"
"PAC-56898",58,"concepción","Gastritis Crónica",3,0,2025-11-19,257000,"No",-0.662871343087521,460,"Adulto"
"PAC-11504",87,"santiago","Artrosis",10,5,NA,632000,"Si",0.905158359623232,461,"Adulto mayor"
"PAC-80545",86,NA,"Neumonía",12,1,2025-10-13,150000,"No",-1.11028248492766,462,"Adulto mayor"
"PAC-12552",33,"la florida","Diabetes Mellitus Tipo 2",1,2,2025-01-06,NA,"No",NA,463,"Adulto"
"PAC-72493",52,NA,"Infección Respiratoria Aguda",2,14,2026-06-10,386000,"Si",-0.123469125355022,464,"Adulto"
"PAC-81200",43,"viña del mar","Neumonía",9,0,2025-06-07,33000,"No",-1.59950775217341,465,"Adulto"
"PAC-54020",31,"antofagasta","Artrosis",5,5,2026-06-27,107000,"Si",-1.29008322417182,466,"Adulto"
"PAC-95215",20,"providencia","Artrosis",5,0,2025-11-17,601000,"No",0.775534570865809,467,"Adulto"
"PAC-28301",26,"antofagasta","Hipertensión Arterial",14,10,2026-03-10,551000,"Si",0.566463943837709,468,"Adulto"
NA,50,"valparaíso","Diabetes Mellitus Tipo 2",14,3,NA,729000,"No",1.31075537605775,469,"Adulto"
"PAC-45382",57,"concepción","Hipertensión Arterial",NA,3,2026-04-16,NA,"No",NA,470,"Adulto"
"PAC-23473",57,"la florida","Gastritis Crónica",9,3,2025-01-20,286000,"No",-0.541610379411223,471,"Adulto"
"PAC-35112",19,"concepción","Diabetes Mellitus Tipo 2",4,1,2024-12-06,57000,"No",-1.49915385119992,472,"Adulto"
"PAC-83060",49,"maipú","Neumonía",3,3,2025-11-29,796000,"No",1.5909100162754,473,"Adulto"
"PAC-14165",53,"santiago","Neumonía",8,2,2026-09-26,196000,"No",-0.917937508061803,474,"Adulto"
"PAC-61876",72,"santiago","Diabetes Mellitus Tipo 2",6,10,2024-11-21,676000,"Si",1.08914051140796,475,"Adulto mayor"
"PAC-38893",5,"concepción","Hipertensión Arterial",6,1,NA,NA,"No",NA,476,"Menor de edad"
"PAC-33416",78,"concepción","Apendicitis Aguda",12,0,2025-03-20,NA,"No",NA,477,"Adulto mayor"
"PAC-58393",16,"la florida","Infección Respiratoria Aguda",5,10,2024-10-17,361000,"Si",-0.228004438869072,478,"Menor de edad"
"PAC-24621",52,"santiago","Apendicitis Aguda",13,0,2026-08-06,459000,"No",0.181773990106005,479,"Adulto"
"PAC-25157",4,"maipú","Infección Respiratoria Aguda",12,0,2024-10-21,735000,"No",1.33584385130112,480,"Menor de edad"
"PAC-89516",16,"la florida","Hipertensión Arterial",8,0,2026-07-25,820000,"No",1.69126391724889,481,"Menor de edad"
"PAC-53719",56,"providencia","Gastritis Crónica",8,1,2026-01-11,203000,"No",-0.888667620277869,482,"Adulto"
"PAC-63264",19,"las condes","Diabetes Mellitus Tipo 2",12,14,2024-12-13,739000,"Si",1.35256950146337,483,"Adulto"
"PAC-80292",79,"antofagasta","Neumonía",15,0,2025-06-24,426000,"No",0.0437873762674584,484,"Adulto mayor"
"PAC-91183",65,"la florida","Hipertensión Arterial",5,0,NA,478000,"No",0.261220828376683,485,"Adulto mayor"
"PAC-71694",60,"concepción","Hipertensión Arterial",7,5,2026-01-24,NA,"Si",NA,486,"Adulto"
"PAC-66333",67,"concepción","Gastritis Crónica",6,10,2025-04-06,344000,"Si",-0.299088452058626,487,"Adulto mayor"
"PAC-13101",43,"puente alto","Neumonía",10,14,2024-12-12,NA,"Si",NA,488,"Adulto"
"PAC-42087",65,"las condes","Gastritis Crónica",13,0,2025-05-29,259000,"No",-0.654508518006397,489,"Adulto mayor"
"PAC-60205",75,NA,"Neumonía",4,10,2025-06-27,413000,"Si",-0.0105709867598477,490,"Adulto mayor"
"PAC-97410",58,"providencia","Gastritis Crónica",3,NA,2026-05-05,525000,NA,0.457747217783097,491,"Adulto"
"PAC-42092",15,"viña del mar","Apendicitis Aguda",NA,3,NA,173000,"No",-1.01410999649473,492,"Menor de edad"
"PAC-22363",34,"las condes","Hipertensión Arterial",7,5,2026-08-15,178000,"Si",-0.993202933791919,493,"Adulto"
"PAC-19508",51,"santiago",NA,4,0,NA,502000,"No",0.361574729350171,494,"Adulto"
"PAC-42662",80,"maipú","Neumonía",5,3,2026-03-04,499000,"No",0.349030491728485,495,"Adulto mayor"
"PAC-30257",28,"puente alto","Apendicitis Aguda",NA,0,2025-04-20,444000,"No",0.119052801997574,496,"Adulto"
"PAC-44099",2,"puente alto","Artrosis",3,14,2025-05-05,386000,"Si",-0.123469125355022,497,"Menor de edad"
"PAC-66959",48,"antofagasta","Hipertensión Arterial",8,0,2026-01-05,433000,"No",0.0730572640513924,498,"Adulto"
"PAC-49139",67,"santiago","Infección Respiratoria Aguda",NA,0,NA,66000,"No",-1.46152113833486,499,"Adulto mayor"
"PAC-79822",NA,"la florida","Neumonía",6,0,2025-06-05,543000,"No",0.533012643513213,500,NA
"PAC-63883",26,"concepción","Artrosis",15,5,2025-01-05,NA,"Si",NA,501,"Adulto"
"PAC-18418",73,"providencia","Hipertensión Arterial",2,0,2026-04-23,57000,"No",-1.49915385119992,502,"Adulto mayor"
"PAC-65057",1,"providencia","Diabetes Mellitus Tipo 2",10,1,2026-05-11,343000,"No",-0.303269864599188,503,"Menor de edad"
"PAC-59857",53,"santiago","Artrosis",10,3,2026-07-31,505000,"No",0.374118966971857,504,"Adulto"
"PAC-17989",66,"las condes","Diabetes Mellitus Tipo 2",10,5,2025-09-14,490000,"Si",0.311397778863427,505,"Adulto mayor"
"PAC-13248",45,"antofagasta","Hipertensión Arterial",3,0,2024-10-04,106000,"No",-1.29426463671238,506,"Adulto"
"PAC-41285",12,"puente alto","Diabetes Mellitus Tipo 2",11,14,2025-04-28,599000,"Si",0.767171745784685,507,"Menor de edad"
"PAC-79616",27,"maipú","Gastritis Crónica",15,0,2025-03-13,NA,"No",NA,508,"Adulto"
"PAC-65519",NA,"viña del mar","Infección Respiratoria Aguda",3,0,NA,417000,"No",0.0061546634024003,509,NA
"PAC-56025",26,"las condes","Neumonía",14,5,2026-04-09,580000,"Si",0.687724907514007,510,"Adulto"
"PAC-36685",75,"providencia","Gastritis Crónica",14,2,2026-05-16,703000,"No",1.20203865000313,511,"Adulto mayor"
"PAC-34050",8,"las condes","Gastritis Crónica",11,3,2025-03-06,495000,"No",0.332304841566237,512,"Menor de edad"
"PAC-39871",65,"viña del mar","Apendicitis Aguda",13,1,2025-12-28,828000,"No",1.72471521757338,513,"Adulto mayor"
"PAC-41850",87,"la florida","Artrosis",12,0,2025-09-17,60000,"No",-1.48660961357824,514,"Adulto mayor"
"PAC-31992",71,"viña del mar","Artrosis",11,NA,2026-04-18,178000,NA,-0.993202933791919,515,"Adulto mayor"
"PAC-44718",37,"puente alto","Diabetes Mellitus Tipo 2",9,1,2026-05-09,644000,"No",0.955335310109976,516,"Adulto"
"PAC-97841",25,"maipú","Apendicitis Aguda",1,0,2025-05-30,357000,"No",-0.24473008903132,517,"Adulto"
"PAC-61990",25,"maipú","Infección Respiratoria Aguda",5,0,2025-08-26,295000,"No",-0.503977666546164,518,"Adulto"
"PAC-38080",91,"providencia","Diabetes Mellitus Tipo 2",8,10,2024-12-18,576000,"Si",0.670999257351759,519,"Adulto mayor"
"PAC-83000",15,"concepción","Gastritis Crónica",9,3,2026-01-01,665000,"No",1.04314497346178,520,"Menor de edad"
"PAC-28136",49,"santiago","Hipertensión Arterial",NA,0,2025-03-27,100000,"No",-1.31935311195576,521,"Adulto"
"PAC-21003",77,"providencia","Infección Respiratoria Aguda",15,0,2026-08-05,159000,"No",-1.0726497720626,522,"Adulto mayor"
"PAC-69087",7,"antofagasta","Neumonía",9,2,2026-01-10,197000,"No",-0.913756095521241,523,"Menor de edad"
"PAC-95256",87,"providencia","Infección Respiratoria Aguda",14,3,2025-07-20,489000,"No",0.307216366322865,524,"Adulto mayor"
"PAC-42914",18,"valparaíso","Diabetes Mellitus Tipo 2",13,14,2026-08-10,NA,"Si",NA,525,"Adulto"
"PAC-88172",3,"providencia","Infección Respiratoria Aguda",14,2,2025-10-06,294000,"No",-0.508159079086727,526,"Menor de edad"
"PAC-23577",51,"las condes","Infección Respiratoria Aguda",2,NA,NA,622000,NA,0.863344234217612,527,"Adulto"
"PAC-25118",4,NA,"Neumonía",10,3,2025-04-09,117000,"No",-1.2482690987662,528,"Menor de edad"
"PAC-66531",68,"providencia","Artrosis",2,0,2026-07-08,208000,"No",-0.867760557575059,529,"Adulto mayor"
"PAC-97782",83,NA,"Neumonía",13,1,NA,559000,"No",0.599915244162205,530,"Adulto mayor"
"PAC-98039",29,"viña del mar","Infección Respiratoria Aguda",6,1,2025-01-03,622000,"No",0.863344234217612,531,"Adulto"
"PAC-66959",32,"viña del mar","Neumonía",10,2,NA,591000,"No",0.733720445460189,532,"Adulto"
"PAC-33405",NA,"antofagasta","Hipertensión Arterial",11,3,NA,289000,"No",-0.529066141789536,533,NA
"PAC-77033",NA,"la florida","Artrosis",6,3,2025-11-20,57000,"No",-1.49915385119992,534,NA
"PAC-20155",65,"providencia","Diabetes Mellitus Tipo 2",10,0,2025-07-14,382000,"No",-0.14019477551727,535,"Adulto mayor"
"PAC-57819",NA,"las condes","Gastritis Crónica",11,0,2024-11-10,NA,"No",NA,536,NA
"PAC-96706",39,"viña del mar","Hipertensión Arterial",7,NA,2026-07-06,158000,NA,-1.07683118460316,537,"Adulto"
"PAC-18834",41,"maipú","Artrosis",15,0,2025-06-04,182000,"No",-0.976477283629671,538,"Adulto"
"PAC-11267",6,"maipú","Infección Respiratoria Aguda",8,14,2026-07-04,350000,"Si",-0.273999976815254,539,"Menor de edad"
"PAC-55082",79,"puente alto","Gastritis Crónica",9,14,2025-04-27,319000,"Si",-0.403623765572676,540,"Adulto mayor"
"PAC-84177",78,"la florida","Infección Respiratoria Aguda",8,0,2024-11-21,633000,"No",0.909339772163794,541,"Adulto mayor"
"PAC-18981",47,"maipú","Neumonía",NA,2,NA,284000,"No",-0.549973204492347,542,"Adulto"
"PAC-19016",82,"antofagasta","Neumonía",9,NA,NA,356000,NA,-0.248911501571882,543,"Adulto mayor"
"PAC-25014",NA,"las condes","Artrosis",11,0,2024-11-09,NA,"No",NA,544,NA
"PAC-84668",23,"la florida","Gastritis Crónica",7,3,NA,266000,"No",-0.625238630222463,545,"Adulto"
"PAC-15695",37,"santiago","Hipertensión Arterial",2,1,2025-08-19,778000,"No",1.51564459054528,546,"Adulto"
"PAC-54236",28,"concepción","Diabetes Mellitus Tipo 2",6,10,2025-03-15,587000,"Si",0.716994795297941,547,"Adulto"
"PAC-93130",66,"providencia","Hipertensión Arterial",14,10,2025-07-23,548000,"Si",0.553919706216023,548,"Adulto mayor"
"PAC-90301",6,"providencia","Hipertensión Arterial",9,1,2026-03-07,608000,"No",0.804804458649744,549,"Menor de edad"
"PAC-97500",15,NA,"Infección Respiratoria Aguda",3,1,2025-12-16,NA,"No",NA,550,"Menor de edad"
"PAC-65302",40,"providencia","Artrosis",9,10,2026-04-07,32000,"Si",-1.60368916471397,551,"Adulto"
"PAC-44099",11,"maipú","Infección Respiratoria Aguda",10,10,2026-03-13,419000,"Si",0.0145174884835243,552,"Menor de edad"
"PAC-51441",93,"santiago","Diabetes Mellitus Tipo 2",NA,NA,2025-09-10,750000,NA,1.39856503940955,553,"Adulto mayor"
"PAC-24621",18,"viña del mar","Neumonía",8,0,2025-08-25,300000,"No",-0.483070603843354,554,"Adulto"
"PAC-24592",55,"puente alto","Apendicitis Aguda",8,10,2026-04-29,106000,"Si",-1.29426463671238,555,"Adulto"
"PAC-19038",NA,"la florida","Apendicitis Aguda",1,0,NA,66000,"No",-1.46152113833486,556,NA
"PAC-89131",74,"las condes","Diabetes Mellitus Tipo 2",13,2,2025-07-25,477000,"No",0.257039415836121,557,"Adulto mayor"
"PAC-30033",29,"providencia","Hipertensión Arterial",5,2,2026-08-11,782000,"No",1.53237024070753,558,"Adulto"
"PAC-75612",68,"valparaíso","Gastritis Crónica",1,2,2026-03-30,583000,"No",0.700269145135693,559,"Adulto mayor"
"PAC-44970",3,"puente alto","Diabetes Mellitus Tipo 2",9,0,2025-05-05,634000,"No",0.913521184704356,560,"Menor de edad"
"PAC-11025",9,"puente alto","Gastritis Crónica",10,3,2026-02-09,93000,"No",-1.34862299973969,561,"Menor de edad"
"PAC-85470",57,"valparaíso","Infección Respiratoria Aguda",6,1,NA,NA,"No",NA,562,"Adulto"
NA,NA,"la florida","Infección Respiratoria Aguda",5,5,2025-07-13,751000,"Si",1.40274645195011,563,NA
"PAC-69087",NA,"viña del mar","Gastritis Crónica",12,14,2025-09-12,820000,"Si",1.69126391724889,564,NA
"PAC-40495",45,"providencia","Neumonía",14,14,2024-10-06,316000,"Si",-0.416168003194362,565,"Adulto"
"PAC-21003",89,"viña del mar","Infección Respiratoria Aguda",10,5,2025-07-13,50000,"Si",-1.52842373898386,566,"Adulto mayor"
NA,71,"viña del mar","Neumonía",7,0,2026-01-03,320000,"No",-0.399442353032114,567,"Adulto mayor"
"PAC-39219",84,NA,"Infección Respiratoria Aguda",7,0,2025-11-23,50000,"No",-1.52842373898386,568,"Adulto mayor"
"PAC-15695",NA,"puente alto","Diabetes Mellitus Tipo 2",4,2,2026-04-26,781000,"No",1.52818882816697,569,NA
"PAC-97747",47,"providencia","Gastritis Crónica",7,5,2026-04-29,380000,"Si",-0.148557600598394,570,"Adulto"
"PAC-92213",72,"providencia","Neumonía",6,0,2025-03-15,109000,"No",-1.2817203990907,571,"Adulto mayor"
"PAC-16057",89,"concepción","Apendicitis Aguda",1,1,2026-07-27,NA,"No",NA,572,"Adulto mayor"
"PAC-86503",6,"puente alto","Hipertensión Arterial",13,2,2026-07-27,716000,"No",1.25639701303044,573,"Menor de edad"
"PAC-85880",9,NA,"Diabetes Mellitus Tipo 2",5,1,2025-10-28,711000,"No",1.23548995032763,574,"Menor de edad"
"PAC-95649",13,"providencia","Gastritis Crónica",2,NA,NA,288000,NA,-0.533247554330099,575,"Menor de edad"
"PAC-59692",43,"valparaíso","Diabetes Mellitus Tipo 2",15,5,NA,149000,"Si",-1.11446389746822,576,"Adulto"
"PAC-78522",81,"maipú","Infección Respiratoria Aguda",5,14,2024-10-02,NA,"Si",NA,577,"Adulto mayor"
"PAC-62383",16,"viña del mar",NA,NA,14,2026-03-09,661000,"Si",1.02641932329953,578,"Menor de edad"
"PAC-91167",24,"concepción","Apendicitis Aguda",15,2,2024-11-01,837000,"No",1.76234793043844,579,"Adulto"
"PAC-97538",26,"maipú","Neumonía",12,0,2024-12-06,172000,"No",-1.01829140903529,580,"Adulto"
"PAC-27601",24,"antofagasta","Infección Respiratoria Aguda",13,0,NA,22000,"No",-1.64550329011959,581,"Adulto"
"PAC-37460",40,"santiago","Apendicitis Aguda",6,14,2024-10-18,51000,"Si",-1.52424232644329,582,"Adulto"
"PAC-98555",63,"valparaíso","Hipertensión Arterial",NA,NA,2025-06-29,NA,NA,NA,583,"Adulto"
"PAC-42087",93,"maipú","Diabetes Mellitus Tipo 2",10,5,2025-11-21,NA,"Si",NA,584,"Adulto mayor"
"PAC-65518",NA,"la florida","Diabetes Mellitus Tipo 2",9,1,2025-01-22,110000,"No",-1.27753898655014,585,NA
"PAC-96951",26,"providencia","Apendicitis Aguda",12,5,2025-03-21,NA,"Si",NA,586,"Adulto"
"PAC-63964",12,"valparaíso","Gastritis Crónica",NA,1,2026-03-01,NA,"No",NA,587,"Menor de edad"
"PAC-22899",52,"concepción","Apendicitis Aguda",15,0,NA,256000,"No",-0.667052755628083,588,"Adulto"
"PAC-59695",53,"puente alto","Diabetes Mellitus Tipo 2",6,1,2026-08-10,695000,"No",1.16858734967864,589,"Adulto"
"PAC-97416",79,"santiago","Hipertensión Arterial",4,2,2025-04-05,NA,"No",NA,590,"Adulto mayor"
"PAC-96163",13,"santiago","Diabetes Mellitus Tipo 2",15,0,NA,18000,"No",-1.66222894028184,591,"Menor de edad"
"PAC-84593",NA,"la florida","Hipertensión Arterial",5,0,2026-05-15,126000,"No",-1.21063638590114,592,NA
"PAC-68878",72,"santiago","Diabetes Mellitus Tipo 2",13,2,2026-02-11,697000,"No",1.17695017475976,593,"Adulto mayor"
"PAC-14207",69,"valparaíso","Apendicitis Aguda",1,0,2026-03-04,500000,"No",0.353211904269047,594,"Adulto mayor"
"PAC-74799",5,"maipú","Infección Respiratoria Aguda",13,0,2026-04-28,412000,"No",-0.0147523993004097,595,"Menor de edad"
"PAC-94874",21,"puente alto","Gastritis Crónica",3,2,2026-07-21,576000,"No",0.670999257351759,596,"Adulto"
"PAC-15209",46,"viña del mar","Infección Respiratoria Aguda",5,0,2025-06-08,168000,"No",-1.03501705919754,597,"Adulto"
NA,8,"la florida",NA,4,0,2025-08-06,665000,"No",1.04314497346178,598,"Menor de edad"
"PAC-96752",NA,"providencia","Hipertensión Arterial",7,0,2025-08-03,110000,"No",-1.27753898655014,599,NA
"PAC-39256",0,"providencia","Gastritis Crónica",12,5,2025-06-05,NA,"Si",NA,600,"Menor de edad"
"PAC-97900",25,"concepción","Infección Respiratoria Aguda",5,14,2026-04-09,507000,"Si",0.382481792052981,601,"Adulto"
"PAC-46421",93,"providencia","Infección Respiratoria Aguda",4,10,2025-10-13,571000,"Si",0.650092194648949,602,"Adulto mayor"
"PAC-46463",32,"la florida","Diabetes Mellitus Tipo 2",13,NA,2026-03-03,284000,NA,-0.549973204492347,603,"Adulto"
"PAC-65108",41,"valparaíso","Infección Respiratoria Aguda",8,3,2026-02-22,753000,"No",1.41110927703123,604,"Adulto"
"PAC-98777",62,"la florida","Gastritis Crónica",2,1,2026-08-11,578000,"No",0.679362082432883,605,"Adulto"
"PAC-26683",17,"la florida","Artrosis",15,2,2025-05-24,747000,"No",1.38602080178786,606,"Menor de edad"
"PAC-59615",58,NA,"Diabetes Mellitus Tipo 2",13,14,2025-03-18,219000,"Si",-0.821765019628877,607,"Adulto"
"PAC-93130",87,"providencia","Apendicitis Aguda",10,3,2026-03-30,160000,"No",-1.06846835952204,608,"Adulto mayor"
"PAC-40982",37,"santiago","Neumonía",4,3,2026-06-22,NA,"No",NA,609,"Adulto"
"PAC-83060",19,"concepción","Apendicitis Aguda",4,0,2026-02-15,113000,"No",-1.26499474892845,610,"Adulto"
"PAC-52906",40,"providencia","Hipertensión Arterial",12,5,2024-12-07,237000,"Si",-0.746499593898761,611,"Adulto"
"PAC-98039",44,"santiago","Infección Respiratoria Aguda",NA,3,2025-11-28,218000,"No",-0.825946432169439,612,"Adulto"
"PAC-13534",83,"maipú","Infección Respiratoria Aguda",7,2,2025-10-01,233000,"No",-0.763225244061009,613,"Adulto mayor"
"PAC-76768",14,"valparaíso","Apendicitis Aguda",12,2,2026-08-01,194000,"No",-0.926300333142927,614,"Menor de edad"
"PAC-28289",61,"la florida","Diabetes Mellitus Tipo 2",NA,NA,2025-12-19,NA,NA,NA,615,"Adulto"
"PAC-31798",58,"maipú","Diabetes Mellitus Tipo 2",11,0,NA,15000,"No",-1.67477317790353,616,"Adulto"
"PAC-47606",21,"providencia","Diabetes Mellitus Tipo 2",9,14,2026-04-02,NA,"Si",NA,617,"Adulto"
NA,70,"la florida","Infección Respiratoria Aguda",2,0,2025-04-29,599000,"No",0.767171745784685,618,"Adulto mayor"
"PAC-64040",8,NA,"Infección Respiratoria Aguda",11,0,NA,NA,"No",NA,619,"Menor de edad"
"PAC-34050",22,"providencia","Apendicitis Aguda",9,2,2025-08-31,289000,"No",-0.529066141789536,620,"Adulto"
"PAC-17455",44,"puente alto","Diabetes Mellitus Tipo 2",5,10,2025-11-30,360000,"Si",-0.232185851409634,621,"Adulto"
"PAC-92149",4,"providencia","Artrosis",15,0,2026-09-10,292000,"No",-0.51652190416785,622,"Menor de edad"
"PAC-86622",NA,"maipú","Hipertensión Arterial",10,0,2025-03-17,102000,"No",-1.31099028687463,623,NA
"PAC-10464",50,NA,"Hipertensión Arterial",10,1,2024-11-19,485000,"No",0.290490716160617,624,"Adulto"
NA,79,"valparaíso","Diabetes Mellitus Tipo 2",1,10,NA,530000,"Si",0.478654280485907,625,"Adulto mayor"
"PAC-28373",37,"puente alto","Neumonía",14,10,2025-09-03,419000,"Si",0.0145174884835243,626,"Adulto"
"PAC-88047",67,"santiago","Diabetes Mellitus Tipo 2",NA,0,2026-07-24,113000,"No",-1.26499474892845,627,"Adulto mayor"
"PAC-22097",40,"las condes","Diabetes Mellitus Tipo 2",6,0,2025-10-12,NA,"No",NA,628,"Adulto"
"PAC-62565",91,"santiago","Infección Respiratoria Aguda",9,14,2025-01-15,653000,"Si",0.992968022975034,629,"Adulto mayor"
"PAC-52840",60,"las condes","Gastritis Crónica",10,3,2025-08-08,77000,"No",-1.41552560038868,630,"Adulto"
"PAC-98781",78,"maipú","Diabetes Mellitus Tipo 2",1,3,2024-10-31,NA,"No",NA,631,"Adulto mayor"
"PAC-52237",86,"concepción","Apendicitis Aguda",1,10,NA,457000,"Si",0.173411165024881,632,"Adulto mayor"
"PAC-81200",47,"viña del mar","Gastritis Crónica",13,0,2025-02-22,171000,"No",-1.02247282157585,633,"Adulto"
"PAC-71953",NA,"providencia","Diabetes Mellitus Tipo 2",10,3,2025-01-25,447000,"No",0.131597039619261,634,NA
"PAC-87397",37,"maipú","Diabetes Mellitus Tipo 2",3,2,2024-12-25,130000,"No",-1.1939107357389,635,"Adulto"
"PAC-15695",65,"antofagasta","Artrosis",11,5,NA,317000,"Si",-0.4119865906538,636,"Adulto mayor"
"PAC-82692",65,"providencia","Artrosis",13,0,2025-01-23,220000,"No",-0.817583607088315,637,"Adulto mayor"
"PAC-53540",23,"viña del mar","Gastritis Crónica",8,3,2026-04-22,107000,"No",-1.29008322417182,638,"Adulto"
"PAC-15817",20,"providencia","Gastritis Crónica",7,5,NA,245000,"Si",-0.713048293574265,639,"Adulto"
"PAC-41979",53,"santiago","Apendicitis Aguda",1,5,2025-08-05,115000,"Si",-1.25663192384733,640,"Adulto"
"PAC-33509",NA,"puente alto","Hipertensión Arterial",NA,0,NA,283000,"No",-0.554154617032909,641,NA
"PAC-70889",34,"puente alto","Diabetes Mellitus Tipo 2",NA,0,2024-10-19,725000,"No",1.2940297258955,642,"Adulto"
"PAC-90301",89,"viña del mar","Diabetes Mellitus Tipo 2",2,14,2024-12-22,132000,"Si",-1.18554791065777,643,"Adulto mayor"
"PAC-41830",88,"santiago","Hipertensión Arterial",11,5,2025-02-11,131000,"Si",-1.18972932319833,644,"Adulto mayor"
"PAC-46471",75,"maipú","Artrosis",5,10,NA,733000,"Si",1.32748102621999,645,"Adulto mayor"
"PAC-54725",26,"las condes","Apendicitis Aguda",8,2,2026-02-06,568000,"No",0.637547957027263,646,"Adulto"
"PAC-46500",NA,"viña del mar","Diabetes Mellitus Tipo 2",5,0,2025-05-23,423000,"No",0.0312431386457723,647,NA
"PAC-42411",62,"valparaíso","Diabetes Mellitus Tipo 2",14,0,2025-05-28,246000,"No",-0.708866881033703,648,"Adulto"
"PAC-39219",45,"concepción","Gastritis Crónica",12,1,2026-04-07,327000,"No",-0.37017246524818,649,"Adulto"
"PAC-30289",48,"santiago","Infección Respiratoria Aguda",8,3,NA,820000,"No",1.69126391724889,650,"Adulto"
"PAC-46265",13,"valparaíso","Gastritis Crónica",3,0,NA,NA,"No",NA,651,"Menor de edad"
"PAC-38683",4,"maipú","Neumonía",12,0,NA,334000,"No",-0.340902577464246,652,"Menor de edad"
"PAC-69470",69,"viña del mar","Hipertensión Arterial",NA,10,2025-09-08,294000,"Si",-0.508159079086727,653,"Adulto mayor"
"PAC-71213",79,"viña del mar","Diabetes Mellitus Tipo 2",7,0,2025-12-31,93000,"No",-1.34862299973969,654,"Adulto mayor"
"PAC-35825",12,"maipú","Neumonía",14,5,2025-11-13,NA,"Si",NA,655,"Menor de edad"
"PAC-98259",79,"providencia","Diabetes Mellitus Tipo 2",3,14,2025-08-18,790000,"Si",1.56582154103203,656,"Adulto mayor"
"PAC-56105",NA,"providencia","Diabetes Mellitus Tipo 2",9,1,2026-05-03,778000,"No",1.51564459054528,657,NA
"PAC-40828",NA,"la florida","Diabetes Mellitus Tipo 2",15,0,2025-09-01,271000,"No",-0.604331567519653,658,NA
"PAC-44438",30,"puente alto","Diabetes Mellitus Tipo 2",1,0,2024-12-06,198000,"No",-0.909574682980679,659,"Adulto"
"PAC-37742",14,"maipú","Hipertensión Arterial",4,NA,2025-02-03,289000,NA,-0.529066141789536,660,"Menor de edad"
"PAC-22676",59,NA,"Hipertensión Arterial",15,3,2026-02-23,NA,"No",NA,661,"Adulto"
"PAC-77889",2,"santiago","Diabetes Mellitus Tipo 2",3,3,NA,754000,"No",1.4152906895718,662,"Menor de edad"
"PAC-14165",60,"las condes","Infección Respiratoria Aguda",10,0,NA,NA,"No",NA,663,"Adulto"
"PAC-67125",51,"viña del mar","Hipertensión Arterial",2,3,2025-04-09,251000,"No",-0.687959818330893,664,"Adulto"
"PAC-33405",85,"puente alto","Neumonía",9,0,2025-07-22,757000,"No",1.42783492719348,665,"Adulto mayor"
"PAC-42271",75,"santiago","Apendicitis Aguda",9,NA,NA,NA,NA,NA,666,"Adulto mayor"
"PAC-35825",0,"valparaíso","Infección Respiratoria Aguda",8,10,NA,265000,"Si",-0.629420042763025,667,"Menor de edad"
"PAC-99399",52,"concepción",NA,2,2,2025-04-07,397000,"No",-0.0774735874088398,668,"Adulto"
"PAC-42177",23,"puente alto","Apendicitis Aguda",14,5,2024-11-20,783000,"Si",1.53655165324809,669,"Adulto"
"PAC-69829",25,"santiago","Infección Respiratoria Aguda",14,3,2025-01-23,814000,"No",1.66617544200552,670,"Adulto"
"PAC-62743",NA,"maipú","Artrosis",11,NA,2025-10-26,716000,NA,1.25639701303044,671,NA
"PAC-24993",8,"viña del mar","Hipertensión Arterial",14,1,NA,313000,"No",-0.428712240816048,672,"Menor de edad"
"PAC-31798",14,"providencia","Diabetes Mellitus Tipo 2",6,3,2026-09-26,540000,"No",0.520468405891527,673,"Menor de edad"
"PAC-81066",53,"maipú","Infección Respiratoria Aguda",9,5,NA,542000,"Si",0.528831230972651,674,"Adulto"
"PAC-24663",NA,"maipú","Gastritis Crónica",14,5,2026-08-15,203000,"Si",-0.888667620277869,675,NA
"PAC-83259",7,"concepción",NA,4,14,2025-09-16,141000,"Si",-1.14791519779271,676,"Menor de edad"
"PAC-90120",35,"la florida",NA,10,3,2026-04-03,50000,"No",-1.52842373898386,677,"Adulto"
"PAC-40784",53,"antofagasta","Hipertensión Arterial",8,3,NA,848000,"No",1.80834346838463,678,"Adulto"
"PAC-79329",62,"antofagasta","Artrosis",9,0,2024-11-23,NA,"No",NA,679,"Adulto"
"PAC-30374",76,"la florida","Diabetes Mellitus Tipo 2",5,10,2025-09-05,345000,"Si",-0.294907039518064,680,"Adulto mayor"
"PAC-46517",43,"maipú","Diabetes Mellitus Tipo 2",14,1,2025-09-19,537000,"No",0.507924168269841,681,"Adulto"
"PAC-30926",73,"maipú","Hipertensión Arterial",8,NA,2026-08-03,427000,NA,0.0479687888080204,682,"Adulto mayor"
"PAC-88104",46,"concepción","Hipertensión Arterial",2,10,2024-10-08,469000,"Si",0.223588115511625,683,"Adulto"
"PAC-91678",43,"concepción","Neumonía",NA,0,2025-03-29,400000,"No",-0.0649293497871538,684,"Adulto"
"PAC-75909",16,"maipú","Diabetes Mellitus Tipo 2",12,2,2025-10-14,200000,"No",-0.901211857899555,685,"Menor de edad"
"PAC-69429",79,"providencia","Diabetes Mellitus Tipo 2",2,1,2026-02-11,629000,"No",0.892614122001546,686,"Adulto mayor"
"PAC-42527",51,"santiago","Diabetes Mellitus Tipo 2",13,3,2025-10-31,107000,"No",-1.29008322417182,687,"Adulto"
"PAC-69087",62,"antofagasta","Hipertensión Arterial",13,14,NA,572000,"Si",0.654273607189511,688,"Adulto"
"PAC-39219",51,"santiago","Neumonía",6,5,2025-09-23,NA,"Si",NA,689,"Adulto"
"PAC-30028",NA,"maipú","Apendicitis Aguda",12,14,2025-07-10,682000,"Si",1.11422898665133,690,NA
"PAC-34356",14,"valparaíso","Gastritis Crónica",6,0,2026-05-20,634000,"No",0.913521184704356,691,"Menor de edad"
"PAC-18418",68,"santiago","Gastritis Crónica",8,14,NA,252000,"Si",-0.683778405790331,692,"Adulto mayor"
"PAC-21114",33,"viña del mar",NA,5,10,NA,119000,"Si",-1.23990627368508,693,"Adulto"
"PAC-64377",33,"la florida","Infección Respiratoria Aguda",12,0,2026-01-01,NA,"No",NA,694,"Adulto"
"PAC-94874",84,"providencia","Artrosis",7,14,2025-02-24,23000,"Si",-1.64132187757903,695,"Adulto mayor"
"PAC-72296",16,"las condes","Apendicitis Aguda",NA,0,NA,107000,"No",-1.29008322417182,696,"Menor de edad"
"PAC-24592",5,"viña del mar","Apendicitis Aguda",4,0,2026-08-24,NA,"No",NA,697,"Menor de edad"
"PAC-42092",64,"viña del mar","Gastritis Crónica",5,1,2026-06-13,532000,"No",0.487017105567031,698,"Adulto"
"PAC-11267",60,"puente alto","Gastritis Crónica",3,5,2024-10-09,806000,"Si",1.63272414168102,699,"Adulto"
"PAC-48890",45,"providencia","Hipertensión Arterial",2,0,2026-07-17,585000,"No",0.708631970216817,700,"Adulto"
"PAC-98777",34,"santiago","Diabetes Mellitus Tipo 2",15,10,NA,132000,"Si",-1.18554791065777,701,"Adulto"
"PAC-98039",NA,"puente alto","Neumonía",14,NA,2025-11-19,72000,NA,-1.43643266309149,702,NA
"PAC-99166",21,"concepción","Artrosis",1,2,2025-12-20,NA,"No",NA,703,"Adulto"
NA,64,"santiago","Hipertensión Arterial",11,5,2025-08-24,45000,"Si",-1.54933080168667,704,"Adulto"
"PAC-68800",15,"viña del mar","Diabetes Mellitus Tipo 2",12,2,2026-09-04,491000,"No",0.315579191403989,705,"Menor de edad"
"PAC-64321",53,"santiago","Artrosis",NA,0,NA,757000,"No",1.42783492719348,706,"Adulto"
"PAC-17100",NA,"la florida","Artrosis",6,0,2026-01-05,181000,"No",-0.980658696170233,707,NA
"PAC-42406",NA,"antofagasta","Infección Respiratoria Aguda",4,2,2024-11-17,91000,"No",-1.35698582482081,708,NA
"PAC-58351",70,"santiago","Apendicitis Aguda",1,3,2024-12-08,840000,"No",1.77489216806013,709,"Adulto mayor"
"PAC-75435",33,"puente alto","Artrosis",11,0,2025-03-18,321000,"No",-0.395260940491552,710,"Adulto"
"PAC-28289",86,"valparaíso","Artrosis",9,0,NA,622000,"No",0.863344234217612,711,"Adulto mayor"
"PAC-88504",75,"antofagasta",NA,NA,0,2026-09-16,427000,"No",0.0479687888080204,712,"Adulto mayor"
"PAC-45774",NA,"antofagasta",NA,2,3,NA,417000,"No",0.0061546634024003,713,NA
"PAC-38864",59,"valparaíso","Artrosis",8,NA,2025-05-02,441000,NA,0.106508564375888,714,"Adulto"
"PAC-54587",55,"las condes","Infección Respiratoria Aguda",4,1,2026-04-23,29000,"No",-1.61623340233566,715,"Adulto"
"PAC-80292",9,"la florida","Gastritis Crónica",NA,0,NA,596000,"No",0.754627508163,716,"Menor de edad"
"PAC-30052",79,"concepción","Artrosis",7,1,2025-08-07,589000,"No",0.725357620379065,717,"Adulto mayor"
"PAC-40311",55,"las condes","Diabetes Mellitus Tipo 2",10,0,2025-03-31,712000,"No",1.23967136286819,718,"Adulto"
"PAC-60140",20,"providencia","Gastritis Crónica",13,NA,2025-08-20,NA,NA,NA,719,"Adulto"
"PAC-48890",85,"providencia","Diabetes Mellitus Tipo 2",2,14,2025-08-30,440000,"Si",0.102327151835326,720,"Adulto mayor"
"PAC-99192",62,"providencia","Hipertensión Arterial",NA,14,2026-05-03,593000,"Si",0.742083270541313,721,"Adulto"
"PAC-37110",NA,"valparaíso","Artrosis",11,5,2025-10-08,807000,"Si",1.63690555422158,722,NA
"PAC-42325",NA,"maipú","Diabetes Mellitus Tipo 2",14,0,2025-09-14,515000,"No",0.415933092377477,723,NA
"PAC-13804",31,"valparaíso","Neumonía",3,0,2026-07-03,281000,"No",-0.562517442114033,724,"Adulto"
"PAC-87110",16,"concepción","Hipertensión Arterial",NA,0,2025-03-09,150000,"No",-1.11028248492766,725,"Menor de edad"
"PAC-21395",84,"concepción","Hipertensión Arterial",9,1,2024-12-22,383000,"No",-0.136013362976708,726,"Adulto mayor"
"PAC-76562",6,NA,"Artrosis",14,1,2026-04-10,678000,"No",1.09750333648908,727,"Menor de edad"
"PAC-85456",73,"santiago","Infección Respiratoria Aguda",15,NA,2025-02-09,739000,NA,1.35256950146337,728,"Adulto mayor"
"PAC-40735",36,"providencia","Gastritis Crónica",13,10,2024-12-09,362000,"Si",-0.22382302632851,729,"Adulto"
"PAC-64921",NA,"puente alto","Diabetes Mellitus Tipo 2",11,10,2026-05-22,561000,"Si",0.608278069243329,730,NA
"PAC-13804",5,"la florida","Gastritis Crónica",8,0,2025-07-21,530000,"No",0.478654280485907,731,"Menor de edad"
"PAC-31299",62,"puente alto","Artrosis",11,0,2025-04-12,804000,"No",1.6243613165999,732,"Adulto"
"PAC-23104",79,"santiago",NA,6,5,NA,313000,"Si",-0.428712240816048,733,"Adulto mayor"
"PAC-68446",26,"concepción","Diabetes Mellitus Tipo 2",12,3,2024-12-06,398000,"No",-0.0732921748682778,734,"Adulto"
"PAC-49321",73,"viña del mar",NA,9,14,NA,290000,"Si",-0.524884729248975,735,"Adulto mayor"
"PAC-74686",NA,"la florida","Diabetes Mellitus Tipo 2",7,5,2026-01-15,349000,"Si",-0.278181389355816,736,NA
"PAC-20328",87,"viña del mar","Infección Respiratoria Aguda",1,0,2026-02-24,472000,"No",0.236132353133311,737,"Adulto mayor"
"PAC-14722",64,"santiago","Gastritis Crónica",12,10,NA,68000,"Si",-1.45315831325374,738,"Adulto"
"PAC-48752",52,NA,"Neumonía",5,1,NA,743000,"No",1.36929515162561,739,"Adulto"
"PAC-65255",22,"santiago","Artrosis",6,0,2026-09-15,134000,"No",-1.17718508557665,740,"Adulto"
"PAC-87110",86,"santiago","Gastritis Crónica",9,0,2026-07-17,22000,"No",-1.64550329011959,741,"Adulto mayor"
"PAC-17592",86,"puente alto","Hipertensión Arterial",11,10,2026-07-18,692000,"Si",1.15604311205695,742,"Adulto mayor"
"PAC-44438",42,"las condes","Infección Respiratoria Aguda",11,NA,2026-04-12,521000,NA,0.441021567620849,743,"Adulto"
"PAC-55508",57,"providencia","Infección Respiratoria Aguda",6,5,2025-04-02,154000,"Si",-1.09355683476541,744,"Adulto"
"PAC-60019",52,"puente alto","Diabetes Mellitus Tipo 2",3,3,2026-06-14,707000,"No",1.21876430016538,745,"Adulto"
"PAC-82512",85,"valparaíso","Gastritis Crónica",13,0,2025-11-15,118000,"No",-1.24408768622564,746,"Adulto mayor"
"PAC-57052",59,"maipú","Apendicitis Aguda",2,0,2025-08-28,360000,"No",-0.232185851409634,747,"Adulto"
"PAC-73092",78,"la florida","Hipertensión Arterial",10,5,2025-11-29,710000,"Si",1.23130853778707,748,"Adulto mayor"
"PAC-73372",88,"la florida","Neumonía",1,5,2025-06-22,NA,"Si",NA,749,"Adulto mayor"
"PAC-46517",12,"la florida","Diabetes Mellitus Tipo 2",6,5,2025-08-27,370000,"Si",-0.190371726004014,750,"Menor de edad"
"PAC-87580",66,"antofagasta","Hipertensión Arterial",4,5,NA,642000,"Si",0.946972485028852,751,"Adulto mayor"
"PAC-53540",NA,"concepción","Infección Respiratoria Aguda",5,10,2025-03-27,250000,"Si",-0.692141230871455,752,NA
"PAC-42662",11,NA,"Gastritis Crónica",NA,2,2026-02-17,33000,"No",-1.59950775217341,753,"Menor de edad"
"PAC-46500",39,NA,"Apendicitis Aguda",15,14,2024-11-27,734000,"Si",1.33166243876056,754,"Adulto"
"PAC-40735",30,"concepción","Infección Respiratoria Aguda",2,10,NA,20000,"Si",-1.65386611520072,755,"Adulto"
"PAC-70952",56,"santiago","Diabetes Mellitus Tipo 2",2,1,2025-01-04,334000,"No",-0.340902577464246,756,"Adulto"
"PAC-40021",32,"santiago","Hipertensión Arterial",11,0,2026-03-31,295000,"No",-0.503977666546164,757,"Adulto"
"PAC-52237",37,"maipú","Gastritis Crónica",NA,14,2026-01-17,NA,"Si",NA,758,"Adulto"
"PAC-27361",71,"santiago","Hipertensión Arterial",10,0,2025-02-24,820000,"No",1.69126391724889,759,"Adulto mayor"
"PAC-46471",90,"puente alto","Artrosis",2,NA,2025-05-07,463000,NA,0.198499640268253,760,"Adulto mayor"
"PAC-41385",71,"santiago","Infección Respiratoria Aguda",8,5,2024-12-18,136000,"Si",-1.16882226049552,761,"Adulto mayor"
"PAC-30032",61,"concepción","Infección Respiratoria Aguda",8,0,2026-06-09,619000,"No",0.850799996595926,762,"Adulto"
"PAC-90301",NA,"santiago","Diabetes Mellitus Tipo 2",4,NA,2026-02-15,477000,NA,0.257039415836121,763,NA
"PAC-92213",16,"maipú",NA,10,0,2025-12-25,843000,"No",1.78743640568182,764,"Menor de edad"
"PAC-80468",78,"viña del mar","Infección Respiratoria Aguda",2,10,2026-06-09,377000,"Si",-0.16110183822008,765,"Adulto mayor"
"PAC-98039",32,"la florida","Gastritis Crónica",5,10,2025-08-24,539000,"Si",0.516286993350965,766,"Adulto"
"PAC-81121",77,NA,"Apendicitis Aguda",NA,14,NA,677000,"Si",1.09332192394852,767,"Adulto mayor"
"PAC-96673",18,"providencia","Hipertensión Arterial",14,3,2026-02-08,609000,"No",0.808985871190306,768,"Adulto"
"PAC-55870",64,"santiago","Infección Respiratoria Aguda",NA,2,2025-12-26,NA,"No",NA,769,"Adulto"
"PAC-10053",35,"antofagasta","Diabetes Mellitus Tipo 2",4,NA,2024-11-25,586000,NA,0.712813382757379,770,"Adulto"
"PAC-89415",38,"la florida","Gastritis Crónica",6,0,2025-02-11,297000,"No",-0.49561484146504,771,"Adulto"
"PAC-54725",61,"las condes","Apendicitis Aguda",NA,14,NA,NA,"Si",NA,772,"Adulto"
"PAC-42177",NA,"concepción","Diabetes Mellitus Tipo 2",13,0,2026-03-29,266000,"No",-0.625238630222463,773,NA
"PAC-72296",NA,"maipú","Diabetes Mellitus Tipo 2",7,14,2025-08-20,NA,"Si",NA,774,NA
"PAC-76307",31,"viña del mar","Apendicitis Aguda",NA,5,2025-08-12,656000,"Si",1.00551226059672,775,"Adulto"
"PAC-33206",55,"santiago","Artrosis",10,0,2024-11-14,691000,"No",1.15186169951639,776,"Adulto"
"PAC-55508",5,"maipú","Diabetes Mellitus Tipo 2",2,NA,2025-08-22,757000,NA,1.42783492719348,777,"Menor de edad"
"PAC-58434",87,"providencia","Neumonía",1,5,2025-09-15,323000,"Si",-0.386898115410428,778,"Adulto mayor"
"PAC-63964",34,"maipú","Infección Respiratoria Aguda",11,0,2025-04-14,772000,"No",1.49055611530191,779,"Adulto"
"PAC-20735",59,"puente alto","Hipertensión Arterial",7,3,2026-03-26,441000,"No",0.106508564375888,780,"Adulto"
"PAC-13101",20,"santiago","Infección Respiratoria Aguda",14,NA,2025-06-29,335000,NA,-0.336721164923684,781,"Adulto"
"PAC-13905",26,"puente alto","Apendicitis Aguda",9,5,2025-10-24,497000,"Si",0.340667666647361,782,"Adulto"
"PAC-15817",90,"santiago","Diabetes Mellitus Tipo 2",7,0,2025-08-18,189000,"No",-0.947207395845737,783,"Adulto mayor"
"PAC-13478",37,"concepción","Hipertensión Arterial",2,0,2026-01-23,732000,"No",1.32329961367943,784,"Adulto"
"PAC-19358",17,"concepción","Infección Respiratoria Aguda",4,NA,NA,465000,NA,0.206862465349377,785,"Menor de edad"
"PAC-88697",89,"valparaíso","Artrosis",5,2,2024-12-25,711000,"No",1.23548995032763,786,"Adulto mayor"
"PAC-84341",79,"viña del mar","Hipertensión Arterial",14,2,2025-02-13,NA,"No",NA,787,"Adulto mayor"
"PAC-11220",62,"concepción","Hipertensión Arterial",10,2,2026-03-07,463000,"No",0.198499640268253,788,"Adulto"
"PAC-25866",40,"santiago","Artrosis",11,5,2025-07-05,236000,"Si",-0.750681006439323,789,"Adulto"
"PAC-24168",37,"viña del mar","Gastritis Crónica",NA,NA,NA,639000,NA,0.934428247407166,790,"Adulto"
"PAC-93579",NA,"concepción","Hipertensión Arterial",NA,10,2025-06-14,298000,"Si",-0.491433428924478,791,NA
"PAC-57472",5,"providencia","Infección Respiratoria Aguda",NA,2,2026-03-04,788000,"No",1.5574587159509,792,"Menor de edad"
"PAC-89457",NA,"la florida","Hipertensión Arterial",8,NA,2025-08-15,594000,NA,0.746264683081875,793,NA
"PAC-80381",57,"puente alto","Artrosis",9,1,2025-10-01,553000,"No",0.574826768918833,794,"Adulto"
"PAC-18326",58,"concepción","Apendicitis Aguda",6,14,2025-08-30,654000,"Si",0.997149435515596,795,"Adulto"
"PAC-74799",28,"santiago","Diabetes Mellitus Tipo 2",5,5,2025-12-21,202000,"Si",-0.892849032818431,796,"Adulto"
"PAC-18418",85,"las condes","Diabetes Mellitus Tipo 2",12,1,2026-07-11,77000,"No",-1.41552560038868,797,"Adulto mayor"
"PAC-41979",29,"puente alto","Neumonía",13,5,2025-05-25,NA,"Si",NA,798,"Adulto"
"PAC-74032",84,"las condes","Artrosis",7,3,2025-01-09,555000,"No",0.583189593999957,799,"Adulto mayor"
"PAC-18907",18,"la florida","Gastritis Crónica",5,2,2025-09-02,149000,"No",-1.11446389746822,800,"Adulto"
"PAC-59009",23,"viña del mar","Artrosis",15,2,2026-09-13,636000,"No",0.92188400978548,801,"Adulto"
"PAC-24993",NA,"viña del mar","Artrosis",3,2,2026-07-30,801000,"No",1.61181707897821,802,NA
"PAC-93227",10,"valparaíso","Hipertensión Arterial",6,0,2025-04-29,453000,"No",0.156685514862633,803,"Menor de edad"
"PAC-70142",16,"maipú","Neumonía",1,3,2026-09-02,23000,"No",-1.64132187757903,804,"Menor de edad"
"PAC-48752",90,"maipú","Diabetes Mellitus Tipo 2",2,0,2026-05-24,123000,"No",-1.22318062352283,805,"Adulto mayor"
"PAC-76307",8,"maipú","Neumonía",3,0,2025-09-11,199000,"No",-0.905393270440117,806,"Menor de edad"
"PAC-13248",50,"la florida","Neumonía",8,0,2025-09-06,237000,"No",-0.746499593898761,807,"Adulto"
"PAC-16572",26,"providencia","Artrosis",3,0,2026-04-29,357000,"No",-0.24473008903132,808,"Adulto"
"PAC-94874",8,"antofagasta","Hipertensión Arterial",12,3,NA,513000,"No",0.407570267296353,809,"Menor de edad"
"PAC-43386",NA,"concepción","Diabetes Mellitus Tipo 2",4,14,2026-01-25,NA,"Si",NA,810,NA
"PAC-86484",30,"antofagasta","Gastritis Crónica",1,10,2026-05-03,550000,"Si",0.562282531297147,811,"Adulto"
"PAC-23356",47,"maipú","Gastritis Crónica",3,14,NA,243000,"Si",-0.721411118655389,812,"Adulto"
"PAC-33405",15,"antofagasta",NA,10,NA,2025-09-06,153000,NA,-1.09773824730597,813,"Menor de edad"
"PAC-33405",89,"viña del mar","Diabetes Mellitus Tipo 2",14,14,NA,104000,"Si",-1.30262746179351,814,"Adulto mayor"
"PAC-15817",84,"puente alto","Artrosis",1,14,2025-04-11,307000,"Si",-0.45380071605942,815,"Adulto mayor"
NA,46,"viña del mar","Diabetes Mellitus Tipo 2",10,1,NA,NA,"No",NA,816,"Adulto"
"PAC-33509",NA,"valparaíso","Diabetes Mellitus Tipo 2",14,NA,2026-02-17,110000,NA,-1.27753898655014,817,NA
"PAC-96900",15,"santiago","Hipertensión Arterial",2,0,2025-01-27,NA,"No",NA,818,"Menor de edad"
"PAC-89593",91,"viña del mar","Gastritis Crónica",4,3,2026-03-27,110000,"No",-1.27753898655014,819,"Adulto mayor"
"PAC-35485",43,"santiago","Diabetes Mellitus Tipo 2",15,10,2025-08-27,339000,"Si",-0.319995514761436,820,"Adulto"
"PAC-96900",15,"viña del mar","Infección Respiratoria Aguda",14,0,NA,212000,"No",-0.851034907412811,821,"Menor de edad"
"PAC-63528",24,"santiago","Artrosis",4,10,2025-01-17,263000,"Si",-0.637782867844149,822,"Adulto"
"PAC-26728",85,"providencia","Diabetes Mellitus Tipo 2",3,0,2025-11-04,NA,"No",NA,823,"Adulto mayor"
"PAC-95181",61,"viña del mar","Neumonía",NA,14,2025-12-21,47000,"Si",-1.54096797660554,824,"Adulto"
"PAC-90728",48,"santiago","Artrosis",12,14,2026-01-25,320000,"Si",-0.399442353032114,825,"Adulto"
"PAC-36130",32,"maipú","Diabetes Mellitus Tipo 2",NA,1,2025-05-19,NA,"No",NA,826,"Adulto"
"PAC-19961",85,"concepción","Neumonía",12,10,2025-07-02,314000,"Si",-0.424530828275486,827,"Adulto mayor"
"PAC-42493",55,NA,"Apendicitis Aguda",NA,1,2026-04-14,563000,"No",0.616640894324453,828,"Adulto"
"PAC-46265",36,"viña del mar","Hipertensión Arterial",15,NA,NA,199000,NA,-0.905393270440117,829,"Adulto"
"PAC-52906",87,"las condes","Gastritis Crónica",6,3,2026-02-27,730000,"No",1.31493678859831,830,"Adulto mayor"
"PAC-40311",53,"providencia","Diabetes Mellitus Tipo 2",10,0,2026-05-07,118000,"No",-1.24408768622564,831,"Adulto"
"PAC-57052",NA,"viña del mar","Neumonía",8,3,2025-11-11,713000,"No",1.24385277540875,832,NA
"PAC-21226",31,"valparaíso","Hipertensión Arterial",NA,0,2026-08-28,NA,"No",NA,833,"Adulto"
"PAC-95990",17,"la florida","Artrosis",4,2,2026-08-12,58000,"No",-1.49497243865936,834,"Menor de edad"
"PAC-95990",66,"concepción","Apendicitis Aguda",NA,0,2025-06-10,580000,"No",0.687724907514007,835,"Adulto mayor"
"PAC-42406",NA,"providencia","Gastritis Crónica",13,2,2025-12-30,102000,"No",-1.31099028687463,836,NA
"PAC-15817",44,"puente alto","Artrosis",12,2,2025-08-27,468000,"No",0.219406702971063,837,"Adulto"
"PAC-59672",12,"puente alto","Apendicitis Aguda",12,2,2024-12-27,513000,"No",0.407570267296353,838,"Menor de edad"
"PAC-17989",50,"puente alto","Diabetes Mellitus Tipo 2",11,2,NA,177000,"No",-0.997384346332481,839,"Adulto"
"PAC-31417",22,NA,"Gastritis Crónica",10,3,2026-05-13,808000,"No",1.64108696676214,840,"Adulto"
"PAC-51467",21,"concepción","Hipertensión Arterial",11,NA,2025-11-07,NA,NA,NA,841,"Adulto"
"PAC-18418",NA,"providencia","Diabetes Mellitus Tipo 2",5,10,2024-12-25,304000,"Si",-0.466344953681106,842,NA
"PAC-15229",NA,"valparaíso","Diabetes Mellitus Tipo 2",5,14,NA,251000,"Si",-0.687959818330893,843,NA
"PAC-33819",35,"concepción","Gastritis Crónica",4,1,2025-03-31,698000,"No",1.18113158730032,844,"Adulto"
"PAC-69177",64,"santiago","Gastritis Crónica",14,NA,2025-12-17,501000,NA,0.357393316809609,845,"Adulto"
"PAC-62994",NA,NA,"Gastritis Crónica",2,10,2024-10-05,717000,"Si",1.260578425571,846,NA
"PAC-13278",NA,"las condes","Apendicitis Aguda",11,2,2024-11-05,439000,"No",0.0981457392947644,847,NA
"PAC-19602",48,"valparaíso","Artrosis",1,10,2026-03-23,601000,"Si",0.775534570865809,848,"Adulto"
"PAC-19016",47,"puente alto","Hipertensión Arterial",1,0,2025-03-14,584000,"No",0.704450557676255,849,"Adulto"
"PAC-90728",NA,"maipú","Hipertensión Arterial",9,10,2026-02-21,NA,"Si",NA,850,NA
"PAC-54118",49,"concepción","Infección Respiratoria Aguda",14,NA,NA,332000,NA,-0.34926540254537,851,"Adulto"
"PAC-74686",43,"viña del mar","Apendicitis Aguda",11,2,NA,100000,"No",-1.31935311195576,852,"Adulto"
"PAC-69929",49,NA,"Diabetes Mellitus Tipo 2",7,5,2026-09-14,376000,"Si",-0.165283250760642,853,"Adulto"
"PAC-53309",16,"concepción","Apendicitis Aguda",11,14,2025-04-28,458000,"Si",0.177592577565443,854,"Menor de edad"
"PAC-34890",67,"puente alto","Diabetes Mellitus Tipo 2",8,0,2026-09-27,599000,"No",0.767171745784685,855,"Adulto mayor"
"PAC-73624",60,"antofagasta","Infección Respiratoria Aguda",8,0,2025-03-25,405000,"No",-0.0440222870843438,856,"Adulto"
"PAC-59009",27,"maipú","Artrosis",6,0,2026-06-07,142000,"No",-1.14373378525215,857,"Adulto"
"PAC-60328",3,"valparaíso","Neumonía",3,3,2026-04-15,16000,"No",-1.67059176536296,858,"Menor de edad"
"PAC-34957",23,"providencia","Infección Respiratoria Aguda",NA,14,2024-10-30,496000,"Si",0.336486254106799,859,"Adulto"
"PAC-54118",7,"concepción",NA,4,1,2026-07-04,243000,"No",-0.721411118655389,860,"Menor de edad"
"PAC-14207",82,"maipú","Hipertensión Arterial",3,0,2025-06-13,693000,"No",1.16022452459751,861,"Adulto mayor"
"PAC-57795",12,"santiago","Gastritis Crónica",6,NA,2026-07-30,619000,NA,0.850799996595926,862,"Menor de edad"
"PAC-39444",24,"la florida","Diabetes Mellitus Tipo 2",6,2,2025-07-08,NA,"No",NA,863,"Adulto"
"PAC-97684",7,"maipú","Diabetes Mellitus Tipo 2",6,0,NA,679000,"No",1.10168474902965,864,"Menor de edad"
"PAC-31319",1,"antofagasta","Artrosis",5,3,2025-08-04,NA,"No",NA,865,"Menor de edad"
"PAC-37653",60,"valparaíso","Diabetes Mellitus Tipo 2",9,0,2026-09-12,636000,"No",0.92188400978548,866,"Adulto"
"PAC-87236",5,"antofagasta","Diabetes Mellitus Tipo 2",15,NA,2025-07-07,110000,NA,-1.27753898655014,867,"Menor de edad"
"PAC-89516",62,"santiago","Neumonía",10,0,2026-09-20,749000,"No",1.39438362686899,868,"Adulto"
"PAC-27342",NA,"valparaíso","Gastritis Crónica",NA,0,NA,736000,"No",1.34002526384168,869,NA
"PAC-32810",83,"providencia","Diabetes Mellitus Tipo 2",1,10,NA,747000,"Si",1.38602080178786,870,"Adulto mayor"
"PAC-92397",56,"viña del mar","Hipertensión Arterial",1,14,2026-01-14,503000,"Si",0.365756141890733,871,"Adulto"
"PAC-99016",34,"antofagasta","Diabetes Mellitus Tipo 2",4,0,NA,317000,"No",-0.4119865906538,872,"Adulto"
"PAC-56025",21,"santiago","Apendicitis Aguda",9,0,2026-03-25,452000,"No",0.152504102322071,873,"Adulto"
"PAC-80702",67,"maipú","Diabetes Mellitus Tipo 2",11,1,2025-11-01,170000,"No",-1.02665423411642,874,"Adulto mayor"
"PAC-25157",58,"la florida","Infección Respiratoria Aguda",NA,0,2026-02-20,141000,"No",-1.14791519779271,875,"Adulto"
"PAC-89593",51,"valparaíso","Hipertensión Arterial",3,NA,2025-06-08,671000,NA,1.06823344870515,876,"Adulto"
"PAC-56438",19,"puente alto","Apendicitis Aguda",3,10,2025-09-20,223000,"Si",-0.805039369466629,877,"Adulto"
"PAC-66959",52,"antofagasta","Diabetes Mellitus Tipo 2",9,3,2025-11-12,85000,"No",-1.38207430006419,878,"Adulto"
"PAC-22280",76,"puente alto","Artrosis",8,0,2026-06-04,472000,"No",0.236132353133311,879,"Adulto mayor"
"PAC-94259",82,NA,"Neumonía",1,0,2025-02-13,99000,"No",-1.32353452449632,880,"Adulto mayor"
"PAC-16582",40,"providencia","Diabetes Mellitus Tipo 2",8,0,2026-08-04,522000,"No",0.445202980161411,881,"Adulto"
"PAC-94874",NA,"las condes","Neumonía",4,0,NA,46000,"No",-1.5451493891461,882,NA
"PAC-79615",62,"las condes","Diabetes Mellitus Tipo 2",NA,14,2025-02-14,NA,"Si",NA,883,"Adulto"
"PAC-40982",68,"santiago","Infección Respiratoria Aguda",NA,0,2025-11-07,721000,"No",1.27730407573325,884,"Adulto mayor"
"PAC-59857",9,"providencia","Infección Respiratoria Aguda",10,0,2026-08-26,799000,"No",1.60345425389709,885,"Menor de edad"
"PAC-17100",84,"valparaíso","Hipertensión Arterial",NA,10,2026-06-13,NA,"Si",NA,886,"Adulto mayor"
"PAC-12671",29,NA,"Hipertensión Arterial",12,1,2024-11-19,NA,"No",NA,887,"Adulto"
"PAC-36062",69,NA,"Hipertensión Arterial",14,0,2025-04-21,395000,"No",-0.0858364124899638,888,"Adulto mayor"
"PAC-22363",15,"la florida","Artrosis",12,NA,2025-10-27,474000,NA,0.244495178214435,889,"Menor de edad"
"PAC-99687",40,"santiago","Infección Respiratoria Aguda",4,NA,2025-02-01,56000,NA,-1.50333526374048,890,"Adulto"
"PAC-18418",82,"providencia","Diabetes Mellitus Tipo 2",11,0,2026-03-16,742000,"No",1.36511373908505,891,"Adulto mayor"
"PAC-45382",56,"viña del mar","Infección Respiratoria Aguda",12,5,2026-08-07,616000,"Si",0.83825575897424,892,"Adulto"
"PAC-81582",35,"concepción","Diabetes Mellitus Tipo 2",8,NA,NA,NA,NA,NA,893,"Adulto"
"PAC-46434",82,"viña del mar","Hipertensión Arterial",11,3,2026-09-13,602000,"No",0.779715983406371,894,"Adulto mayor"
"PAC-82357",35,"maipú","Artrosis",10,NA,2024-11-28,771000,NA,1.48637470276135,895,"Adulto"
"PAC-51180",31,"providencia","Gastritis Crónica",4,NA,2026-07-21,327000,NA,-0.37017246524818,896,"Adulto"
"PAC-38569",66,"viña del mar","Apendicitis Aguda",14,3,2025-10-26,NA,"No",NA,897,"Adulto mayor"
"PAC-18981",47,"antofagasta","Infección Respiratoria Aguda",6,0,2025-01-22,531000,"No",0.482835693026469,898,"Adulto"
"PAC-95426",21,"viña del mar","Hipertensión Arterial",6,NA,2025-10-02,299000,NA,-0.487252016383916,899,"Adulto"
"PAC-84691",75,"viña del mar","Apendicitis Aguda",15,5,NA,375000,"Si",-0.169464663301204,900,"Adulto mayor"
"PAC-15014",34,"providencia","Gastritis Crónica",12,NA,2026-08-31,413000,NA,-0.0105709867598477,901,"Adulto"
"PAC-51467",87,"providencia","Diabetes Mellitus Tipo 2",5,NA,2024-12-20,345000,NA,-0.294907039518064,902,"Adulto mayor"
"PAC-70068",53,"santiago","Artrosis",6,0,2024-11-29,202000,"No",-0.892849032818431,903,"Adulto"
"PAC-38760",55,"providencia","Diabetes Mellitus Tipo 2",5,0,NA,NA,"No",NA,904,"Adulto"
"PAC-54942",NA,"viña del mar","Diabetes Mellitus Tipo 2",1,1,2026-01-01,638000,"No",0.930246834866604,905,NA
"PAC-24621",51,"providencia","Infección Respiratoria Aguda",12,0,2026-08-19,723000,"No",1.28566690081437,906,"Adulto"
"PAC-98777",48,"santiago","Diabetes Mellitus Tipo 2",7,0,NA,606000,"No",0.79644163356862,907,"Adulto"
"PAC-19071",33,"maipú","Diabetes Mellitus Tipo 2",NA,0,NA,553000,"No",0.574826768918833,908,"Adulto"
"PAC-64321",34,"santiago","Hipertensión Arterial",NA,10,2026-08-21,304000,"Si",-0.466344953681106,909,"Adulto"
"PAC-43386",52,"la florida","Neumonía",3,14,NA,761000,"Si",1.44456057735573,910,"Adulto"
NA,84,"la florida","Diabetes Mellitus Tipo 2",NA,1,2026-01-30,NA,"No",NA,911,"Adulto mayor"
"PAC-60488",55,NA,NA,1,0,2024-10-19,223000,"No",-0.805039369466629,912,"Adulto"
"PAC-16006",22,"puente alto","Diabetes Mellitus Tipo 2",NA,0,2025-04-22,169000,"No",-1.03083564665698,913,"Adulto"
"PAC-14067",73,"concepción","Neumonía",15,NA,NA,37000,NA,-1.58278210201116,914,"Adulto mayor"
"PAC-59857",67,"puente alto","Diabetes Mellitus Tipo 2",NA,0,2025-09-21,517000,"No",0.424295917458601,915,"Adulto mayor"
"PAC-18907",5,"valparaíso",NA,4,NA,2026-09-17,289000,NA,-0.529066141789536,916,"Menor de edad"
"PAC-72296",74,"concepción","Neumonía",5,0,2026-03-07,307000,"No",-0.45380071605942,917,"Adulto mayor"
"PAC-83519",56,"puente alto","Infección Respiratoria Aguda",14,0,2025-04-01,NA,"No",NA,918,"Adulto"
"PAC-10425",47,NA,"Diabetes Mellitus Tipo 2",NA,5,2025-07-06,699000,"Si",1.18531299984089,919,"Adulto"
"PAC-74032",40,"concepción","Artrosis",10,10,2025-10-18,806000,"Si",1.63272414168102,920,"Adulto"
"PAC-46930",54,"las condes","Infección Respiratoria Aguda",4,2,2025-12-11,689000,"No",1.14349887443527,921,"Adulto"
"PAC-79615",89,"las condes","Hipertensión Arterial",7,3,2024-12-15,771000,"No",1.48637470276135,922,"Adulto mayor"
"PAC-12757",7,"maipú","Neumonía",11,0,2026-02-16,NA,"No",NA,923,"Menor de edad"
"PAC-30033",58,"providencia","Neumonía",12,10,NA,NA,"Si",NA,924,"Adulto"
"PAC-40735",NA,"valparaíso","Artrosis",14,3,2025-09-11,253000,"No",-0.679596993249769,925,NA
"PAC-54313",32,"providencia",NA,3,NA,2026-06-14,699000,NA,1.18531299984089,926,"Adulto"
"PAC-69638",21,"viña del mar","Artrosis",5,10,2025-10-13,589000,"Si",0.725357620379065,927,"Adulto"
"PAC-24029",85,"santiago","Gastritis Crónica",4,3,2026-07-21,97000,"No",-1.33189734957744,928,"Adulto mayor"
"PAC-84177",3,"antofagasta","Diabetes Mellitus Tipo 2",6,0,2024-11-20,94000,"No",-1.34444158719913,929,"Menor de edad"
"PAC-40784",41,"valparaíso","Apendicitis Aguda",7,0,2024-09-27,805000,"No",1.62854272914046,930,"Adulto"
"PAC-63528",47,"providencia","Artrosis",11,1,2026-05-09,22000,"No",-1.64550329011959,931,"Adulto"
"PAC-42018",26,"valparaíso","Gastritis Crónica",NA,NA,2026-05-25,336000,NA,-0.332539752383122,932,"Adulto"
"PAC-42325",62,"santiago","Neumonía",6,10,2025-06-09,247000,"Si",-0.704685468493141,933,"Adulto"
NA,73,"las condes","Artrosis",1,5,2024-12-17,295000,"Si",-0.503977666546164,934,"Adulto mayor"
"PAC-42098",47,"la florida","Hipertensión Arterial",7,3,2026-04-14,513000,"No",0.407570267296353,935,"Adulto"
"PAC-94696",61,"antofagasta","Artrosis",6,0,NA,167000,"No",-1.0391984717381,936,"Adulto"
"PAC-25906",73,"providencia","Diabetes Mellitus Tipo 2",11,2,2024-12-19,NA,"No",NA,937,"Adulto mayor"
"PAC-53933",NA,"la florida","Infección Respiratoria Aguda",3,14,2025-04-24,566000,"Si",0.629185131946139,938,NA
"PAC-54236",65,NA,"Hipertensión Arterial",10,10,2025-06-12,417000,"Si",0.0061546634024003,939,"Adulto mayor"
"PAC-65333",0,"las condes","Infección Respiratoria Aguda",9,3,2025-02-04,353000,"No",-0.261455739193568,940,"Menor de edad"
"PAC-60019",52,"las condes","Gastritis Crónica",NA,0,2026-03-30,272000,"No",-0.600150154979091,941,"Adulto"
"PAC-10282",20,"santiago","Artrosis",7,10,2025-03-15,408000,"Si",-0.0314780494626578,942,"Adulto"
"PAC-38657",74,"maipú","Artrosis",8,5,2026-03-24,94000,"Si",-1.34444158719913,943,"Adulto mayor"
NA,37,"viña del mar","Apendicitis Aguda",NA,1,2024-11-15,717000,"No",1.260578425571,944,"Adulto"
"PAC-73624",65,"las condes","Gastritis Crónica",14,0,2026-08-04,63000,"No",-1.47406537595655,945,"Adulto mayor"
"PAC-62743",27,"maipú","Diabetes Mellitus Tipo 2",14,0,2026-05-24,752000,"No",1.40692786449067,946,"Adulto"
"PAC-69429",45,"las condes","Neumonía",10,2,2025-06-25,496000,"No",0.336486254106799,947,"Adulto"
"PAC-89997",19,"santiago","Hipertensión Arterial",6,5,NA,562000,"Si",0.612459481783891,948,"Adulto"
"PAC-86350",39,"la florida","Apendicitis Aguda",10,NA,2025-12-05,397000,NA,-0.0774735874088398,949,"Adulto"
"PAC-94259",3,"santiago","Hipertensión Arterial",7,0,NA,676000,"No",1.08914051140796,950,"Menor de edad"
"PAC-91416",22,"concepción","Gastritis Crónica",5,1,2025-04-30,NA,"No",NA,951,"Adulto"
"PAC-38221",NA,"viña del mar","Neumonía",9,NA,2025-12-01,165000,NA,-1.04756129681923,952,NA
"PAC-50768",61,"maipú","Gastritis Crónica",10,1,2025-12-09,557000,"No",0.591552419081081,953,"Adulto"
"PAC-86569",NA,"viña del mar","Hipertensión Arterial",6,5,2025-02-09,784000,"Si",1.54073306578866,954,NA
"PAC-38080",40,"viña del mar","Gastritis Crónica",7,NA,2025-09-02,539000,NA,0.516286993350965,955,"Adulto"
"PAC-89840",22,"puente alto","Apendicitis Aguda",2,NA,2026-01-02,182000,NA,-0.976477283629671,956,"Adulto"
"PAC-30379",65,"concepción","Diabetes Mellitus Tipo 2",12,2,2025-06-05,715000,"No",1.25221560048988,957,"Adulto mayor"
"PAC-96511",93,NA,"Infección Respiratoria Aguda",9,3,2025-02-28,433000,"No",0.0730572640513924,958,"Adulto mayor"
"PAC-65108",28,"maipú","Apendicitis Aguda",13,1,2025-08-09,839000,"No",1.77071075551957,959,"Adulto"
"PAC-48427",26,"antofagasta","Hipertensión Arterial",9,0,2025-06-01,675000,"No",1.0849590988674,960,"Adulto"
"PAC-77000",47,NA,"Hipertensión Arterial",9,0,NA,16000,"No",-1.67059176536296,961,"Adulto"
"PAC-51245",34,"puente alto","Infección Respiratoria Aguda",7,3,NA,NA,"No",NA,962,"Adulto"
"PAC-82512",94,"viña del mar","Artrosis",10,2,NA,154000,"No",-1.09355683476541,963,"Adulto mayor"
"PAC-39219",89,"la florida","Hipertensión Arterial",7,3,2025-03-31,206000,"No",-0.876123382656183,964,"Adulto mayor"
"PAC-98501",43,"valparaíso","Hipertensión Arterial",12,5,2026-05-05,136000,"Si",-1.16882226049552,965,"Adulto"
"PAC-81810",30,"valparaíso","Gastritis Crónica",11,0,2024-12-08,765000,"No",1.46128622751798,966,"Adulto"
"PAC-84847",NA,"valparaíso","Hipertensión Arterial",6,0,2025-04-22,120000,"No",-1.23572486114452,967,NA
"PAC-93579",94,"concepción","Apendicitis Aguda",NA,14,2024-10-12,784000,"Si",1.54073306578866,968,"Adulto mayor"
"PAC-91416",81,"santiago","Hipertensión Arterial",1,0,2026-08-16,NA,"No",NA,969,"Adulto mayor"
"PAC-79615",90,"las condes","Infección Respiratoria Aguda",9,10,2025-12-08,NA,"Si",NA,970,"Adulto mayor"
"PAC-69638",37,"concepción","Infección Respiratoria Aguda",11,NA,2025-05-12,787000,NA,1.55327730341034,971,"Adulto"
"PAC-16658",41,"providencia","Infección Respiratoria Aguda",4,3,2025-04-14,444000,"No",0.119052801997574,972,"Adulto"
"PAC-51104",1,"antofagasta","Diabetes Mellitus Tipo 2",3,1,2026-07-19,730000,"No",1.31493678859831,973,"Menor de edad"
"PAC-89131",NA,"providencia","Diabetes Mellitus Tipo 2",9,NA,2025-11-19,158000,NA,-1.07683118460316,974,NA
"PAC-40512",NA,"maipú","Infección Respiratoria Aguda",5,0,2025-11-06,75000,"No",-1.42388842546981,975,NA
"PAC-29536",85,"maipú","Hipertensión Arterial",8,10,2025-11-03,267000,"Si",-0.621057217681901,976,"Adulto mayor"
"PAC-95649",36,"maipú","Artrosis",3,1,2026-05-25,651000,"No",0.98460519789391,977,"Adulto"
"PAC-22240",30,"la florida","Apendicitis Aguda",13,14,NA,330000,"Si",-0.357628227626494,978,"Adulto"
"PAC-42406",83,"viña del mar","Diabetes Mellitus Tipo 2",4,NA,2026-08-26,NA,NA,NA,979,"Adulto mayor"
"PAC-45614",58,"santiago","Neumonía",12,0,NA,405000,"No",-0.0440222870843438,980,"Adulto"
"PAC-23104",41,"santiago","Infección Respiratoria Aguda",10,5,2025-11-28,230000,"Si",-0.775769481682695,981,"Adulto"
"PAC-30033",87,"las condes","Diabetes Mellitus Tipo 2",12,3,2025-03-09,638000,"No",0.930246834866604,982,"Adulto mayor"
"PAC-54725",69,"maipú","Gastritis Crónica",15,3,NA,412000,"No",-0.0147523993004097,983,"Adulto mayor"
"PAC-41195",39,"providencia","Apendicitis Aguda",10,0,2025-03-20,739000,"No",1.35256950146337,984,"Adulto"
"PAC-15695",51,"la florida","Diabetes Mellitus Tipo 2",8,5,2025-10-06,17000,"Si",-1.6664103528224,985,"Adulto"
"PAC-97416",90,"providencia","Artrosis",4,0,NA,44000,"No",-1.55351221422723,986,"Adulto mayor"
"PAC-85470",3,"las condes","Gastritis Crónica",10,NA,2026-06-01,760000,NA,1.44037916481517,987,"Menor de edad"
"PAC-94607",84,"providencia","Diabetes Mellitus Tipo 2",10,0,2024-11-29,165000,"No",-1.04756129681923,988,"Adulto mayor"
"PAC-80678",71,"viña del mar","Diabetes Mellitus Tipo 2",13,3,2026-01-05,NA,"No",NA,989,"Adulto mayor"
"PAC-98696",72,"valparaíso","Neumonía",1,10,2026-01-22,509000,"Si",0.390844617134105,990,"Adulto mayor"
NA,68,"maipú","Apendicitis Aguda",14,14,2026-03-14,NA,"Si",NA,991,"Adulto mayor"
"PAC-17665",64,"la florida","Hipertensión Arterial",2,2,2025-11-05,NA,"No",NA,992,"Adulto"
"PAC-44600",60,"providencia","Gastritis Crónica",8,0,2025-09-15,242000,"No",-0.725592531195951,993,"Adulto"
"PAC-30379",40,"maipú","Infección Respiratoria Aguda",5,0,2025-08-13,825000,"No",1.7121709799517,994,"Adulto"
"PAC-19287",55,"la florida","Infección Respiratoria Aguda",12,0,2025-08-19,278000,"No",-0.575061679735719,995,"Adulto"
"PAC-99733",26,"puente alto","Diabetes Mellitus Tipo 2",2,5,2025-12-13,NA,"Si",NA,996,"Adulto"
"PAC-22240",28,"maipú","Gastritis Crónica",10,NA,2025-11-20,643000,NA,0.951153897569414,997,"Adulto"
"PAC-10282",NA,"antofagasta","Neumonía",7,1,2026-02-12,44000,"No",-1.55351221422723,998,NA
"PAC-93136",94,"viña del mar","Neumonía",NA,1,2025-07-05,497000,"No",0.340667666647361,999,"Adulto mayor"
"PAC-80575",41,"valparaíso","Infección Respiratoria Aguda",11,5,2025-03-07,242000,"Si",-0.725592531195951,1000,"Adulto"
"PAC-10053",33,"providencia","Neumonía",7,0,2026-01-28,550000,"No",0.562282531297147,1001,"Adulto"
"PAC-26544",67,"concepción","Infección Respiratoria Aguda",11,2,2025-03-16,207000,"No",-0.871941970115621,1002,"Adulto mayor"
"PAC-24371",55,NA,"Diabetes Mellitus Tipo 2",NA,5,2026-02-07,426000,"Si",0.0437873762674584,1003,"Adulto"
"PAC-23833",33,"antofagasta","Infección Respiratoria Aguda",NA,5,2025-03-19,768000,"Si",1.47383046513966,1004,"Adulto"
"PAC-22363",53,"maipú","Diabetes Mellitus Tipo 2",7,5,2026-09-12,804000,"Si",1.6243613165999,1005,"Adulto"
"PAC-96356",70,NA,"Apendicitis Aguda",13,0,2025-04-24,433000,"No",0.0730572640513924,1006,"Adulto mayor"
"PAC-41850",20,"puente alto","Hipertensión Arterial",9,5,NA,290000,"Si",-0.524884729248975,1007,"Adulto"
"PAC-26828",29,"maipú",NA,5,3,2025-03-20,443000,"No",0.114871389457012,1008,"Adulto"
"PAC-93130",42,"maipú","Hipertensión Arterial",2,1,2025-07-26,NA,"No",NA,1009,"Adulto"
"PAC-31992",42,"concepción","Neumonía",12,14,2025-08-22,59000,"Si",-1.4907910261188,1010,"Adulto"
"PAC-76244",82,"santiago","Artrosis",11,0,2025-04-08,177000,"No",-0.997384346332481,1011,"Adulto mayor"
"PAC-53369",55,"valparaíso","Apendicitis Aguda",13,14,NA,622000,"Si",0.863344234217612,1012,"Adulto"
"PAC-16630",79,"puente alto","Infección Respiratoria Aguda",14,10,2025-04-27,747000,"Si",1.38602080178786,1013,"Adulto mayor"
"PAC-14722",83,"puente alto","Neumonía",13,0,2026-05-12,690000,"No",1.14768028697583,1014,"Adulto mayor"
"PAC-83060",53,"maipú","Gastritis Crónica",4,3,2026-03-26,755000,"No",1.41947210211236,1015,"Adulto"
"PAC-98696",81,NA,"Neumonía",10,5,2025-12-05,NA,"Si",NA,1016,"Adulto mayor"
"PAC-13804",70,"antofagasta","Diabetes Mellitus Tipo 2",14,0,2026-05-12,157000,"No",-1.08101259714372,1017,"Adulto mayor"
"PAC-66985",14,"santiago","Neumonía",1,3,2025-05-04,610000,"No",0.813167283730868,1018,"Menor de edad"
"PAC-54587",28,"maipú","Diabetes Mellitus Tipo 2",12,3,2025-07-26,595000,"No",0.750446095622437,1019,"Adulto"
"PAC-21003",59,"maipú","Hipertensión Arterial",9,1,2025-12-01,731000,"No",1.31911820113887,1020,"Adulto"
"PAC-94259",45,"valparaíso","Diabetes Mellitus Tipo 2",NA,NA,2025-08-27,413000,NA,-0.0105709867598477,1021,"Adulto"
"PAC-44741",7,"maipú","Gastritis Crónica",2,0,2025-06-16,89000,"No",-1.36534864990194,1022,"Menor de edad"
"PAC-69087",18,"antofagasta","Infección Respiratoria Aguda",1,0,2025-05-24,401000,"No",-0.0607479372465918,1023,"Adulto"
"PAC-19961",34,"providencia","Diabetes Mellitus Tipo 2",NA,5,NA,NA,"Si",NA,1024,"Adulto"
"PAC-67422",76,"valparaíso","Hipertensión Arterial",14,1,2025-11-13,819000,"No",1.68708250470833,1025,"Adulto mayor"
NA,28,"providencia","Apendicitis Aguda",3,0,2025-06-08,665000,"No",1.04314497346178,1026,"Adulto"
"PAC-10425",NA,"valparaíso","Infección Respiratoria Aguda",1,0,2025-05-15,347000,"No",-0.28654421443694,1027,NA
"PAC-81582",48,"providencia","Gastritis Crónica",9,0,2026-03-02,589000,"No",0.725357620379065,1028,"Adulto"
"PAC-29536",9,"la florida","Artrosis",2,0,2025-07-21,849000,"No",1.81252488092519,1029,"Menor de edad"
"PAC-44099",NA,"santiago","Apendicitis Aguda",NA,5,2025-07-22,162000,"Si",-1.06010553444091,1030,NA
"PAC-81200",37,"maipú","Infección Respiratoria Aguda",9,0,2026-08-04,651000,"No",0.98460519789391,1031,"Adulto"
"PAC-12560",26,"maipú","Diabetes Mellitus Tipo 2",3,10,2025-01-14,276000,"Si",-0.583424504816843,1032,"Adulto"
"PAC-59672",18,"la florida","Artrosis",14,0,2024-11-27,339000,"No",-0.319995514761436,1033,"Adulto"
"PAC-42018",88,"concepción","Hipertensión Arterial",15,0,2025-01-05,NA,"No",NA,1034,"Adulto mayor"
"PAC-86484",8,"concepción","Artrosis",3,0,2025-04-29,77000,"No",-1.41552560038868,1035,"Menor de edad"
"PAC-19171",18,"maipú","Gastritis Crónica",12,5,2026-04-30,239000,"Si",-0.738136768817637,1036,"Adulto"
"PAC-60488",40,"valparaíso","Infección Respiratoria Aguda",7,0,2026-01-30,364000,"No",-0.215460201247386,1037,"Adulto"
"PAC-29536",34,"viña del mar","Diabetes Mellitus Tipo 2",12,0,2026-07-15,175000,"No",-1.00574717141361,1038,"Adulto"
"PAC-65392",17,"santiago","Infección Respiratoria Aguda",15,NA,2026-05-04,NA,NA,NA,1039,"Menor de edad"
"PAC-90120",NA,"providencia","Hipertensión Arterial",10,1,2026-01-28,669000,"No",1.05987062362403,1040,NA
"PAC-92240",22,"santiago",NA,8,NA,2025-08-10,NA,NA,NA,1041,"Adulto"
"PAC-15778",80,"viña del mar","Hipertensión Arterial",3,NA,2025-03-28,NA,NA,NA,1042,"Adulto mayor"
"PAC-42527",NA,NA,"Neumonía",13,2,NA,619000,"No",0.850799996595926,1043,NA
"PAC-74799",91,"antofagasta","Gastritis Crónica",12,14,2025-08-31,NA,"Si",NA,1044,"Adulto mayor"
"PAC-97670",NA,"viña del mar","Artrosis",11,10,2025-12-22,336000,"Si",-0.332539752383122,1045,NA
"PAC-43972",43,"puente alto",NA,6,2,2024-12-20,693000,"No",1.16022452459751,1046,"Adulto"
"PAC-51145",35,"la florida","Hipertensión Arterial",NA,2,NA,780000,"No",1.52400741562641,1047,"Adulto"
"PAC-97012",54,"santiago","Diabetes Mellitus Tipo 2",10,NA,2026-06-11,694000,NA,1.16440593713808,1048,"Adulto"
"PAC-70889",35,"maipú","Gastritis Crónica",5,14,NA,NA,"Si",NA,1049,"Adulto"
"PAC-31319",63,"santiago","Hipertensión Arterial",9,0,2026-06-02,607000,"No",0.800623046109182,1050,"Adulto"
"PAC-17716",14,"providencia","Diabetes Mellitus Tipo 2",10,3,2025-08-01,104000,"No",-1.30262746179351,1051,"Menor de edad"
"PAC-42098",NA,"la florida","Gastritis Crónica",12,10,2025-09-02,87000,"Si",-1.37371147498306,1052,NA
"PAC-36071",0,"providencia","Diabetes Mellitus Tipo 2",4,NA,2025-10-07,452000,NA,0.152504102322071,1053,"Menor de edad"
"PAC-38657",NA,"viña del mar","Hipertensión Arterial",5,5,2025-09-05,249000,"Si",-0.696322643412017,1054,NA
"PAC-80798",NA,"providencia","Neumonía",7,0,2026-07-04,124000,"No",-1.21899921098227,1055,NA
"PAC-45614",68,"santiago","Artrosis",5,14,2026-03-03,820000,"Si",1.69126391724889,1056,"Adulto mayor"
"PAC-86019",75,"valparaíso","Diabetes Mellitus Tipo 2",9,0,2026-01-27,NA,"No",NA,1057,"Adulto mayor"
"PAC-46930",90,"las condes","Infección Respiratoria Aguda",10,2,2024-12-24,513000,"No",0.407570267296353,1058,"Adulto mayor"
"PAC-65333",34,"providencia","Hipertensión Arterial",13,0,NA,634000,"No",0.913521184704356,1059,"Adulto"
"PAC-62227",76,"concepción","Apendicitis Aguda",12,1,2025-05-27,471000,"No",0.231950940592749,1060,"Adulto mayor"
"PAC-54236",6,"viña del mar","Artrosis",14,10,2024-12-30,309000,"Si",-0.445437890978296,1061,"Menor de edad"
"PAC-76162",8,"viña del mar","Infección Respiratoria Aguda",8,0,2026-03-19,576000,"No",0.670999257351759,1062,"Menor de edad"
"PAC-69829",84,"las condes","Gastritis Crónica",9,5,2025-11-24,208000,"Si",-0.867760557575059,1063,"Adulto mayor"
"PAC-13617",47,"viña del mar","Apendicitis Aguda",5,2,2026-09-13,751000,"No",1.40274645195011,1064,"Adulto"
"PAC-84177",35,"la florida","Gastritis Crónica",13,2,2026-01-11,85000,"No",-1.38207430006419,1065,"Adulto"
"PAC-77000",27,"maipú","Artrosis",11,0,2025-01-16,809000,"No",1.64526837930271,1066,"Adulto"
"PAC-13248",55,"viña del mar","Hipertensión Arterial",2,0,2026-07-19,47000,"No",-1.54096797660554,1067,"Adulto"
"PAC-30033",80,"la florida","Hipertensión Arterial",NA,14,2025-03-09,NA,"Si",NA,1068,"Adulto mayor"
"PAC-51245",18,"viña del mar","Diabetes Mellitus Tipo 2",8,0,2026-04-12,162000,"No",-1.06010553444091,1069,"Adulto"
"PAC-44970",39,"puente alto","Artrosis",13,3,2026-09-27,353000,"No",-0.261455739193568,1070,"Adulto"
"PAC-91351",68,"antofagasta","Gastritis Crónica",13,0,2025-03-04,451000,"No",0.148322689781509,1071,"Adulto mayor"
"PAC-44814",73,NA,"Neumonía",12,0,2025-08-04,434000,"No",0.0772386765919544,1072,"Adulto mayor"
"PAC-35995",8,NA,"Infección Respiratoria Aguda",12,5,2026-01-07,489000,"Si",0.307216366322865,1073,"Menor de edad"
"PAC-45382",NA,"las condes","Diabetes Mellitus Tipo 2",11,14,2025-12-27,607000,"Si",0.800623046109182,1074,NA
"PAC-45774",14,"santiago","Gastritis Crónica",7,2,NA,470000,"No",0.227769528052187,1075,"Menor de edad"
"PAC-82692",43,"providencia","Hipertensión Arterial",NA,10,2025-02-15,674000,"Si",1.08077768632684,1076,"Adulto"
"PAC-46509",54,"providencia","Apendicitis Aguda",13,NA,NA,512000,NA,0.403388854755791,1077,"Adulto"
"PAC-83259",72,"providencia","Infección Respiratoria Aguda",14,0,2024-11-21,487000,"No",0.298853541241741,1078,"Adulto mayor"
"PAC-47930",49,"santiago","Infección Respiratoria Aguda",6,0,NA,709000,"No",1.22712712524651,1079,"Adulto"
"PAC-27146",25,"maipú","Diabetes Mellitus Tipo 2",3,10,2026-05-24,642000,"Si",0.946972485028852,1080,"Adulto"
"PAC-12757",17,"las condes","Gastritis Crónica",5,14,2026-06-07,592000,"Si",0.737901858000751,1081,"Menor de edad"
"PAC-37938",93,"concepción","Infección Respiratoria Aguda",11,5,2025-03-04,382000,"Si",-0.14019477551727,1082,"Adulto mayor"
"PAC-68878",86,"la florida","Infección Respiratoria Aguda",6,5,NA,22000,"Si",-1.64550329011959,1083,"Adulto mayor"
"PAC-57052",NA,"maipú",NA,5,5,2026-05-27,280000,"Si",-0.566698854654595,1084,NA
"PAC-44522",94,"concepción","Infección Respiratoria Aguda",9,5,2025-08-31,522000,"Si",0.445202980161411,1085,"Adulto mayor"
"PAC-93507",16,"maipú","Diabetes Mellitus Tipo 2",3,0,2026-06-13,63000,"No",-1.47406537595655,1086,"Menor de edad"
"PAC-18418",82,"valparaíso","Infección Respiratoria Aguda",7,0,2026-01-20,NA,"No",NA,1087,"Adulto mayor"
"PAC-95181",24,"puente alto","Hipertensión Arterial",3,3,2026-02-02,516000,"No",0.420114504918039,1088,"Adulto"
"PAC-71213",26,"santiago","Apendicitis Aguda",6,14,2026-05-18,175000,"Si",-1.00574717141361,1089,"Adulto"
"PAC-11934",46,"santiago","Diabetes Mellitus Tipo 2",6,10,2026-05-06,342000,"Si",-0.30745127713975,1090,"Adulto"
"PAC-65518",NA,"maipú","Diabetes Mellitus Tipo 2",14,0,NA,580000,"No",0.687724907514007,1091,NA
"PAC-94246",66,"santiago","Neumonía",5,2,2025-09-16,370000,"No",-0.190371726004014,1092,"Adulto mayor"
"PAC-11220",NA,"viña del mar","Gastritis Crónica",13,NA,2026-02-10,581000,NA,0.691906320054569,1093,NA
"PAC-85674",66,"puente alto","Diabetes Mellitus Tipo 2",11,1,2026-03-07,56000,"No",-1.50333526374048,1094,"Adulto mayor"
"PAC-41571",1,"las condes","Infección Respiratoria Aguda",5,2,2025-06-22,295000,"No",-0.503977666546164,1095,"Menor de edad"
"PAC-63225",3,NA,"Infección Respiratoria Aguda",8,14,2026-06-22,153000,"Si",-1.09773824730597,1096,"Menor de edad"
"PAC-16590",55,"la florida","Artrosis",NA,5,2025-05-01,78000,"Si",-1.41134418784812,1097,"Adulto"
"PAC-96673",31,"santiago","Diabetes Mellitus Tipo 2",9,10,NA,504000,"Si",0.369937554431295,1098,"Adulto"
"PAC-58393",NA,"las condes","Artrosis",15,3,2026-09-11,NA,"No",NA,1099,NA
"PAC-23356",65,"la florida","Hipertensión Arterial",8,3,2026-06-10,736000,"No",1.34002526384168,1100,"Adulto mayor"
"PAC-99065",90,"providencia","Gastritis Crónica",NA,14,2025-10-10,752000,"Si",1.40692786449067,1101,"Adulto mayor"
"PAC-89131",NA,"maipú","Artrosis",8,2,2025-06-27,385000,"No",-0.127650537895584,1102,NA
"PAC-45400",60,"maipú","Diabetes Mellitus Tipo 2",11,0,2025-12-07,295000,"No",-0.503977666546164,1103,"Adulto"
"PAC-70901",76,"viña del mar","Artrosis",11,0,2026-01-06,716000,"No",1.25639701303044,1104,"Adulto mayor"
NA,77,"la florida","Neumonía",5,0,NA,260000,"No",-0.650327105465835,1105,"Adulto mayor"
"PAC-23577",28,"la florida","Infección Respiratoria Aguda",8,0,2025-11-19,109000,"No",-1.2817203990907,1106,"Adulto"
"PAC-69598",10,NA,"Diabetes Mellitus Tipo 2",12,1,2025-12-02,768000,"No",1.47383046513966,1107,"Menor de edad"
"PAC-83792",23,"puente alto","Diabetes Mellitus Tipo 2",7,10,2026-02-08,564000,"Si",0.620822306865015,1108,"Adulto"
"PAC-87397",39,"puente alto","Infección Respiratoria Aguda",4,0,2025-11-24,61000,"No",-1.48242820103767,1109,"Adulto"
"PAC-25157",77,"puente alto","Hipertensión Arterial",13,14,NA,NA,"Si",NA,1110,"Adulto mayor"
"PAC-65333",58,"viña del mar","Artrosis",10,3,2026-09-03,NA,"No",NA,1111,"Adulto"
"PAC-59797",68,"puente alto","Infección Respiratoria Aguda",9,14,2025-02-28,144000,"Si",-1.13537096017103,1112,"Adulto mayor"
"PAC-17592",62,"maipú","Infección Respiratoria Aguda",11,5,NA,48000,"Si",-1.53678656406498,1113,"Adulto"
"PAC-87110",57,"puente alto","Apendicitis Aguda",1,14,NA,470000,"Si",0.227769528052187,1114,"Adulto"
"PAC-82420",NA,"las condes","Hipertensión Arterial",7,3,2025-09-03,349000,"No",-0.278181389355816,1115,NA
"PAC-17665",68,"maipú","Apendicitis Aguda",8,14,2025-06-29,557000,"Si",0.591552419081081,1116,"Adulto mayor"
"PAC-37549",4,"puente alto","Diabetes Mellitus Tipo 2",10,2,2024-10-04,362000,"No",-0.22382302632851,1117,"Menor de edad"
"PAC-44664",67,"antofagasta","Diabetes Mellitus Tipo 2",10,0,2025-09-13,491000,"No",0.315579191403989,1118,"Adulto mayor"
"PAC-66959",77,"santiago","Neumonía",7,3,2024-09-27,454000,"No",0.160866927403195,1119,"Adulto mayor"
"PAC-65518",21,"maipú","Diabetes Mellitus Tipo 2",10,0,2025-07-05,361000,"No",-0.228004438869072,1120,"Adulto"
"PAC-30926",48,"santiago","Diabetes Mellitus Tipo 2",12,NA,2024-09-29,660000,NA,1.02223791075897,1121,"Adulto"
"PAC-72493",44,"puente alto","Hipertensión Arterial",8,1,NA,822000,"No",1.69962674233001,1122,"Adulto"
"PAC-83792",89,"puente alto","Hipertensión Arterial",14,3,2025-09-05,31000,"No",-1.60787057725453,1123,"Adulto mayor"
"PAC-44973",18,"concepción","Neumonía",15,10,2024-12-13,55000,"Si",-1.50751667628105,1124,"Adulto"
"PAC-17989",11,"valparaíso","Infección Respiratoria Aguda",1,0,2026-07-27,369000,"No",-0.194553138544576,1125,"Menor de edad"
"PAC-40495",79,"santiago","Apendicitis Aguda",4,NA,2025-04-13,523000,NA,0.449384392701973,1126,"Adulto mayor"
"PAC-97747",82,"valparaíso","Infección Respiratoria Aguda",9,5,2024-12-02,143000,"Si",-1.13955237271159,1127,"Adulto mayor"
"PAC-95990",47,"la florida","Diabetes Mellitus Tipo 2",4,10,2025-08-12,721000,"Si",1.27730407573325,1128,"Adulto"
"PAC-42742",65,"antofagasta","Infección Respiratoria Aguda",10,3,2025-10-21,773000,"No",1.49473752784247,1129,"Adulto mayor"
"PAC-45382",NA,"viña del mar","Diabetes Mellitus Tipo 2",5,2,2026-02-10,818000,"No",1.68290109216776,1130,NA
"PAC-94696",95,"la florida","Apendicitis Aguda",2,3,2025-03-29,312000,"No",-0.43289365335661,1131,"Adulto mayor"
"PAC-44335",74,"santiago","Artrosis",3,1,NA,500000,"No",0.353211904269047,1132,"Adulto mayor"
NA,71,"viña del mar","Gastritis Crónica",5,5,NA,559000,"Si",0.599915244162205,1133,"Adulto mayor"
"PAC-18161",84,"concepción","Apendicitis Aguda",7,10,2025-06-17,732000,"Si",1.32329961367943,1134,"Adulto mayor"
"PAC-19016",45,"antofagasta","Hipertensión Arterial",1,1,NA,273000,"No",-0.595968742438529,1135,"Adulto"
"PAC-87110",24,"providencia","Apendicitis Aguda",5,3,2026-06-19,654000,"No",0.997149435515596,1136,"Adulto"
"PAC-89415",NA,"maipú","Hipertensión Arterial",4,14,2025-06-13,399000,"Si",-0.0691107623277158,1137,NA
"PAC-32241",24,"santiago","Apendicitis Aguda",6,0,2024-09-28,390000,"No",-0.106743475192774,1138,"Adulto"
"PAC-43972",70,"santiago","Diabetes Mellitus Tipo 2",NA,0,2026-04-27,417000,"No",0.0061546634024003,1139,"Adulto mayor"
"PAC-53025",39,"providencia","Diabetes Mellitus Tipo 2",14,0,2026-01-13,766000,"No",1.46546764005854,1140,"Adulto"
"PAC-54587",54,"las condes","Hipertensión Arterial",8,0,NA,361000,"No",-0.228004438869072,1141,"Adulto"
"PAC-14165",5,"puente alto","Apendicitis Aguda",13,2,2025-09-08,721000,"No",1.27730407573325,1142,"Menor de edad"
"PAC-92960",87,"las condes","Apendicitis Aguda",NA,0,NA,460000,"No",0.185955402646567,1143,"Adulto mayor"
"PAC-21003",NA,"valparaíso","Gastritis Crónica",4,3,NA,763000,"No",1.45292340243685,1144,NA
"PAC-60432",80,"la florida","Infección Respiratoria Aguda",14,5,NA,NA,"Si",NA,1145,"Adulto mayor"
"PAC-38534",30,"puente alto","Artrosis",10,0,2026-07-01,226000,"No",-0.792495131844943,1146,"Adulto"
"PAC-83920",31,"antofagasta","Neumonía",13,0,2026-02-21,495000,"No",0.332304841566237,1147,"Adulto"
"PAC-31299",NA,"valparaíso","Hipertensión Arterial",7,1,2025-06-21,NA,"No",NA,1148,NA
"PAC-53933",41,"concepción","Diabetes Mellitus Tipo 2",8,1,2024-10-25,73000,"No",-1.43225125055093,1149,"Adulto"
"PAC-41195",46,"viña del mar","Infección Respiratoria Aguda",5,14,2025-07-18,96000,"Si",-1.336078762118,1150,"Adulto"
"PAC-19880",NA,NA,"Neumonía",NA,0,2025-01-18,439000,"No",0.0981457392947644,1151,NA
"PAC-76469",47,"antofagasta","Diabetes Mellitus Tipo 2",12,0,2025-03-17,807000,"No",1.63690555422158,1152,"Adulto"
"PAC-44522",72,"maipú","Diabetes Mellitus Tipo 2",12,3,2025-12-20,670000,"No",1.06405203616459,1153,"Adulto mayor"
"PAC-85914",12,"puente alto","Apendicitis Aguda",14,14,2026-03-09,83000,"Si",-1.39043712514531,1154,"Menor de edad"
"PAC-73788",70,"santiago","Hipertensión Arterial",7,10,2025-11-22,274000,"Si",-0.591787329897967,1155,"Adulto mayor"
"PAC-12540",42,NA,"Hipertensión Arterial",1,2,2026-04-30,677000,"No",1.09332192394852,1156,"Adulto"
"PAC-11934",39,"providencia","Diabetes Mellitus Tipo 2",13,0,NA,644000,"No",0.955335310109976,1157,"Adulto"
NA,NA,"las condes","Diabetes Mellitus Tipo 2",4,0,2024-10-07,NA,"No",NA,1158,NA
"PAC-35485",NA,"santiago","Artrosis",7,0,NA,223000,"No",-0.805039369466629,1159,NA
"PAC-66822",10,"valparaíso",NA,2,3,2026-06-11,82000,"No",-1.39461853768587,1160,"Menor de edad"
"PAC-44237",41,"santiago","Diabetes Mellitus Tipo 2",8,10,2025-12-18,135000,"Si",-1.17300367303609,1161,"Adulto"
"PAC-46048",53,"viña del mar","Apendicitis Aguda",3,2,2025-01-26,651000,"No",0.98460519789391,1162,"Adulto"
"PAC-13201",26,"concepción","Diabetes Mellitus Tipo 2",13,1,2026-08-31,361000,"No",-0.228004438869072,1163,"Adulto"
"PAC-81121",73,NA,"Infección Respiratoria Aguda",2,0,NA,528000,"No",0.470291455404783,1164,"Adulto mayor"
"PAC-46463",19,NA,"Gastritis Crónica",4,10,2025-03-10,22000,"Si",-1.64550329011959,1165,"Adulto"
"PAC-26728",NA,"providencia","Apendicitis Aguda",12,10,NA,703000,"Si",1.20203865000313,1166,NA
"PAC-85849",NA,"las condes","Infección Respiratoria Aguda",1,0,2025-05-16,99000,"No",-1.32353452449632,1167,NA
"PAC-92240",54,"providencia","Diabetes Mellitus Tipo 2",14,0,2026-08-29,NA,"No",NA,1168,"Adulto"
"PAC-48469",37,"las condes","Infección Respiratoria Aguda",NA,NA,NA,622000,NA,0.863344234217612,1169,"Adulto"
"PAC-55082",91,"santiago","Apendicitis Aguda",8,14,2025-05-09,293000,"Si",-0.512340491627288,1170,"Adulto mayor"
"PAC-17100",94,"las condes","Diabetes Mellitus Tipo 2",1,NA,2025-04-04,616000,NA,0.83825575897424,1171,"Adulto mayor"
"PAC-80855",58,"maipú","Neumonía",14,10,NA,54000,"Si",-1.51169808882161,1172,"Adulto"
"PAC-41285",88,"viña del mar","Gastritis Crónica",1,5,NA,452000,"Si",0.152504102322071,1173,"Adulto mayor"
"PAC-45774",NA,"puente alto","Infección Respiratoria Aguda",4,0,2025-05-01,438000,"No",0.0939643267542024,1174,NA
"PAC-70515",75,"viña del mar","Artrosis",7,10,2024-11-18,181000,"Si",-0.980658696170233,1175,"Adulto mayor"
"PAC-82845",56,"providencia","Infección Respiratoria Aguda",6,14,NA,NA,"Si",NA,1176,"Adulto"
"PAC-49139",NA,"providencia",NA,NA,0,NA,843000,"No",1.78743640568182,1177,NA
"PAC-68878",44,"santiago","Gastritis Crónica",6,1,2025-03-23,427000,"No",0.0479687888080204,1178,"Adulto"
"PAC-68991",77,"puente alto","Gastritis Crónica",10,5,2025-04-25,707000,"Si",1.21876430016538,1179,"Adulto mayor"
"PAC-92149",25,"viña del mar","Artrosis",15,3,NA,15000,"No",-1.67477317790353,1180,"Adulto"
"PAC-86019",83,"maipú","Apendicitis Aguda",10,0,2026-04-04,751000,"No",1.40274645195011,1181,"Adulto mayor"
"PAC-91560",28,"la florida","Neumonía",11,10,2026-02-07,192000,"Si",-0.934663158224051,1182,"Adulto"
"PAC-95180",25,"viña del mar","Diabetes Mellitus Tipo 2",NA,3,2025-06-21,48000,"No",-1.53678656406498,1183,"Adulto"
"PAC-61856",NA,"las condes","Neumonía",3,1,2025-08-04,621000,"No",0.85916282167705,1184,NA
"PAC-89516",44,"antofagasta","Neumonía",11,0,2026-08-27,366000,"No",-0.207097376166262,1185,"Adulto"
"PAC-63883",84,"santiago","Diabetes Mellitus Tipo 2",NA,5,2026-03-27,97000,"Si",-1.33189734957744,1186,"Adulto mayor"
"PAC-80575",58,NA,"Gastritis Crónica",13,0,NA,401000,"No",-0.0607479372465918,1187,"Adulto"
"PAC-49139",22,"valparaíso","Diabetes Mellitus Tipo 2",8,3,2024-11-09,214000,"No",-0.842672082331687,1188,"Adulto"
"PAC-40982",21,"puente alto","Hipertensión Arterial",13,5,2025-04-18,253000,"Si",-0.679596993249769,1189,"Adulto"
"PAC-80545",86,"la florida","Hipertensión Arterial",NA,3,2026-06-15,144000,"No",-1.13537096017103,1190,"Adulto mayor"
"PAC-46559",78,NA,"Gastritis Crónica",11,0,2025-03-29,120000,"No",-1.23572486114452,1191,"Adulto mayor"
NA,70,"santiago","Apendicitis Aguda",5,NA,2025-10-10,505000,NA,0.374118966971857,1192,"Adulto mayor"
"PAC-77000",54,"providencia","Apendicitis Aguda",10,0,NA,391000,"No",-0.102562062652212,1193,"Adulto"
"PAC-45697",9,"antofagasta",NA,NA,5,2025-08-31,NA,"Si",NA,1194,"Menor de edad"
"PAC-97806",38,"santiago","Hipertensión Arterial",6,1,2024-10-20,826000,"No",1.71635239249226,1195,"Adulto"
"PAC-59735",84,"maipú","Hipertensión Arterial",14,0,2026-03-01,213000,"No",-0.846853494872249,1196,"Adulto mayor"
"PAC-99166",34,"viña del mar","Apendicitis Aguda",13,0,2025-05-30,392000,"No",-0.0983806501116499,1197,"Adulto"
"PAC-92240",49,"santiago","Apendicitis Aguda",13,NA,2025-06-10,133000,NA,-1.18136649811721,1198,"Adulto"
"PAC-54020",35,"providencia","Infección Respiratoria Aguda",8,10,2025-05-21,814000,"Si",1.66617544200552,1199,"Adulto"
"PAC-15075",38,"santiago","Infección Respiratoria Aguda",11,10,NA,679000,"Si",1.10168474902965,1200,"Adulto"
"PAC-10221",75,"providencia","Diabetes Mellitus Tipo 2",NA,1,2026-03-05,397000,"No",-0.0774735874088398,1201,"Adulto mayor"
"PAC-43386",82,"providencia","Gastritis Crónica",2,3,2024-11-24,279000,"No",-0.570880267195157,1202,"Adulto mayor"
"PAC-95426",12,"santiago","Hipertensión Arterial",NA,3,2026-01-08,202000,"No",-0.892849032818431,1203,"Menor de edad"
"PAC-45093",38,"las condes","Apendicitis Aguda",13,1,2026-04-20,219000,"No",-0.821765019628877,1204,"Adulto"
"PAC-19305",18,"providencia","Apendicitis Aguda",15,1,NA,690000,"No",1.14768028697583,1205,"Adulto"
"PAC-26334",58,"viña del mar","Hipertensión Arterial",15,14,2026-06-20,495000,"Si",0.332304841566237,1206,"Adulto"
NA,92,"antofagasta","Diabetes Mellitus Tipo 2",11,5,NA,434000,"Si",0.0772386765919544,1207,"Adulto mayor"
"PAC-92719",54,"concepción","Artrosis",11,14,2025-11-14,85000,"Si",-1.38207430006419,1208,"Adulto"
"PAC-17716",35,"la florida","Diabetes Mellitus Tipo 2",11,1,2024-11-29,386000,"No",-0.123469125355022,1209,"Adulto"
"PAC-60140",NA,"providencia","Hipertensión Arterial",12,0,NA,735000,"No",1.33584385130112,1210,NA
"PAC-39219",87,"concepción","Artrosis",5,0,2025-01-03,637000,"No",0.926065422326042,1211,"Adulto mayor"
"PAC-90676",10,"providencia","Hipertensión Arterial",15,1,2025-10-09,656000,"No",1.00551226059672,1212,"Menor de edad"
"PAC-28373",10,"viña del mar","Gastritis Crónica",9,0,2024-10-12,670000,"No",1.06405203616459,1213,"Menor de edad"
"PAC-67091",16,"la florida","Gastritis Crónica",NA,5,2025-12-23,636000,"Si",0.92188400978548,1214,"Menor de edad"
"PAC-95215",75,"antofagasta","Apendicitis Aguda",5,10,2024-11-19,467000,"Si",0.215225290430501,1215,"Adulto mayor"
"PAC-38043",6,"providencia","Hipertensión Arterial",NA,14,2025-03-13,NA,"Si",NA,1216,"Menor de edad"
"PAC-15075",67,"maipú","Infección Respiratoria Aguda",7,2,2026-06-12,NA,"No",NA,1217,"Adulto mayor"
"PAC-31299",26,"maipú","Gastritis Crónica",1,10,2026-02-23,530000,"Si",0.478654280485907,1218,"Adulto"
"PAC-80292",20,"santiago","Infección Respiratoria Aguda",5,NA,NA,NA,NA,NA,1219,"Adulto"
"PAC-15209",62,"la florida","Apendicitis Aguda",NA,0,2026-01-11,104000,"No",-1.30262746179351,1220,"Adulto"
"PAC-56438",NA,"concepción","Infección Respiratoria Aguda",6,0,2024-10-22,NA,"No",NA,1221,NA
"PAC-24029",28,"las condes","Gastritis Crónica",8,0,2025-10-23,306000,"No",-0.457982128599982,1222,"Adulto"
"PAC-98781",36,"providencia","Hipertensión Arterial",NA,NA,2026-09-06,363000,NA,-0.219641613787948,1223,"Adulto"
"PAC-60968",53,"santiago","Neumonía",13,NA,2025-12-26,108000,NA,-1.28590181163126,1224,"Adulto"
"PAC-27146",NA,"providencia","Infección Respiratoria Aguda",15,2,NA,769000,"No",1.47801187768023,1225,NA
"PAC-80702",84,"concepción",NA,NA,0,2024-12-15,541000,"No",0.524649818432089,1226,"Adulto mayor"
"PAC-19038",47,"la florida","Gastritis Crónica",NA,0,2025-10-25,440000,"No",0.102327151835326,1227,"Adulto"
"PAC-60328",56,"valparaíso","Hipertensión Arterial",15,10,2025-06-11,103000,"Si",-1.30680887433407,1228,"Adulto"
"PAC-39831",29,"santiago","Infección Respiratoria Aguda",2,5,2025-01-16,705000,"Si",1.21040147508426,1229,"Adulto"
"PAC-74042",77,"viña del mar","Gastritis Crónica",4,0,2025-10-02,708000,"No",1.22294571270594,1230,"Adulto mayor"
"PAC-54236",77,"viña del mar","Hipertensión Arterial",7,NA,2024-11-28,NA,NA,NA,1231,"Adulto mayor"
"PAC-51904",NA,"las condes",NA,15,0,2025-08-12,NA,"No",NA,1232,NA
"PAC-44814",53,"antofagasta","Gastritis Crónica",4,NA,NA,476000,NA,0.252858003295559,1233,"Adulto"
"PAC-81810",70,"viña del mar","Hipertensión Arterial",13,0,2026-03-17,NA,"No",NA,1234,"Adulto mayor"
"PAC-31632",69,"antofagasta","Hipertensión Arterial",14,2,2024-12-07,635000,"No",0.917702597244918,1235,"Adulto mayor"
"PAC-21226",63,"viña del mar","Neumonía",14,5,2026-03-18,786000,"Si",1.54909589086978,1236,"Adulto"
"PAC-57819",NA,"antofagasta",NA,7,0,2026-06-08,NA,"No",NA,1237,NA
"PAC-51441",40,"santiago","Diabetes Mellitus Tipo 2",4,NA,2026-03-17,NA,NA,NA,1238,"Adulto"
"PAC-42953",81,"las condes","Gastritis Crónica",7,10,2025-03-30,339000,"Si",-0.319995514761436,1239,"Adulto mayor"
"PAC-47606",81,"providencia","Diabetes Mellitus Tipo 2",14,0,2024-11-25,771000,"No",1.48637470276135,1240,"Adulto mayor"
"PAC-38893",64,"maipú","Diabetes Mellitus Tipo 2",2,0,2025-04-03,452000,"No",0.152504102322071,1241,"Adulto"
"PAC-25866",8,"providencia","Neumonía",12,0,2026-05-12,821000,"No",1.69544532978945,1242,"Menor de edad"
"PAC-30052",25,"santiago","Gastritis Crónica",11,0,2025-12-02,251000,"No",-0.687959818330893,1243,"Adulto"
"PAC-21003",6,"la florida","Gastritis Crónica",11,10,2025-12-10,753000,"Si",1.41110927703123,1244,"Menor de edad"
"PAC-99065",NA,"antofagasta","Hipertensión Arterial",9,0,2026-01-02,438000,"No",0.0939643267542024,1245,NA
"PAC-62350",62,"valparaíso","Gastritis Crónica",7,1,2026-05-17,183000,"No",-0.972295871089109,1246,"Adulto"
"PAC-31417",58,"maipú","Artrosis",11,NA,2025-07-11,427000,NA,0.0479687888080204,1247,"Adulto"
"PAC-97841",52,"antofagasta","Hipertensión Arterial",12,10,NA,285000,"Si",-0.545791791951785,1248,"Adulto"
"PAC-67422",17,"maipú","Hipertensión Arterial",10,0,2025-03-31,752000,"No",1.40692786449067,1249,"Menor de edad"
"PAC-23947",5,"concepción","Infección Respiratoria Aguda",5,0,2026-02-21,130000,"No",-1.1939107357389,1250,"Menor de edad"
"PAC-72070",17,"maipú","Apendicitis Aguda",13,1,2026-07-28,343000,"No",-0.303269864599188,1251,"Menor de edad"
"PAC-65108",2,"providencia","Gastritis Crónica",6,2,2026-06-18,NA,"No",NA,1252,"Menor de edad"
"PAC-12560",54,"providencia","Hipertensión Arterial",3,1,NA,472000,"No",0.236132353133311,1253,"Adulto"
"PAC-18675",NA,"providencia","Infección Respiratoria Aguda",14,1,2025-08-07,588000,"No",0.721176207838503,1254,NA
"PAC-54118",46,"concepción","Hipertensión Arterial",4,3,2026-02-06,591000,"No",0.733720445460189,1255,"Adulto"
"PAC-23833",31,"maipú","Diabetes Mellitus Tipo 2",13,10,2026-03-01,282000,"Si",-0.558336029573471,1256,"Adulto"
"PAC-98781",18,"santiago","Apendicitis Aguda",4,0,2024-11-15,NA,"No",NA,1257,"Adulto"
"PAC-66985",31,"providencia",NA,9,0,2026-09-25,NA,"No",NA,1258,"Adulto"
"PAC-85849",77,"antofagasta","Apendicitis Aguda",9,NA,2026-07-07,306000,NA,-0.457982128599982,1259,"Adulto mayor"
"PAC-30289",29,"la florida","Gastritis Crónica",14,10,NA,321000,"Si",-0.395260940491552,1260,"Adulto"
"PAC-98777",33,"valparaíso","Infección Respiratoria Aguda",5,NA,2024-11-01,367000,NA,-0.2029159636257,1261,"Adulto"
"PAC-70589",89,"providencia","Artrosis",15,0,2024-12-09,145000,"No",-1.13118954763047,1262,"Adulto mayor"
"PAC-46434",NA,"santiago","Infección Respiratoria Aguda",NA,14,NA,72000,"Si",-1.43643266309149,1263,NA
"PAC-65461",8,"viña del mar","Diabetes Mellitus Tipo 2",10,0,2025-11-25,NA,"No",NA,1264,"Menor de edad"
"PAC-89516",89,"antofagasta","Hipertensión Arterial",5,0,2025-10-24,470000,"No",0.227769528052187,1265,"Adulto mayor"
"PAC-38221",66,"santiago","Hipertensión Arterial",12,3,2025-05-14,775000,"No",1.5031003529236,1266,"Adulto mayor"
"PAC-82692",93,"antofagasta","Neumonía",NA,0,NA,495000,"No",0.332304841566237,1267,"Adulto mayor"
"PAC-78386",NA,"antofagasta","Gastritis Crónica",7,0,NA,414000,"No",-0.00638957421928572,1268,NA
"PAC-66346",40,"puente alto","Hipertensión Arterial",2,NA,2026-05-01,378000,NA,-0.156920425679518,1269,"Adulto"
"PAC-66498",25,"la florida","Neumonía",9,0,2025-01-25,501000,"No",0.357393316809609,1270,"Adulto"
"PAC-50306",87,"providencia","Diabetes Mellitus Tipo 2",8,5,NA,759000,"Si",1.43619775227461,1271,"Adulto mayor"
"PAC-18161",20,"antofagasta","Gastritis Crónica",3,10,2026-01-03,178000,"Si",-0.993202933791919,1272,"Adulto"
"PAC-52237",62,"providencia","Diabetes Mellitus Tipo 2",15,1,2025-12-27,21000,"No",-1.64968470266015,1273,"Adulto"
"PAC-71993",2,"santiago","Diabetes Mellitus Tipo 2",2,0,2026-09-21,186000,"No",-0.959751633467423,1274,"Menor de edad"
"PAC-69177",30,"la florida","Artrosis",9,3,2026-03-26,303000,"No",-0.470526366221668,1275,"Adulto"
"PAC-20500",48,"valparaíso","Neumonía",3,5,NA,365000,"Si",-0.211278788706824,1276,"Adulto"
"PAC-37760",70,"la florida","Apendicitis Aguda",9,5,2026-04-29,437000,"Si",0.0897829142136404,1277,"Adulto mayor"
"PAC-42406",7,"santiago","Infección Respiratoria Aguda",13,0,NA,645000,"No",0.959516722650538,1278,"Menor de edad"
"PAC-43586",14,"las condes","Infección Respiratoria Aguda",2,1,2025-09-29,15000,"No",-1.67477317790353,1279,"Menor de edad"
"PAC-17100",NA,"santiago","Diabetes Mellitus Tipo 2",14,5,2026-01-27,40000,"Si",-1.57023786438948,1280,NA
"PAC-45093",59,"antofagasta","Diabetes Mellitus Tipo 2",NA,0,NA,726000,"No",1.29821113843606,1281,"Adulto"
"PAC-55508",52,"santiago","Infección Respiratoria Aguda",8,0,2025-10-15,291000,"No",-0.520703316708413,1282,"Adulto"
"PAC-15482",18,"maipú","Gastritis Crónica",NA,NA,2025-06-26,496000,NA,0.336486254106799,1283,"Adulto"
"PAC-21915",4,"santiago","Infección Respiratoria Aguda",5,1,2024-11-18,789000,"No",1.56164012849147,1284,"Menor de edad"
"PAC-69470",43,"viña del mar","Apendicitis Aguda",11,10,2026-01-03,679000,"Si",1.10168474902965,1285,"Adulto"
"PAC-70332",8,"antofagasta","Infección Respiratoria Aguda",4,0,NA,555000,"No",0.583189593999957,1286,"Menor de edad"
"PAC-91416",61,"santiago","Apendicitis Aguda",12,5,2025-04-13,442000,"Si",0.11068997691645,1287,"Adulto"
"PAC-49139",26,"valparaíso","Neumonía",10,0,NA,176000,"No",-1.00156575887304,1288,"Adulto"
"PAC-33086",8,"maipú","Hipertensión Arterial",15,5,2026-05-12,62000,"Si",-1.47824678849711,1289,"Menor de edad"
"PAC-24662",87,"valparaíso","Neumonía",12,10,NA,825000,"Si",1.7121709799517,1290,"Adulto mayor"
"PAC-91560",61,"maipú","Infección Respiratoria Aguda",2,14,2026-05-20,760000,"Si",1.44037916481517,1291,"Adulto"
NA,66,"valparaíso","Neumonía",6,2,2025-08-15,614000,"No",0.829892933893116,1292,"Adulto mayor"
"PAC-41850",92,"maipú","Neumonía",11,0,NA,502000,"No",0.361574729350171,1293,"Adulto mayor"
"PAC-40512",77,"concepción","Artrosis",8,0,2024-12-13,482000,"No",0.277946478538931,1294,"Adulto mayor"
"PAC-67091",56,"santiago","Infección Respiratoria Aguda",3,1,2026-06-01,226000,"No",-0.792495131844943,1295,"Adulto"
"PAC-87128",53,"providencia","Apendicitis Aguda",5,2,NA,427000,"No",0.0479687888080204,1296,"Adulto"
"PAC-79615",77,"providencia","Neumonía",4,5,2024-11-11,448000,"Si",0.135778452159823,1297,"Adulto mayor"
"PAC-46463",23,"viña del mar","Neumonía",8,5,2026-03-17,364000,"Si",-0.215460201247386,1298,"Adulto"
"PAC-83920",43,"concepción","Hipertensión Arterial",15,NA,2025-08-10,241000,NA,-0.729773943736513,1299,"Adulto"
"PAC-43065",51,"valparaíso","Infección Respiratoria Aguda",4,NA,2026-09-05,770000,NA,1.48219329022079,1300,"Adulto"
"PAC-17455",49,"santiago","Gastritis Crónica",4,0,NA,151000,"No",-1.10610107238709,1301,"Adulto"
"PAC-84177",16,"providencia","Hipertensión Arterial",13,0,2025-06-18,175000,"No",-1.00574717141361,1302,"Menor de edad"
"PAC-55508",3,"providencia","Hipertensión Arterial",6,10,2026-03-17,76000,"Si",-1.41970701292924,1303,"Menor de edad"
"PAC-78146",82,"providencia","Neumonía",NA,0,2025-02-04,681000,"No",1.11004757411077,1304,"Adulto mayor"
"PAC-72493",6,"providencia","Diabetes Mellitus Tipo 2",13,0,2025-03-20,469000,"No",0.223588115511625,1305,"Menor de edad"
"PAC-95813",60,"maipú","Hipertensión Arterial",14,14,2025-10-15,600000,"Si",0.771353158325248,1306,"Adulto"
"PAC-70946",88,"puente alto","Hipertensión Arterial",5,NA,2025-01-31,846000,NA,1.7999806433035,1307,"Adulto mayor"
"PAC-30374",NA,"providencia","Hipertensión Arterial",15,0,2025-09-05,429000,"No",0.0563316138891444,1308,NA
"PAC-74686",NA,"providencia","Artrosis",8,1,2025-02-18,594000,"No",0.746264683081875,1309,NA
"PAC-10464",52,"puente alto","Hipertensión Arterial",1,0,2025-09-10,380000,"No",-0.148557600598394,1310,"Adulto"
"PAC-92149",86,"maipú","Diabetes Mellitus Tipo 2",13,0,2025-08-08,NA,"No",NA,1311,"Adulto mayor"
"PAC-99065",28,"providencia","Infección Respiratoria Aguda",7,3,2025-06-10,479000,"No",0.265402240917245,1312,"Adulto"
"PAC-13534",7,"la florida","Hipertensión Arterial",10,2,2026-08-31,794000,"No",1.58254719119428,1313,"Menor de edad"
"PAC-95180",NA,"valparaíso","Apendicitis Aguda",4,1,2026-07-06,275000,"No",-0.587605917357405,1314,NA
"PAC-18993",94,"santiago","Infección Respiratoria Aguda",7,NA,2025-05-19,NA,NA,NA,1315,"Adulto mayor"
NA,18,"valparaíso","Diabetes Mellitus Tipo 2",NA,5,2025-03-12,727000,"Si",1.30239255097662,1316,"Adulto"
"PAC-15817",44,"providencia","Neumonía",11,1,2025-12-24,NA,"No",NA,1317,"Adulto"
"PAC-81200",55,NA,"Apendicitis Aguda",9,0,2026-05-24,585000,"No",0.708631970216817,1318,"Adulto"
"PAC-32810",91,"providencia","Infección Respiratoria Aguda",10,NA,2025-01-07,270000,NA,-0.608512980060215,1319,"Adulto mayor"
"PAC-25118",64,"maipú","Apendicitis Aguda",6,1,2025-01-27,446000,"No",0.127415627078698,1320,"Adulto"
"PAC-70515",69,"la florida","Diabetes Mellitus Tipo 2",12,14,2026-08-17,539000,"Si",0.516286993350965,1321,"Adulto mayor"
"PAC-39154",86,"providencia","Diabetes Mellitus Tipo 2",2,0,2025-04-08,93000,"No",-1.34862299973969,1322,"Adulto mayor"
"PAC-38534",40,"santiago","Infección Respiratoria Aguda",13,NA,2025-08-09,679000,NA,1.10168474902965,1323,"Adulto"
"PAC-42591",93,"providencia","Hipertensión Arterial",9,2,2024-12-06,27000,"No",-1.62459622741678,1324,"Adulto mayor"
"PAC-22097",16,"concepción","Hipertensión Arterial",3,3,2026-02-23,187000,"No",-0.955570220926861,1325,"Menor de edad"
"PAC-19602",75,"santiago","Apendicitis Aguda",2,NA,2025-10-15,708000,NA,1.22294571270594,1326,"Adulto mayor"
"PAC-72296",20,"santiago","Infección Respiratoria Aguda",14,2,2026-05-21,343000,"No",-0.303269864599188,1327,"Adulto"
"PAC-57052",29,"santiago","Infección Respiratoria Aguda",1,3,2025-08-02,NA,"No",NA,1328,"Adulto"
"PAC-44760",79,"la florida","Neumonía",2,14,2024-11-12,223000,"Si",-0.805039369466629,1329,"Adulto mayor"
"PAC-61049",31,"providencia","Infección Respiratoria Aguda",NA,2,2026-07-05,214000,"No",-0.842672082331687,1330,"Adulto"
"PAC-13804",70,"antofagasta","Apendicitis Aguda",14,14,2026-05-04,389000,"Si",-0.110924887733336,1331,"Adulto mayor"
"PAC-15778",23,"concepción","Infección Respiratoria Aguda",NA,1,2026-03-28,NA,"No",NA,1332,"Adulto"
"PAC-17665",38,"concepción","Neumonía",12,0,2024-11-10,389000,"No",-0.110924887733336,1333,"Adulto"
"PAC-21114",33,"antofagasta","Apendicitis Aguda",12,0,2025-11-18,523000,"No",0.449384392701973,1334,"Adulto"
"PAC-98259",70,"puente alto","Hipertensión Arterial",3,0,2026-07-03,634000,"No",0.913521184704356,1335,"Adulto mayor"
"PAC-62743",35,"providencia","Diabetes Mellitus Tipo 2",15,0,2024-12-24,118000,"No",-1.24408768622564,1336,"Adulto"
"PAC-18834",NA,"la florida","Diabetes Mellitus Tipo 2",5,0,NA,577000,"No",0.675180669892321,1337,NA
"PAC-78146",16,"antofagasta","Hipertensión Arterial",8,0,2025-12-29,NA,"No",NA,1338,"Menor de edad"
"PAC-57739",NA,"puente alto","Hipertensión Arterial",12,2,2025-12-03,167000,"No",-1.0391984717381,1339,NA
"PAC-50404",63,"puente alto","Artrosis",14,10,2026-07-20,739000,"Si",1.35256950146337,1340,"Adulto"
"PAC-89507",11,"maipú","Neumonía",1,0,2025-08-04,716000,"No",1.25639701303044,1341,"Menor de edad"
"PAC-35995",82,"valparaíso","Infección Respiratoria Aguda",9,10,2025-09-19,488000,"Si",0.303034953782303,1342,"Adulto mayor"
"PAC-68878",49,"concepción","Gastritis Crónica",15,0,NA,813000,"No",1.66199402946495,1343,"Adulto"
"PAC-59689",88,"concepción","Neumonía",2,5,2026-02-18,103000,"Si",-1.30680887433407,1344,"Adulto mayor"
"PAC-85880",53,"providencia","Gastritis Crónica",10,0,2025-12-08,779000,"No",1.51982600308585,1345,"Adulto"
"PAC-13248",15,"providencia","Neumonía",13,0,2025-12-01,160000,"No",-1.06846835952204,1346,"Menor de edad"
"PAC-95215",6,NA,"Diabetes Mellitus Tipo 2",14,3,2026-03-21,NA,"No",NA,1347,"Menor de edad"
"PAC-16006",68,"concepción","Diabetes Mellitus Tipo 2",5,2,2024-10-21,710000,"No",1.23130853778707,1348,"Adulto mayor"
"PAC-10726",64,"santiago","Gastritis Crónica",4,14,NA,174000,"Si",-1.00992858395417,1349,"Adulto"
"PAC-23947",39,"valparaíso","Diabetes Mellitus Tipo 2",12,NA,2025-08-19,667000,NA,1.0515077985429,1350,"Adulto"
"PAC-49139",16,"puente alto","Hipertensión Arterial",10,NA,2024-11-12,417000,NA,0.0061546634024003,1351,"Menor de edad"
"PAC-41571",26,"santiago","Diabetes Mellitus Tipo 2",11,1,NA,349000,"No",-0.278181389355816,1352,"Adulto"
"PAC-67912",36,"la florida","Infección Respiratoria Aguda",5,0,2025-11-08,593000,"No",0.742083270541313,1353,"Adulto"
"PAC-80545",18,"las condes","Artrosis",3,0,2024-12-25,688000,"No",1.1393174618947,1354,"Adulto"
"PAC-31579",40,"valparaíso","Artrosis",3,0,2026-02-26,236000,"No",-0.750681006439323,1355,"Adulto"
"PAC-10053",6,"antofagasta","Hipertensión Arterial",5,1,2025-04-11,380000,"No",-0.148557600598394,1356,"Menor de edad"
"PAC-41358",27,"santiago","Hipertensión Arterial",10,0,2025-05-24,707000,"No",1.21876430016538,1357,"Adulto"
"PAC-93136",84,"providencia","Diabetes Mellitus Tipo 2",10,0,NA,361000,"No",-0.228004438869072,1358,"Adulto mayor"
"PAC-36130",66,"concepción","Gastritis Crónica",8,1,2025-01-24,618000,"No",0.846618584055364,1359,"Adulto mayor"
"PAC-45992",62,"las condes","Gastritis Crónica",12,0,2025-07-18,342000,"No",-0.30745127713975,1360,"Adulto"
"PAC-57447",50,"concepción","Diabetes Mellitus Tipo 2",NA,3,2026-03-08,528000,"No",0.470291455404783,1361,"Adulto"
"PAC-53309",52,"santiago","Neumonía",7,NA,2025-03-31,415000,NA,-0.00220816167872371,1362,"Adulto"
"PAC-19016",57,"maipú","Diabetes Mellitus Tipo 2",8,1,2026-05-30,276000,"No",-0.583424504816843,1363,"Adulto"
"PAC-76784",31,"la florida","Neumonía",9,10,2025-09-14,115000,"Si",-1.25663192384733,1364,"Adulto"
"PAC-73624",NA,"puente alto","Neumonía",4,3,2024-12-26,460000,"No",0.185955402646567,1365,NA
"PAC-57739",86,"antofagasta","Artrosis",13,0,2026-07-28,802000,"No",1.61599849151877,1366,"Adulto mayor"
"PAC-30257",43,"maipú","Diabetes Mellitus Tipo 2",12,10,NA,348000,"Si",-0.282362801896378,1367,"Adulto"
"PAC-23356",37,"providencia","Diabetes Mellitus Tipo 2",1,0,2025-01-19,521000,"No",0.441021567620849,1368,"Adulto"
"PAC-42527",50,"santiago","Hipertensión Arterial",3,5,2024-11-06,NA,"Si",NA,1369,"Adulto"
"PAC-73788",12,"maipú","Infección Respiratoria Aguda",NA,0,NA,548000,"No",0.553919706216023,1370,"Menor de edad"
"PAC-18675",16,"antofagasta","Neumonía",15,14,2026-02-27,110000,"Si",-1.27753898655014,1371,"Menor de edad"
"PAC-51114",70,"antofagasta","Diabetes Mellitus Tipo 2",NA,10,2024-11-13,761000,"Si",1.44456057735573,1372,"Adulto mayor"
"PAC-16826",NA,"providencia","Hipertensión Arterial",10,14,2026-08-13,448000,"Si",0.135778452159823,1373,NA
"PAC-23970",74,"providencia","Gastritis Crónica",1,0,2025-02-14,NA,"No",NA,1374,"Adulto mayor"
"PAC-82667",36,"antofagasta","Apendicitis Aguda",NA,0,2026-07-18,579000,"No",0.683543494973445,1375,"Adulto"
"PAC-62994",95,"providencia","Infección Respiratoria Aguda",2,NA,2026-04-18,41000,NA,-1.56605645184891,1376,"Adulto mayor"
"PAC-95813",52,"valparaíso","Gastritis Crónica",NA,0,2024-11-02,426000,"No",0.0437873762674584,1377,"Adulto"
"PAC-20322",81,NA,"Infección Respiratoria Aguda",14,0,2026-03-14,518000,"No",0.428477329999163,1378,"Adulto mayor"
"PAC-38569",51,"maipú","Neumonía",10,0,NA,809000,"No",1.64526837930271,1379,"Adulto"
"PAC-79822",15,"santiago","Artrosis",11,10,2026-07-02,164000,"Si",-1.05174270935979,1380,"Menor de edad"
"PAC-18161",3,"providencia","Hipertensión Arterial",6,1,2026-02-21,167000,"No",-1.0391984717381,1381,"Menor de edad"
"PAC-42591",76,NA,"Diabetes Mellitus Tipo 2",1,3,2025-02-23,329000,"No",-0.361809640167056,1382,"Adulto mayor"
"PAC-15209",81,"santiago","Diabetes Mellitus Tipo 2",10,5,2026-05-14,628000,"Si",0.888432709460984,1383,"Adulto mayor"
"PAC-31417",49,"santiago","Infección Respiratoria Aguda",15,0,2026-03-05,NA,"No",NA,1384,"Adulto"
"PAC-43586",NA,"las condes","Hipertensión Arterial",2,0,2025-03-13,152000,"No",-1.10191965984653,1385,NA
"PAC-80697",55,"antofagasta","Hipertensión Arterial",2,0,2025-01-06,421000,"No",0.0228803135646483,1386,"Adulto"
"PAC-27361",3,"la florida","Artrosis",4,10,2025-11-19,NA,"Si",NA,1387,"Menor de edad"
"PAC-78386",69,"las condes",NA,2,0,2025-05-19,265000,"No",-0.629420042763025,1388,"Adulto mayor"
"PAC-12560",NA,"maipú","Diabetes Mellitus Tipo 2",8,NA,2025-07-22,792000,NA,1.57418436611315,1389,NA
"PAC-26683",NA,"valparaíso","Diabetes Mellitus Tipo 2",14,3,2024-12-15,215000,"No",-0.838490669791125,1390,NA
"PAC-99687",88,NA,"Hipertensión Arterial",11,0,NA,327000,"No",-0.37017246524818,1391,"Adulto mayor"
"PAC-39451",51,"la florida","Infección Respiratoria Aguda",4,14,2025-09-05,129000,"Si",-1.19809214827946,1392,"Adulto"
"PAC-99353",41,"viña del mar","Infección Respiratoria Aguda",8,0,2025-12-23,195000,"No",-0.922118920602365,1393,"Adulto"
"PAC-66179",26,"viña del mar",NA,NA,0,NA,601000,"No",0.775534570865809,1394,"Adulto"
"PAC-76307",19,"puente alto","Infección Respiratoria Aguda",6,10,2025-03-15,311000,"Si",-0.437075065897172,1395,"Adulto"
"PAC-83385",86,"valparaíso","Diabetes Mellitus Tipo 2",12,0,2025-01-21,357000,"No",-0.24473008903132,1396,"Adulto mayor"
"PAC-95181",82,"las condes","Diabetes Mellitus Tipo 2",4,1,2025-09-26,31000,"No",-1.60787057725453,1397,"Adulto mayor"
"PAC-39154",10,"santiago","Diabetes Mellitus Tipo 2",15,1,2025-09-22,378000,"No",-0.156920425679518,1398,"Menor de edad"
"PAC-49240",10,"providencia","Hipertensión Arterial",6,0,2025-05-30,451000,"No",0.148322689781509,1399,"Menor de edad"
"PAC-68991",63,NA,"Gastritis Crónica",6,1,2025-09-22,39000,"No",-1.57441927693004,1400,"Adulto"
"PAC-30257",42,"puente alto","Infección Respiratoria Aguda",13,NA,2025-09-14,420000,NA,0.0186989010240863,1401,"Adulto"
"PAC-88697",34,"antofagasta","Diabetes Mellitus Tipo 2",2,0,2025-06-10,155000,"No",-1.08937542222485,1402,"Adulto"
"PAC-18993",30,"las condes","Apendicitis Aguda",11,1,2025-11-18,795000,"No",1.58672860373484,1403,"Adulto"
"PAC-44237",52,"santiago","Artrosis",9,1,2026-06-03,813000,"No",1.66199402946495,1404,"Adulto"
"PAC-92397",56,"santiago","Gastritis Crónica",6,0,2025-12-13,NA,"No",NA,1405,"Adulto"
"PAC-87992",80,"providencia","Gastritis Crónica",11,0,2026-02-27,112000,"No",-1.26917616146901,1406,"Adulto mayor"
"PAC-18418",1,"providencia","Neumonía",12,0,NA,469000,"No",0.223588115511625,1407,"Menor de edad"
"PAC-59797",71,"la florida","Infección Respiratoria Aguda",7,10,2026-08-03,683000,"Si",1.11841039919189,1408,"Adulto mayor"
"PAC-69929",21,"las condes","Infección Respiratoria Aguda",5,0,2025-02-27,107000,"No",-1.29008322417182,1409,"Adulto"
"PAC-65057",41,"puente alto","Apendicitis Aguda",2,3,2026-07-28,NA,"No",NA,1410,"Adulto"
"PAC-28301",47,"valparaíso","Apendicitis Aguda",12,NA,NA,356000,NA,-0.248911501571882,1411,"Adulto"
"PAC-87397",1,"la florida","Hipertensión Arterial",1,1,2026-03-19,574000,"No",0.662636432270635,1412,"Menor de edad"
"PAC-78386",14,"viña del mar","Diabetes Mellitus Tipo 2",9,0,2025-07-10,768000,"No",1.47383046513966,1413,"Menor de edad"
"PAC-76768",6,"providencia","Diabetes Mellitus Tipo 2",9,0,2024-10-22,NA,"No",NA,1414,"Menor de edad"
"PAC-39219",61,"antofagasta","Hipertensión Arterial",NA,0,2025-11-14,521000,"No",0.441021567620849,1415,"Adulto"
"PAC-29342",32,"maipú","Diabetes Mellitus Tipo 2",13,0,2026-04-14,743000,"No",1.36929515162561,1416,"Adulto"
"PAC-45992",37,NA,"Neumonía",9,14,2025-01-06,NA,"Si",NA,1417,"Adulto"
"PAC-36158",69,"puente alto","Apendicitis Aguda",11,3,2025-02-10,647000,"No",0.967879547731662,1418,"Adulto mayor"
"PAC-34050",62,"valparaíso","Artrosis",8,1,2025-12-18,396000,"No",-0.0816549999494018,1419,"Adulto"
"PAC-58571",24,"maipú","Infección Respiratoria Aguda",5,1,2026-06-15,379000,"No",-0.152739013138956,1420,"Adulto"
"PAC-77561",91,"las condes","Infección Respiratoria Aguda",3,0,2025-10-24,225000,"No",-0.796676544385505,1421,"Adulto mayor"
NA,53,"valparaíso","Neumonía",14,0,2025-06-23,797000,"No",1.59509142881596,1422,"Adulto"
"PAC-21226",6,"concepción","Infección Respiratoria Aguda",8,10,2025-02-22,80000,"Si",-1.402981362767,1423,"Menor de edad"
"PAC-72296",80,"la florida",NA,2,1,2024-10-21,560000,"No",0.604096656702767,1424,"Adulto mayor"
"PAC-38221",28,"la florida","Diabetes Mellitus Tipo 2",10,3,2025-04-29,797000,"No",1.59509142881596,1425,"Adulto"
"PAC-47930",91,"providencia","Diabetes Mellitus Tipo 2",6,10,2026-04-28,293000,"Si",-0.512340491627288,1426,"Adulto mayor"
"PAC-69692",60,"las condes","Gastritis Crónica",13,0,NA,706000,"No",1.21458288762482,1427,"Adulto"
"PAC-31319",88,"santiago","Neumonía",10,1,2025-06-17,NA,"No",NA,1428,"Adulto mayor"
"PAC-24621",41,"santiago","Artrosis",4,3,2025-08-06,468000,"No",0.219406702971063,1429,"Adulto"
"PAC-71348",31,"maipú","Diabetes Mellitus Tipo 2",8,0,2025-10-08,569000,"No",0.641729369567825,1430,"Adulto"
"PAC-40828",40,"concepción","Apendicitis Aguda",11,10,2025-04-13,179000,"Si",-0.989021521251357,1431,"Adulto"
"PAC-44335",18,"puente alto","Diabetes Mellitus Tipo 2",13,0,2026-05-02,839000,"No",1.77071075551957,1432,"Adulto"
"PAC-64987",57,"santiago","Neumonía",7,10,2025-08-23,NA,"Si",NA,1433,"Adulto"
"PAC-65255",64,"la florida","Hipertensión Arterial",14,NA,2025-02-06,624000,NA,0.871707059298736,1434,"Adulto"
"PAC-82063",39,"santiago","Neumonía",14,0,2025-12-10,755000,"No",1.41947210211236,1435,"Adulto"
"PAC-60488",27,"valparaíso","Apendicitis Aguda",14,3,2024-11-13,620000,"No",0.854981409136488,1436,"Adulto"
"PAC-89840",61,"puente alto","Apendicitis Aguda",6,5,2025-03-10,312000,"Si",-0.43289365335661,1437,"Adulto"
"PAC-19071",46,"viña del mar","Neumonía",12,NA,2024-12-02,264000,NA,-0.633601455303587,1438,"Adulto"
"PAC-15075",32,"la florida","Diabetes Mellitus Tipo 2",6,0,2025-12-29,489000,"No",0.307216366322865,1439,"Adulto"
"PAC-94939",59,"antofagasta","Diabetes Mellitus Tipo 2",2,0,2025-05-02,NA,"No",NA,1440,"Adulto"
"PAC-39871",48,"providencia","Hipertensión Arterial",8,NA,2025-04-17,119000,NA,-1.23990627368508,1441,"Adulto"
"PAC-67199",29,"la florida","Infección Respiratoria Aguda",9,14,2026-02-08,780000,"Si",1.52400741562641,1442,"Adulto"
"PAC-89840",43,"santiago","Artrosis",14,0,2024-11-07,605000,"No",0.792260221028057,1443,"Adulto"
"PAC-23970",38,"la florida","Diabetes Mellitus Tipo 2",8,NA,NA,360000,NA,-0.232185851409634,1444,"Adulto"
"PAC-77889",74,"maipú","Infección Respiratoria Aguda",14,1,2025-09-17,600000,"No",0.771353158325248,1445,"Adulto mayor"
"PAC-28726",5,"maipú","Gastritis Crónica",1,14,2024-12-29,209000,"Si",-0.863579145034497,1446,"Menor de edad"
"PAC-62350",26,"la florida","Infección Respiratoria Aguda",4,5,2025-02-23,NA,"Si",NA,1447,"Adulto"
"PAC-23104",34,"antofagasta","Hipertensión Arterial",10,1,2025-03-01,532000,"No",0.487017105567031,1448,"Adulto"
"PAC-51467",47,"valparaíso","Gastritis Crónica",1,5,2025-07-09,NA,"Si",NA,1449,"Adulto"
"PAC-49446",40,"providencia","Diabetes Mellitus Tipo 2",13,0,NA,553000,"No",0.574826768918833,1450,"Adulto"
"PAC-42406",19,"santiago","Gastritis Crónica",6,3,2025-11-22,144000,"No",-1.13537096017103,1451,"Adulto"
"PAC-84691",74,"viña del mar","Diabetes Mellitus Tipo 2",15,5,2025-07-11,639000,"Si",0.934428247407166,1452,"Adulto mayor"
"PAC-13278",55,"santiago","Diabetes Mellitus Tipo 2",4,3,2025-02-19,428000,"No",0.0521502013485824,1453,"Adulto"
NA,57,"viña del mar","Neumonía",6,14,2026-03-27,759000,"Si",1.43619775227461,1454,"Adulto"
"PAC-25713",57,"la florida","Neumonía",9,1,2024-10-27,83000,"No",-1.39043712514531,1455,"Adulto"
"PAC-99016",41,"valparaíso","Neumonía",2,0,2026-06-27,207000,"No",-0.871941970115621,1456,"Adulto"
"PAC-82512",72,"la florida","Gastritis Crónica",10,0,2025-08-26,654000,"No",0.997149435515596,1457,"Adulto mayor"
"PAC-26728",80,"las condes","Artrosis",3,1,2026-08-02,738000,"No",1.3483880889228,1458,"Adulto mayor"
"PAC-78386",78,"antofagasta","Artrosis",11,NA,NA,152000,NA,-1.10191965984653,1459,"Adulto mayor"
"PAC-81426",NA,"viña del mar","Neumonía",NA,1,NA,61000,"No",-1.48242820103767,1460,NA
"PAC-19961",62,"santiago","Hipertensión Arterial",8,0,NA,305000,"No",-0.462163541140544,1461,"Adulto"
"PAC-71694",55,"valparaíso",NA,NA,NA,NA,246000,NA,-0.708866881033703,1462,"Adulto"
"PAC-29410",44,"valparaíso","Diabetes Mellitus Tipo 2",NA,2,2025-07-02,NA,"No",NA,1463,"Adulto"
"PAC-80381",NA,"puente alto","Infección Respiratoria Aguda",9,5,NA,124000,"Si",-1.21899921098227,1464,NA
"PAC-50538",48,"viña del mar","Diabetes Mellitus Tipo 2",NA,0,NA,323000,"No",-0.386898115410428,1465,"Adulto"
"PAC-88047",68,"concepción","Infección Respiratoria Aguda",3,0,2025-11-30,169000,"No",-1.03083564665698,1466,"Adulto mayor"
"PAC-42271",22,"la florida","Gastritis Crónica",NA,3,2025-05-07,226000,"No",-0.792495131844943,1467,"Adulto"
"PAC-57400",4,"concepción","Infección Respiratoria Aguda",8,1,2025-04-28,304000,"No",-0.466344953681106,1468,"Menor de edad"
"PAC-63269",NA,"santiago","Neumonía",3,10,2026-09-22,239000,"Si",-0.738136768817637,1469,NA
"PAC-61856",16,"puente alto","Neumonía",14,0,2026-06-19,366000,"No",-0.207097376166262,1470,"Menor de edad"
"PAC-58571",74,"las condes","Neumonía",4,0,NA,29000,"No",-1.61623340233566,1471,"Adulto mayor"
"PAC-80678",27,"santiago","Diabetes Mellitus Tipo 2",8,NA,NA,772000,NA,1.49055611530191,1472,"Adulto"
"PAC-49117",77,"santiago","Hipertensión Arterial",9,2,NA,222000,"No",-0.809220782007191,1473,"Adulto mayor"
"PAC-14722",71,"providencia","Gastritis Crónica",3,2,2026-06-14,599000,"No",0.767171745784685,1474,"Adulto mayor"
"PAC-93748",51,"maipú","Diabetes Mellitus Tipo 2",7,14,NA,214000,"Si",-0.842672082331687,1475,"Adulto"
"PAC-12552",NA,NA,NA,4,0,2025-11-24,NA,"No",NA,1476,NA
"PAC-97900",66,"valparaíso","Hipertensión Arterial",14,0,2026-03-15,262000,"No",-0.641964280384711,1477,"Adulto mayor"
"PAC-63225",67,"valparaíso","Diabetes Mellitus Tipo 2",7,1,2025-02-08,57000,"No",-1.49915385119992,1478,"Adulto mayor"
"PAC-24168",31,"maipú","Neumonía",13,10,2026-08-15,433000,"Si",0.0730572640513924,1479,"Adulto"
"PAC-37869",0,"viña del mar","Artrosis",NA,0,2026-07-09,22000,"No",-1.64550329011959,1480,"Menor de edad"
"PAC-17331",79,"santiago","Diabetes Mellitus Tipo 2",2,0,NA,407000,"No",-0.0356594620032198,1481,"Adulto mayor"
"PAC-35313",89,"concepción","Gastritis Crónica",7,1,2025-11-13,730000,"No",1.31493678859831,1482,"Adulto mayor"
"PAC-83579",5,"concepción","Diabetes Mellitus Tipo 2",11,14,2026-02-22,401000,"Si",-0.0607479372465918,1483,"Menor de edad"
"PAC-13101",3,"santiago","Gastritis Crónica",2,10,NA,NA,"Si",NA,1484,"Menor de edad"
"PAC-80284",NA,NA,"Gastritis Crónica",7,0,2026-08-05,379000,"No",-0.152739013138956,1485,NA
"PAC-82063",58,"providencia","Neumonía",11,0,NA,283000,"No",-0.554154617032909,1486,"Adulto"
"PAC-13905",5,"viña del mar","Apendicitis Aguda",13,5,NA,645000,"Si",0.959516722650538,1487,"Menor de edad"
"PAC-13248",79,"valparaíso","Neumonía",13,1,2024-10-19,578000,"No",0.679362082432883,1488,"Adulto mayor"
"PAC-33086",40,"puente alto","Apendicitis Aguda",9,0,NA,409000,"No",-0.0272966369220958,1489,"Adulto"
"PAC-80468",78,"santiago","Infección Respiratoria Aguda",NA,10,2026-03-16,388000,"Si",-0.115106300273898,1490,"Adulto mayor"
"PAC-15695",36,"providencia","Diabetes Mellitus Tipo 2",NA,0,2025-08-26,513000,"No",0.407570267296353,1491,"Adulto"
"PAC-71261",47,"valparaíso","Apendicitis Aguda",15,1,2025-06-16,396000,"No",-0.0816549999494018,1492,"Adulto"
"PAC-74251",84,"las condes","Apendicitis Aguda",9,3,NA,130000,"No",-1.1939107357389,1493,"Adulto mayor"
"PAC-11658",NA,"viña del mar","Diabetes Mellitus Tipo 2",5,14,2026-02-27,607000,"Si",0.800623046109182,1494,NA
"PAC-31417",87,"las condes","Artrosis",2,0,2025-10-11,714000,"No",1.24803418794932,1495,"Adulto mayor"
"PAC-89818",26,"providencia","Infección Respiratoria Aguda",7,3,2025-06-19,275000,"No",-0.587605917357405,1496,"Adulto"
"PAC-15383",35,"santiago","Diabetes Mellitus Tipo 2",2,1,2025-11-02,29000,"No",-1.61623340233566,1497,"Adulto"
"PAC-37607",13,"valparaíso","Infección Respiratoria Aguda",NA,0,2025-09-17,NA,"No",NA,1498,"Menor de edad"
"PAC-68446",45,"concepción","Infección Respiratoria Aguda",7,5,2025-11-19,261000,"Si",-0.646145692925273,1499,"Adulto"
"PAC-84364",40,"providencia","Diabetes Mellitus Tipo 2",NA,14,2025-06-27,727000,"Si",1.30239255097662,1500,"Adulto"
"PAC-46509",11,"providencia","Diabetes Mellitus Tipo 2",1,1,2026-05-01,490000,"No",0.311397778863427,1501,"Menor de edad"
"PAC-25012",37,"puente alto","Diabetes Mellitus Tipo 2",13,14,NA,232000,"Si",-0.767406656601571,1502,"Adulto"
"PAC-92544",NA,"maipú","Hipertensión Arterial",NA,0,2026-06-26,265000,"No",-0.629420042763025,1503,NA
"PAC-25157",0,"providencia","Gastritis Crónica",12,0,2025-08-04,454000,"No",0.160866927403195,1504,"Menor de edad"
"PAC-97062",92,"santiago","Artrosis",9,NA,2025-01-26,807000,NA,1.63690555422158,1505,"Adulto mayor"
"PAC-34914",74,"maipú","Infección Respiratoria Aguda",3,3,2025-09-14,NA,"No",NA,1506,"Adulto mayor"
"PAC-81482",37,"maipú","Diabetes Mellitus Tipo 2",10,2,NA,118000,"No",-1.24408768622564,1507,"Adulto"
"PAC-84341",69,"concepción",NA,13,5,2025-07-19,724000,"Si",1.28984831335494,1508,"Adulto mayor"
"PAC-42662",68,"viña del mar","Neumonía",5,14,2026-03-14,290000,"Si",-0.524884729248975,1509,"Adulto mayor"
"PAC-59695",42,"las condes","Diabetes Mellitus Tipo 2",14,3,2025-05-04,NA,"No",NA,1510,"Adulto"
"PAC-89593",50,"providencia","Neumonía",1,NA,2026-03-30,420000,NA,0.0186989010240863,1511,"Adulto"
"PAC-46421",88,"la florida","Hipertensión Arterial",11,14,2025-01-29,NA,"Si",NA,1512,"Adulto mayor"
"PAC-51104",75,"antofagasta","Apendicitis Aguda",1,3,NA,831000,"No",1.73725945519507,1513,"Adulto mayor"
"PAC-65724",29,"concepción","Hipertensión Arterial",10,1,2025-12-07,445000,"No",0.123234214538136,1514,"Adulto"
"PAC-93320",50,"las condes","Diabetes Mellitus Tipo 2",1,0,NA,812000,"No",1.65781261692439,1515,"Adulto"
"PAC-59192",75,"providencia","Diabetes Mellitus Tipo 2",13,5,2025-03-24,89000,"Si",-1.36534864990194,1516,"Adulto mayor"
"PAC-72493",76,"valparaíso","Infección Respiratoria Aguda",2,10,2025-01-12,408000,"Si",-0.0314780494626578,1517,"Adulto mayor"
"PAC-85525",NA,"puente alto","Neumonía",2,10,2025-06-18,608000,"Si",0.804804458649744,1518,NA
"PAC-80644",69,"santiago","Neumonía",9,10,2025-02-12,682000,"Si",1.11422898665133,1519,"Adulto mayor"
"PAC-85849",85,"puente alto","Neumonía",4,2,2024-11-13,298000,"No",-0.491433428924478,1520,"Adulto mayor"
"PAC-60488",55,"santiago","Hipertensión Arterial",15,14,2026-03-01,173000,"Si",-1.01410999649473,1521,"Adulto"
"PAC-96900",41,"maipú",NA,1,0,2025-07-21,630000,"No",0.896795534542108,1522,"Adulto"
"PAC-40311",13,NA,"Neumonía",9,2,2025-08-20,57000,"No",-1.49915385119992,1523,"Menor de edad"
"PAC-19358",NA,"las condes","Hipertensión Arterial",1,NA,2026-03-01,766000,NA,1.46546764005854,1524,NA
"PAC-42411",77,"viña del mar","Artrosis",15,14,2025-05-15,262000,"Si",-0.641964280384711,1525,"Adulto mayor"
"PAC-54313",43,"las condes","Hipertensión Arterial",8,3,NA,586000,"No",0.712813382757379,1526,"Adulto"
"PAC-70332",91,"puente alto","Apendicitis Aguda",4,1,2026-05-08,292000,"No",-0.51652190416785,1527,"Adulto mayor"
"PAC-53540",83,"providencia","Artrosis",14,2,2026-02-25,NA,"No",NA,1528,"Adulto mayor"
"PAC-83519",31,"santiago","Infección Respiratoria Aguda",NA,2,2026-03-22,297000,"No",-0.49561484146504,1529,"Adulto"
"PAC-36062",33,"la florida","Apendicitis Aguda",12,14,2025-08-16,38000,"Si",-1.5786006894706,1530,"Adulto"
"PAC-82132",86,"viña del mar","Artrosis",13,1,2026-05-10,18000,"No",-1.66222894028184,1531,"Adulto mayor"
"PAC-51347",17,"la florida","Artrosis",2,14,2025-03-18,599000,"Si",0.767171745784685,1532,"Menor de edad"
"PAC-51104",64,"santiago","Infección Respiratoria Aguda",14,14,2026-02-02,NA,"Si",NA,1533,"Adulto"
"PAC-95477",78,"maipú","Infección Respiratoria Aguda",2,5,2026-09-21,329000,"Si",-0.361809640167056,1534,"Adulto mayor"
"PAC-42953",44,"santiago","Diabetes Mellitus Tipo 2",14,1,2025-06-29,498000,"No",0.344849079187923,1535,"Adulto"
"PAC-44973",12,"santiago","Gastritis Crónica",14,2,2025-11-22,503000,"No",0.365756141890733,1536,"Menor de edad"
"PAC-41963",95,"santiago","Artrosis",NA,0,2025-09-02,511000,"No",0.399207442215229,1537,"Adulto mayor"
"PAC-55830",NA,"las condes","Neumonía",3,3,NA,239000,"No",-0.738136768817637,1538,NA
"PAC-15482",70,"maipú","Gastritis Crónica",10,0,NA,806000,"No",1.63272414168102,1539,"Adulto mayor"
"PAC-41850",27,"santiago","Neumonía",NA,10,2026-04-30,NA,"Si",NA,1540,"Adulto"
"PAC-97012",45,"concepción",NA,5,2,2025-03-25,233000,"No",-0.763225244061009,1541,"Adulto"
"PAC-83792",NA,"viña del mar","Hipertensión Arterial",NA,14,2025-04-22,558000,"Si",0.595733831621643,1542,NA
"PAC-56025",58,"providencia","Infección Respiratoria Aguda",5,10,2025-01-07,177000,"Si",-0.997384346332481,1543,"Adulto"
"PAC-56105",29,"puente alto","Hipertensión Arterial",10,0,2025-11-09,283000,"No",-0.554154617032909,1544,"Adulto"
"PAC-70068",22,"puente alto","Apendicitis Aguda",15,1,2026-05-05,787000,"No",1.55327730341034,1545,"Adulto"
"PAC-10942",NA,"santiago","Neumonía",11,3,NA,NA,"No",NA,1546,NA
"PAC-47388",45,"santiago","Infección Respiratoria Aguda",3,2,2025-11-27,803000,"No",1.62017990405933,1547,"Adulto"
"PAC-50687",94,NA,"Infección Respiratoria Aguda",11,10,2025-08-25,543000,"Si",0.533012643513213,1548,"Adulto mayor"
"PAC-51180",18,"valparaíso","Diabetes Mellitus Tipo 2",6,NA,2026-04-07,690000,NA,1.14768028697583,1549,"Adulto"
"PAC-26483",44,"santiago","Hipertensión Arterial",10,10,2026-09-09,614000,"Si",0.829892933893116,1550,"Adulto"
"PAC-41358",0,"concepción","Diabetes Mellitus Tipo 2",15,10,2026-01-21,501000,"Si",0.357393316809609,1551,"Menor de edad"
NA,NA,"la florida","Infección Respiratoria Aguda",4,NA,2025-09-29,NA,NA,NA,1552,NA
"PAC-24993",50,"las condes","Diabetes Mellitus Tipo 2",12,5,2024-11-22,597000,"Si",0.758808920703561,1553,"Adulto"
"PAC-16826",31,"valparaíso","Diabetes Mellitus Tipo 2",5,0,2024-10-15,464000,"No",0.202681052808815,1554,"Adulto"
"PAC-95813",20,"viña del mar","Apendicitis Aguda",14,NA,2026-08-26,94000,NA,-1.34444158719913,1555,"Adulto"
"PAC-49139",NA,"puente alto",NA,14,3,2025-02-21,676000,"No",1.08914051140796,1556,NA
"PAC-25906",61,"providencia","Hipertensión Arterial",4,1,2026-08-10,376000,"No",-0.165283250760642,1557,"Adulto"
"PAC-61990",39,"maipú","Infección Respiratoria Aguda",8,10,2025-03-16,844000,"Si",1.79161781822238,1558,"Adulto"
"PAC-46434",NA,"las condes","Diabetes Mellitus Tipo 2",4,0,2026-01-11,688000,"No",1.1393174618947,1559,NA
"PAC-51145",61,"santiago",NA,5,14,2025-09-04,813000,"Si",1.66199402946495,1560,"Adulto"
"PAC-35995",38,"maipú","Infección Respiratoria Aguda",12,NA,2026-08-01,153000,NA,-1.09773824730597,1561,"Adulto"
"PAC-57576",41,"puente alto","Apendicitis Aguda",4,0,2025-12-28,222000,"No",-0.809220782007191,1562,"Adulto"
"PAC-90173",67,"concepción","Apendicitis Aguda",5,0,2024-12-22,775000,"No",1.5031003529236,1563,"Adulto mayor"
"PAC-69829",59,"valparaíso","Hipertensión Arterial",4,5,NA,586000,"Si",0.712813382757379,1564,"Adulto"
"PAC-98039",1,"puente alto","Infección Respiratoria Aguda",7,1,NA,653000,"No",0.992968022975034,1565,"Menor de edad"
"PAC-54587",36,NA,"Hipertensión Arterial",8,NA,NA,223000,NA,-0.805039369466629,1566,"Adulto"
"PAC-14117",64,"santiago","Neumonía",4,0,NA,NA,"No",NA,1567,"Adulto"
"PAC-38043",2,"santiago","Artrosis",14,NA,2026-09-02,786000,NA,1.54909589086978,1568,"Menor de edad"
"PAC-89276",25,"santiago","Diabetes Mellitus Tipo 2",NA,0,2026-04-21,NA,"No",NA,1569,"Adulto"
"PAC-15383",44,"concepción","Diabetes Mellitus Tipo 2",10,1,NA,595000,"No",0.750446095622437,1570,"Adulto"
"PAC-83975",10,"valparaíso","Hipertensión Arterial",15,0,2026-07-26,742000,"No",1.36511373908505,1571,"Menor de edad"
"PAC-64921",40,"santiago","Apendicitis Aguda",3,14,2026-02-15,124000,"Si",-1.21899921098227,1572,"Adulto"
"PAC-97900",67,"la florida","Neumonía",7,2,2025-05-15,333000,"No",-0.345083990004808,1573,"Adulto mayor"
"PAC-46559",45,"antofagasta","Infección Respiratoria Aguda",9,5,2025-01-23,NA,"Si",NA,1574,"Adulto"
"PAC-93748",NA,"providencia","Hipertensión Arterial",8,10,2025-01-20,467000,"Si",0.215225290430501,1575,NA
"PAC-17989",37,"valparaíso","Diabetes Mellitus Tipo 2",10,0,2026-03-26,359000,"No",-0.236367263950196,1576,"Adulto"
"PAC-42914",24,"providencia","Hipertensión Arterial",14,0,2025-06-18,689000,"No",1.14349887443527,1577,"Adulto"
"PAC-33206",62,"providencia","Diabetes Mellitus Tipo 2",12,14,NA,NA,"Si",NA,1578,"Adulto"
"PAC-60328",15,"antofagasta","Artrosis",15,0,2025-04-20,335000,"No",-0.336721164923684,1579,"Menor de edad"
"PAC-19171",43,"providencia","Artrosis",9,1,NA,67000,"No",-1.4573397257943,1580,"Adulto"
"PAC-17455",10,"maipú",NA,12,0,NA,384000,"No",-0.131831950436146,1581,"Menor de edad"
"PAC-82512",66,"santiago","Diabetes Mellitus Tipo 2",15,0,NA,65000,"No",-1.46570255087543,1582,"Adulto mayor"
"PAC-41285",73,"valparaíso","Gastritis Crónica",7,3,2025-09-15,17000,"No",-1.6664103528224,1583,"Adulto mayor"
"PAC-75612",94,"valparaíso","Infección Respiratoria Aguda",15,NA,NA,795000,NA,1.58672860373484,1584,"Adulto mayor"
NA,73,"providencia","Infección Respiratoria Aguda",9,10,2026-03-23,175000,"Si",-1.00574717141361,1585,"Adulto mayor"
"PAC-61116",66,"valparaíso","Hipertensión Arterial",12,3,2026-01-19,NA,"No",NA,1586,"Adulto mayor"
"PAC-73092",86,"la florida","Diabetes Mellitus Tipo 2",4,0,NA,NA,"No",NA,1587,"Adulto mayor"
"PAC-70637",20,"puente alto","Diabetes Mellitus Tipo 2",NA,14,NA,119000,"Si",-1.23990627368508,1588,"Adulto"
"PAC-83000",75,"viña del mar","Neumonía",12,NA,2024-11-08,436000,NA,0.0856015016730784,1589,"Adulto mayor"
"PAC-65057",34,"la florida","Gastritis Crónica",6,NA,2024-10-27,17000,NA,-1.6664103528224,1590,"Adulto"
"PAC-41963",69,"providencia","Neumonía",9,0,2026-05-01,183000,"No",-0.972295871089109,1591,"Adulto mayor"
"PAC-20561",51,"puente alto","Diabetes Mellitus Tipo 2",14,0,NA,777000,"No",1.51146317800472,1592,"Adulto"
"PAC-81482",37,"santiago","Diabetes Mellitus Tipo 2",9,1,2026-05-10,414000,"No",-0.00638957421928572,1593,"Adulto"
"PAC-41830",NA,"antofagasta","Gastritis Crónica",15,5,2026-06-29,412000,"Si",-0.0147523993004097,1594,NA
"PAC-82357",81,"santiago","Gastritis Crónica",NA,14,2026-08-29,322000,"Si",-0.39107952795099,1595,"Adulto mayor"
"PAC-57447",31,"providencia","Hipertensión Arterial",12,NA,NA,238000,NA,-0.742318181358199,1596,"Adulto"
"PAC-69929",70,"antofagasta","Hipertensión Arterial",15,NA,2025-10-08,511000,NA,0.399207442215229,1597,"Adulto mayor"
"PAC-45400",82,"providencia","Gastritis Crónica",8,1,NA,NA,"No",NA,1598,"Adulto mayor"
"PAC-10282",89,"santiago","Artrosis",12,14,NA,245000,"Si",-0.713048293574265,1599,"Adulto mayor"
"PAC-41963",43,"providencia","Hipertensión Arterial",12,3,2026-08-29,659000,"No",1.01805649821841,1600,"Adulto"
"PAC-39256",94,"providencia","Diabetes Mellitus Tipo 2",NA,NA,2026-08-14,NA,NA,NA,1601,"Adulto mayor"
"PAC-25906",NA,NA,"Neumonía",5,10,2025-08-23,22000,"Si",-1.64550329011959,1602,NA
"PAC-87128",95,"providencia","Infección Respiratoria Aguda",1,NA,2025-03-13,84000,NA,-1.38625571260475,1603,"Adulto mayor"
"PAC-61049",49,"las condes","Hipertensión Arterial",5,NA,2026-07-27,247000,NA,-0.704685468493141,1604,"Adulto"
"PAC-44760",11,"providencia","Gastritis Crónica",2,5,2025-06-11,532000,"Si",0.487017105567031,1605,"Menor de edad"
"PAC-47196",8,"santiago","Infección Respiratoria Aguda",1,0,2025-11-06,315000,"No",-0.420349415734924,1606,"Menor de edad"
"PAC-28726",77,"santiago","Hipertensión Arterial",12,1,NA,73000,"No",-1.43225125055093,1607,"Adulto mayor"
"PAC-70332",14,"santiago","Artrosis",10,0,2026-01-22,17000,"No",-1.6664103528224,1608,"Menor de edad"
"PAC-26683",NA,"santiago","Artrosis",14,5,2026-01-24,805000,"Si",1.62854272914046,1609,NA
"PAC-10282",40,"antofagasta","Infección Respiratoria Aguda",10,14,2025-12-28,842000,"Si",1.78325499314125,1610,"Adulto"
NA,20,"la florida",NA,8,2,2025-07-06,122000,"No",-1.22736203606339,1611,"Adulto"
"PAC-95813",26,"valparaíso","Hipertensión Arterial",NA,2,2025-01-15,56000,"No",-1.50333526374048,1612,"Adulto"
"PAC-97670",66,"valparaíso",NA,10,2,2024-12-18,802000,"No",1.61599849151877,1613,"Adulto mayor"
"PAC-90728",72,"viña del mar","Hipertensión Arterial",NA,0,2026-02-04,781000,"No",1.52818882816697,1614,"Adulto mayor"
"PAC-14117",NA,"concepción","Gastritis Crónica",7,NA,NA,796000,NA,1.5909100162754,1615,NA
"PAC-13278",13,"maipú","Infección Respiratoria Aguda",NA,0,NA,75000,"No",-1.42388842546981,1616,"Menor de edad"
"PAC-24208",7,"las condes","Diabetes Mellitus Tipo 2",NA,NA,2024-10-25,NA,NA,NA,1617,"Menor de edad"
"PAC-22240",92,"providencia","Hipertensión Arterial",11,2,2026-04-20,54000,"No",-1.51169808882161,1618,"Adulto mayor"
"PAC-26483",57,"santiago","Artrosis",5,14,2025-01-13,NA,"Si",NA,1619,"Adulto"
"PAC-30257",3,"maipú","Gastritis Crónica",4,10,2025-05-17,696000,"Si",1.1727687622192,1620,"Menor de edad"
"PAC-97416",1,"antofagasta","Diabetes Mellitus Tipo 2",10,NA,NA,NA,NA,NA,1621,"Menor de edad"
"PAC-44099",47,"la florida","Diabetes Mellitus Tipo 2",NA,0,2025-03-10,603000,"No",0.783897395946934,1622,"Adulto"
"PAC-24168",43,"valparaíso","Artrosis",9,NA,NA,644000,NA,0.955335310109976,1623,"Adulto"
"PAC-78146",NA,"la florida","Artrosis",5,10,2024-10-30,443000,"Si",0.114871389457012,1624,NA
"PAC-19071",53,"puente alto","Artrosis",4,5,2026-01-13,460000,"Si",0.185955402646567,1625,"Adulto"
"PAC-34356",46,"viña del mar","Infección Respiratoria Aguda",13,0,2024-10-03,757000,"No",1.42783492719348,1626,"Adulto"
"PAC-83563",59,"santiago","Apendicitis Aguda",3,0,2025-01-20,148000,"No",-1.11864531000878,1627,"Adulto"
"PAC-92544",89,"providencia","Artrosis",14,2,2025-02-13,682000,"No",1.11422898665133,1628,"Adulto mayor"
"PAC-30374",7,"puente alto","Diabetes Mellitus Tipo 2",NA,0,2025-02-21,245000,"No",-0.713048293574265,1629,"Menor de edad"
"PAC-59009",NA,"puente alto","Gastritis Crónica",5,10,2024-11-05,47000,"Si",-1.54096797660554,1630,NA
"PAC-13552",56,"providencia","Infección Respiratoria Aguda",NA,0,2026-01-31,266000,"No",-0.625238630222463,1631,"Adulto"
"PAC-90676",41,"providencia","Neumonía",9,0,NA,NA,"No",NA,1632,"Adulto"
"PAC-84177",93,"santiago","Hipertensión Arterial",6,NA,2024-10-24,NA,NA,NA,1633,"Adulto mayor"
"PAC-29536",5,"providencia","Diabetes Mellitus Tipo 2",8,2,2025-12-03,643000,"No",0.951153897569414,1634,"Menor de edad"
"PAC-22280",40,NA,"Infección Respiratoria Aguda",11,3,NA,435000,"No",0.0814200891325164,1635,"Adulto"
"PAC-65255",4,"viña del mar","Diabetes Mellitus Tipo 2",14,0,2026-07-26,271000,"No",-0.604331567519653,1636,"Menor de edad"
"PAC-84668",23,"providencia","Infección Respiratoria Aguda",3,0,NA,749000,"No",1.39438362686899,1637,"Adulto"
"PAC-64321",7,"puente alto","Apendicitis Aguda",3,NA,2026-04-15,20000,NA,-1.65386611520072,1638,"Menor de edad"
"PAC-28289",75,NA,"Diabetes Mellitus Tipo 2",11,14,2025-12-01,751000,"Si",1.40274645195011,1639,"Adulto mayor"
"PAC-55830",33,"concepción","Diabetes Mellitus Tipo 2",3,0,2026-03-17,143000,"No",-1.13955237271159,1640,"Adulto"
"PAC-11504",71,NA,"Neumonía",7,5,2025-01-13,641000,"Si",0.94279107248829,1641,"Adulto mayor"
"PAC-84691",NA,"maipú","Diabetes Mellitus Tipo 2",3,NA,2025-04-05,110000,NA,-1.27753898655014,1642,NA
"PAC-73624",23,"antofagasta","Hipertensión Arterial",NA,1,2026-08-09,244000,"No",-0.717229706114827,1643,"Adulto"
"PAC-23970",64,"las condes","Infección Respiratoria Aguda",4,0,2024-12-25,119000,"No",-1.23990627368508,1644,"Adulto"
"PAC-57052",72,"providencia","Diabetes Mellitus Tipo 2",11,5,2025-03-02,604000,"Si",0.788078808487496,1645,"Adulto mayor"
"PAC-92397",68,"valparaíso","Gastritis Crónica",6,2,2026-09-23,NA,"No",NA,1646,"Adulto mayor"
"PAC-66531",9,"la florida","Hipertensión Arterial",NA,0,2025-03-05,518000,"No",0.428477329999163,1647,"Menor de edad"
"PAC-89593",37,"valparaíso","Hipertensión Arterial",7,0,2025-05-16,489000,"No",0.307216366322865,1648,"Adulto"
"PAC-90301",NA,"providencia","Diabetes Mellitus Tipo 2",13,NA,NA,251000,NA,-0.687959818330893,1649,NA
"PAC-73699",16,"puente alto","Gastritis Crónica",11,1,2025-12-18,273000,"No",-0.595968742438529,1650,"Menor de edad"
"PAC-38657",52,"providencia","Artrosis",2,14,2026-08-26,NA,"Si",NA,1651,"Adulto"
"PAC-92960",21,"la florida","Infección Respiratoria Aguda",13,5,2025-09-30,239000,"Si",-0.738136768817637,1652,"Adulto"
"PAC-42406",64,"las condes","Hipertensión Arterial",2,0,2024-10-08,500000,"No",0.353211904269047,1653,"Adulto"
"PAC-39154",48,NA,"Diabetes Mellitus Tipo 2",12,5,2026-04-28,102000,"Si",-1.31099028687463,1654,"Adulto"
"PAC-70589",9,"antofagasta","Artrosis",9,14,2025-06-18,517000,"Si",0.424295917458601,1655,"Menor de edad"
"PAC-37535",6,"santiago","Artrosis",2,NA,2026-01-25,194000,NA,-0.926300333142927,1656,"Menor de edad"
"PAC-87110",62,"antofagasta","Artrosis",6,10,2025-06-26,630000,"Si",0.896795534542108,1657,"Adulto"
"PAC-24168",NA,"puente alto","Artrosis",NA,10,2026-09-14,NA,"Si",NA,1658,NA
"PAC-37938",2,"las condes","Infección Respiratoria Aguda",3,0,2025-01-25,429000,"No",0.0563316138891444,1659,"Menor de edad"
"PAC-21114",2,"puente alto","Apendicitis Aguda",NA,14,2026-05-05,145000,"Si",-1.13118954763047,1660,"Menor de edad"
NA,NA,"la florida","Artrosis",NA,3,2025-10-09,380000,"No",-0.148557600598394,1661,NA
"PAC-64377",80,"la florida","Infección Respiratoria Aguda",15,0,NA,239000,"No",-0.738136768817637,1662,"Adulto mayor"
"PAC-92149",62,"puente alto","Diabetes Mellitus Tipo 2",NA,0,2025-09-23,605000,"No",0.792260221028057,1663,"Adulto"
"PAC-99065",66,"la florida","Artrosis",NA,2,2025-06-05,566000,"No",0.629185131946139,1664,"Adulto mayor"
"PAC-69829",30,"viña del mar","Artrosis",12,0,2025-07-16,NA,"No",NA,1665,"Adulto"
"PAC-61173",90,"maipú","Infección Respiratoria Aguda",13,14,NA,188000,"Si",-0.951388808386299,1666,"Adulto mayor"
"PAC-53025",77,"providencia","Infección Respiratoria Aguda",4,10,2025-12-19,351000,"Si",-0.269818564274692,1667,"Adulto mayor"
"PAC-53933",38,"maipú","Apendicitis Aguda",NA,1,2025-12-18,NA,"No",NA,1668,"Adulto"
"PAC-78522",54,"la florida","Diabetes Mellitus Tipo 2",3,5,2025-03-26,702000,"Si",1.19785723746257,1669,"Adulto"
"PAC-53540",56,NA,"Diabetes Mellitus Tipo 2",3,0,NA,NA,"No",NA,1670,"Adulto"
"PAC-89997",28,"maipú","Gastritis Crónica",14,0,2026-06-04,113000,"No",-1.26499474892845,1671,"Adulto"
"PAC-31174",8,NA,"Apendicitis Aguda",6,0,NA,246000,"No",-0.708866881033703,1672,"Menor de edad"
"PAC-66346",89,"concepción","Infección Respiratoria Aguda",13,1,2025-08-19,NA,"No",NA,1673,"Adulto mayor"
"PAC-80284",16,"concepción","Hipertensión Arterial",15,14,2025-05-27,NA,"Si",NA,1674,"Menor de edad"
"PAC-62296",32,"las condes","Gastritis Crónica",6,0,2025-06-05,847000,"No",1.80416205584406,1675,"Adulto"
"PAC-92213",19,"puente alto","Apendicitis Aguda",6,5,2026-03-14,52000,"Si",-1.52006091390273,1676,"Adulto"
"PAC-36772",31,"concepción","Apendicitis Aguda",4,0,NA,367000,"No",-0.2029159636257,1677,"Adulto"
"PAC-46265",20,"antofagasta","Infección Respiratoria Aguda",8,0,2024-12-26,27000,"No",-1.62459622741678,1678,"Adulto"
"PAC-98501",9,"las condes","Hipertensión Arterial",14,1,2025-10-06,388000,"No",-0.115106300273898,1679,"Menor de edad"
"PAC-84668",40,"valparaíso","Infección Respiratoria Aguda",5,1,2025-12-21,330000,"No",-0.357628227626494,1680,"Adulto"
"PAC-42325",79,"puente alto","Diabetes Mellitus Tipo 2",10,2,2026-08-21,257000,"No",-0.662871343087521,1681,"Adulto mayor"
"PAC-95717",95,"santiago","Apendicitis Aguda",3,NA,2025-01-27,212000,NA,-0.851034907412811,1682,"Adulto mayor"
"PAC-81582",90,"puente alto","Infección Respiratoria Aguda",10,5,2025-01-30,94000,"Si",-1.34444158719913,1683,"Adulto mayor"
"PAC-80539",70,"antofagasta","Hipertensión Arterial",8,0,2025-12-27,463000,"No",0.198499640268253,1684,"Adulto mayor"
"PAC-65069",NA,"providencia","Artrosis",4,14,NA,663000,"Si",1.03478214838065,1685,NA
"PAC-76542",60,"maipú","Infección Respiratoria Aguda",11,NA,2024-11-27,252000,NA,-0.683778405790331,1686,"Adulto"
"PAC-12552",60,"puente alto","Artrosis",6,3,2024-12-24,328000,"No",-0.365991052707618,1687,"Adulto"
"PAC-52753",71,"santiago","Hipertensión Arterial",15,0,2024-12-25,550000,"No",0.562282531297147,1688,"Adulto mayor"
"PAC-59735",14,"antofagasta","Hipertensión Arterial",11,0,NA,30000,"No",-1.6120519897951,1689,"Menor de edad"
"PAC-36130",88,"providencia","Infección Respiratoria Aguda",4,0,2025-07-19,635000,"No",0.917702597244918,1690,"Adulto mayor"
"PAC-25906",29,NA,"Gastritis Crónica",15,0,NA,600000,"No",0.771353158325248,1691,"Adulto"
"PAC-75435",89,"la florida","Diabetes Mellitus Tipo 2",14,2,2025-04-07,397000,"No",-0.0774735874088398,1692,"Adulto mayor"
"PAC-53404",33,"valparaíso","Gastritis Crónica",9,NA,2026-04-03,738000,NA,1.3483880889228,1693,"Adulto"
"PAC-67080",53,"providencia","Hipertensión Arterial",10,5,2024-11-09,154000,"Si",-1.09355683476541,1694,"Adulto"
"PAC-79163",NA,"concepción","Hipertensión Arterial",NA,10,2025-08-15,NA,"Si",NA,1695,NA
"PAC-48890",54,"viña del mar","Artrosis",NA,2,2024-12-18,506000,"No",0.378300379512419,1696,"Adulto"
"PAC-70637",73,"las condes",NA,4,5,2025-08-27,448000,"Si",0.135778452159823,1697,"Adulto mayor"
"PAC-46434",86,"providencia",NA,14,2,2026-02-17,628000,"No",0.888432709460984,1698,"Adulto mayor"
"PAC-96673",81,"puente alto","Diabetes Mellitus Tipo 2",2,10,2024-11-06,527000,"Si",0.466110042864221,1699,"Adulto mayor"
"PAC-69929",8,"concepción","Diabetes Mellitus Tipo 2",8,5,2024-10-01,741000,"Si",1.36093232654449,1700,"Menor de edad"
"PAC-37938",20,"valparaíso","Gastritis Crónica",5,2,2025-05-11,NA,"No",NA,1701,"Adulto"
"PAC-94259",25,"valparaíso","Neumonía",1,3,2025-05-23,603000,"No",0.783897395946934,1702,"Adulto"
"PAC-93136",NA,"maipú","Infección Respiratoria Aguda",5,5,2025-03-09,NA,"Si",NA,1703,NA
"PAC-57052",39,"concepción","Hipertensión Arterial",4,0,2026-04-16,142000,"No",-1.14373378525215,1704,"Adulto"
"PAC-64040",40,"las condes","Diabetes Mellitus Tipo 2",10,14,NA,609000,"Si",0.808985871190306,1705,"Adulto"
"PAC-95256",85,"santiago","Gastritis Crónica",6,1,2024-12-13,NA,"No",NA,1706,"Adulto mayor"
"PAC-22899",10,"la florida","Diabetes Mellitus Tipo 2",4,3,2026-07-03,NA,"No",NA,1707,"Menor de edad"
"PAC-46347",74,"las condes","Diabetes Mellitus Tipo 2",11,2,2026-02-10,775000,"No",1.5031003529236,1708,"Adulto mayor"
"PAC-57472",26,"las condes","Apendicitis Aguda",13,5,2025-05-06,97000,"Si",-1.33189734957744,1709,"Adulto"
"PAC-38534",46,"las condes","Artrosis",2,0,NA,684000,"No",1.12259181173246,1710,"Adulto"
"PAC-60432",NA,"providencia",NA,8,2,NA,292000,"No",-0.51652190416785,1711,NA
"PAC-77033",75,"antofagasta","Diabetes Mellitus Tipo 2",10,0,NA,87000,"No",-1.37371147498306,1712,"Adulto mayor"
"PAC-89840",NA,"concepción","Diabetes Mellitus Tipo 2",8,3,2026-06-19,451000,"No",0.148322689781509,1713,NA
"PAC-18981",39,"la florida","Apendicitis Aguda",9,0,NA,126000,"No",-1.21063638590114,1714,"Adulto"
"PAC-53719",47,"maipú","Gastritis Crónica",13,NA,2025-05-05,461000,NA,0.190136815187129,1715,"Adulto"
"PAC-74686",77,"maipú","Apendicitis Aguda",8,5,2025-04-17,55000,"Si",-1.50751667628105,1716,"Adulto mayor"
"PAC-52906",25,"maipú","Gastritis Crónica",NA,0,2025-11-29,113000,"No",-1.26499474892845,1717,"Adulto"
"PAC-18834",75,"puente alto","Neumonía",2,0,NA,259000,"No",-0.654508518006397,1718,"Adulto mayor"
"PAC-53540",64,"las condes","Hipertensión Arterial",9,10,2025-08-31,508000,"Si",0.386663204593543,1719,"Adulto"
"PAC-36100",86,"maipú","Infección Respiratoria Aguda",NA,2,NA,NA,"No",NA,1720,"Adulto mayor"
"PAC-45179",77,"concepción","Diabetes Mellitus Tipo 2",7,0,2025-07-09,523000,"No",0.449384392701973,1721,"Adulto mayor"
"PAC-89516",43,"santiago","Neumonía",4,0,2026-02-20,321000,"No",-0.395260940491552,1722,"Adulto"
"PAC-72021",37,"santiago","Diabetes Mellitus Tipo 2",1,14,2025-04-22,NA,"Si",NA,1723,"Adulto"
"PAC-24592",7,"antofagasta","Gastritis Crónica",6,5,2025-07-19,643000,"Si",0.951153897569414,1724,"Menor de edad"
"PAC-40828",83,"viña del mar","Neumonía",4,0,2025-09-03,NA,"No",NA,1725,"Adulto mayor"
"PAC-12540",61,"puente alto","Infección Respiratoria Aguda",4,2,2025-03-23,721000,"No",1.27730407573325,1726,"Adulto"
"PAC-74799",17,"valparaíso","Artrosis",2,10,2025-06-04,NA,"Si",NA,1727,"Menor de edad"
"PAC-40007",29,"concepción","Infección Respiratoria Aguda",2,0,2026-02-20,255000,"No",-0.671234168168645,1728,"Adulto"
"PAC-61049",76,"santiago","Hipertensión Arterial",12,2,2026-04-22,189000,"No",-0.947207395845737,1729,"Adulto mayor"
"PAC-51441",15,"valparaíso","Diabetes Mellitus Tipo 2",15,0,2026-07-14,159000,"No",-1.0726497720626,1730,"Menor de edad"
"PAC-82420",NA,"las condes",NA,NA,NA,2025-02-27,432000,NA,0.0688758515108304,1731,NA
"PAC-31178",33,"concepción","Hipertensión Arterial",NA,3,2026-03-10,481000,"No",0.273765065998369,1732,"Adulto"
"PAC-67125",8,"antofagasta","Infección Respiratoria Aguda",8,5,2025-08-12,269000,"Si",-0.612694392600777,1733,"Menor de edad"
"PAC-89997",50,"viña del mar","Hipertensión Arterial",4,14,2026-01-20,NA,"Si",NA,1734,"Adulto"
"PAC-86484",6,"providencia","Hipertensión Arterial",8,0,2026-09-09,528000,"No",0.470291455404783,1735,"Menor de edad"
"PAC-82512",72,"las condes",NA,5,0,2025-05-17,NA,"No",NA,1736,"Adulto mayor"
"PAC-36130",8,"concepción","Diabetes Mellitus Tipo 2",8,0,2026-07-13,669000,"No",1.05987062362403,1737,"Menor de edad"
"PAC-19862",42,"providencia","Artrosis",13,10,2025-11-29,NA,"Si",NA,1738,"Adulto"
"PAC-84085",50,"puente alto","Hipertensión Arterial",12,14,2025-05-14,470000,"Si",0.227769528052187,1739,"Adulto"
"PAC-40007",55,"valparaíso","Diabetes Mellitus Tipo 2",13,0,2025-12-10,287000,"No",-0.537428966870661,1740,"Adulto"
"PAC-84177",NA,"viña del mar","Artrosis",15,NA,2025-11-06,300000,NA,-0.483070603843354,1741,NA
"PAC-15383",64,"las condes",NA,8,0,2026-07-07,NA,"No",NA,1742,"Adulto"
"PAC-97580",45,"concepción","Hipertensión Arterial",NA,14,2024-10-26,NA,"Si",NA,1743,"Adulto"
"PAC-98781",NA,"santiago","Neumonía",13,14,2024-11-08,156000,"Si",-1.08519400968428,1744,NA
"PAC-30635",91,"santiago","Apendicitis Aguda",4,3,2025-08-08,752000,"No",1.40692786449067,1745,"Adulto mayor"
"PAC-53279",79,"concepción","Gastritis Crónica",5,2,2025-02-21,85000,"No",-1.38207430006419,1746,"Adulto mayor"
"PAC-46347",61,"puente alto","Gastritis Crónica",NA,0,2026-02-20,99000,"No",-1.32353452449632,1747,"Adulto"
"PAC-84847",44,"concepción","Artrosis",8,5,2026-01-25,350000,"Si",-0.273999976815254,1748,"Adulto"
"PAC-49117",57,"puente alto","Artrosis",14,0,2025-02-09,150000,"No",-1.11028248492766,1749,"Adulto"
"PAC-11220",80,"maipú","Gastritis Crónica",14,0,2025-09-12,37000,"No",-1.58278210201116,1750,"Adulto mayor"
"PAC-22156",60,"providencia","Infección Respiratoria Aguda",10,0,2025-05-24,455000,"No",0.165048339943757,1751,"Adulto"
"PAC-19171",84,"valparaíso",NA,NA,0,2024-11-13,181000,"No",-0.980658696170233,1752,"Adulto mayor"
"PAC-35825",48,"santiago","Diabetes Mellitus Tipo 2",8,NA,NA,620000,NA,0.854981409136488,1753,"Adulto"
"PAC-37653",NA,"providencia","Hipertensión Arterial",8,5,2026-06-05,152000,"Si",-1.10191965984653,1754,NA
"PAC-24029",26,NA,"Gastritis Crónica",3,0,2025-06-27,NA,"No",NA,1755,"Adulto"
"PAC-73624",73,"las condes","Hipertensión Arterial",NA,5,NA,489000,"Si",0.307216366322865,1756,"Adulto mayor"
"PAC-62383",84,"concepción","Apendicitis Aguda",NA,0,2025-08-26,771000,"No",1.48637470276135,1757,"Adulto mayor"
"PAC-43586",36,"maipú","Hipertensión Arterial",2,14,2025-11-20,729000,"Si",1.31075537605775,1758,"Adulto"
"PAC-96374",41,"santiago","Hipertensión Arterial",3,5,NA,NA,"Si",NA,1759,"Adulto"
"PAC-14117",54,"santiago","Artrosis",2,NA,2025-04-04,389000,NA,-0.110924887733336,1760,"Adulto"
"PAC-26728",47,"santiago","Hipertensión Arterial",10,0,NA,562000,"No",0.612459481783891,1761,"Adulto"
"PAC-77839",65,"puente alto","Apendicitis Aguda",NA,0,2026-08-08,87000,"No",-1.37371147498306,1762,"Adulto mayor"
"PAC-86019",5,"santiago","Hipertensión Arterial",NA,2,2026-09-19,424000,"No",0.0354245511863343,1763,"Menor de edad"
"PAC-49117",13,"concepción","Diabetes Mellitus Tipo 2",NA,0,2026-04-12,NA,"No",NA,1764,"Menor de edad"
"PAC-27786",32,"la florida","Gastritis Crónica",3,0,NA,172000,"No",-1.01829140903529,1765,"Adulto"
"PAC-94259",73,"puente alto","Infección Respiratoria Aguda",NA,5,2025-03-26,717000,"Si",1.260578425571,1766,"Adulto mayor"
"PAC-99166",44,"providencia","Gastritis Crónica",2,10,2025-03-22,719000,"Si",1.26894125065213,1767,"Adulto"
"PAC-44237",82,"providencia","Neumonía",9,5,2025-03-23,352000,"Si",-0.26563715173413,1768,"Adulto mayor"
"PAC-37869",18,"antofagasta","Gastritis Crónica",4,NA,2026-01-02,NA,NA,NA,1769,"Adulto"
"PAC-82512",51,"viña del mar",NA,12,3,2025-03-11,487000,"No",0.298853541241741,1770,"Adulto"
"PAC-18418",55,"maipú","Gastritis Crónica",15,5,2025-04-09,643000,"Si",0.951153897569414,1771,"Adulto"
"PAC-98501",14,NA,"Diabetes Mellitus Tipo 2",4,NA,2026-09-09,NA,NA,NA,1772,"Menor de edad"
"PAC-67954",29,"valparaíso","Hipertensión Arterial",13,1,2025-09-15,235000,"No",-0.754862418979885,1773,"Adulto"
"PAC-11934",71,NA,"Diabetes Mellitus Tipo 2",3,0,2026-05-10,317000,"No",-0.4119865906538,1774,"Adulto mayor"
"PAC-94874",13,"valparaíso","Diabetes Mellitus Tipo 2",13,0,2025-09-11,834000,"No",1.74980369281676,1775,"Menor de edad"
"PAC-86622",NA,"viña del mar","Apendicitis Aguda",12,5,2026-04-06,439000,"Si",0.0981457392947644,1776,NA
"PAC-98501",56,"las condes","Artrosis",15,5,2025-12-21,695000,"Si",1.16858734967864,1777,"Adulto"
"PAC-25860",4,"valparaíso",NA,4,1,2025-11-09,565000,"No",0.625003719405577,1778,"Menor de edad"
"PAC-54236",9,"viña del mar","Hipertensión Arterial",3,14,NA,44000,"Si",-1.55351221422723,1779,"Menor de edad"
"PAC-67125",70,"maipú","Diabetes Mellitus Tipo 2",14,5,2025-09-10,335000,"Si",-0.336721164923684,1780,"Adulto mayor"
"PAC-70637",NA,NA,"Diabetes Mellitus Tipo 2",11,10,2025-05-27,215000,"Si",-0.838490669791125,1781,NA
"PAC-73788",7,"santiago","Apendicitis Aguda",11,2,2024-11-19,NA,"No",NA,1782,"Menor de edad"
"PAC-83519",66,"puente alto","Diabetes Mellitus Tipo 2",13,10,NA,576000,"Si",0.670999257351759,1783,"Adulto mayor"
"PAC-70258",67,"valparaíso","Diabetes Mellitus Tipo 2",14,5,2025-02-06,NA,"Si",NA,1784,"Adulto mayor"
"PAC-41850",89,"valparaíso","Infección Respiratoria Aguda",3,0,2025-09-03,408000,"No",-0.0314780494626578,1785,"Adulto mayor"
"PAC-62350",69,"providencia","Artrosis",NA,0,2025-08-15,279000,"No",-0.570880267195157,1786,"Adulto mayor"
"PAC-28726",44,"puente alto","Apendicitis Aguda",5,NA,2026-01-15,114000,NA,-1.26081333638789,1787,"Adulto"
"PAC-83579",83,"providencia","Hipertensión Arterial",6,0,NA,141000,"No",-1.14791519779271,1788,"Adulto mayor"
"PAC-59689",80,"santiago","Hipertensión Arterial",8,NA,2026-01-07,176000,NA,-1.00156575887304,1789,"Adulto mayor"
"PAC-99353",60,"concepción","Hipertensión Arterial",10,0,NA,294000,"No",-0.508159079086727,1790,"Adulto"
"PAC-97670",14,"providencia",NA,5,1,2025-01-15,454000,"No",0.160866927403195,1791,"Menor de edad"
"PAC-13101",65,"puente alto","Gastritis Crónica",4,2,2025-08-01,702000,"No",1.19785723746257,1792,"Adulto mayor"
"PAC-26683",21,"valparaíso","Diabetes Mellitus Tipo 2",15,10,NA,142000,"Si",-1.14373378525215,1793,"Adulto"
"PAC-62350",32,"la florida","Artrosis",5,0,NA,NA,"No",NA,1794,"Adulto"
"PAC-44814",3,"puente alto","Diabetes Mellitus Tipo 2",9,0,2025-07-05,816000,"No",1.67453826708664,1795,"Menor de edad"
"PAC-95180",76,"antofagasta","Artrosis",3,NA,2026-06-15,138000,NA,-1.1604594354144,1796,"Adulto mayor"
"PAC-47930",45,"maipú","Neumonía",15,0,2026-04-26,279000,"No",-0.570880267195157,1797,"Adulto"
"PAC-63528",46,"puente alto","Neumonía",5,0,2024-12-02,216000,"No",-0.834309257250563,1798,"Adulto"
"PAC-44795",60,"las condes","Artrosis",NA,0,2026-07-02,117000,"No",-1.2482690987662,1799,"Adulto"
"PAC-91959",NA,"antofagasta","Diabetes Mellitus Tipo 2",13,0,2025-11-18,759000,"No",1.43619775227461,1800,NA
"PAC-59192",24,"santiago","Apendicitis Aguda",10,14,2025-12-24,NA,"Si",NA,1801,"Adulto"
"PAC-79352",52,"valparaíso","Artrosis",6,10,NA,NA,"Si",NA,1802,"Adulto"
"PAC-76244",59,NA,"Infección Respiratoria Aguda",12,0,NA,112000,"No",-1.26917616146901,1803,"Adulto"
"PAC-56566",16,"providencia","Neumonía",4,NA,2026-04-07,NA,NA,NA,1804,"Menor de edad"
"PAC-38016",31,"concepción","Artrosis",9,10,2026-02-28,NA,"Si",NA,1805,"Adulto"
"PAC-71694",23,"las condes","Apendicitis Aguda",1,0,2025-12-05,643000,"No",0.951153897569414,1806,"Adulto"
"PAC-23970",62,"la florida","Gastritis Crónica",5,0,2026-06-18,263000,"No",-0.637782867844149,1807,"Adulto"
"PAC-69087",2,NA,"Apendicitis Aguda",15,10,2024-11-08,684000,"Si",1.12259181173246,1808,"Menor de edad"
"PAC-44671",11,"concepción","Neumonía",9,0,2024-12-30,172000,"No",-1.01829140903529,1809,"Menor de edad"
"PAC-65933",NA,"providencia","Artrosis",5,0,2025-06-15,159000,"No",-1.0726497720626,1810,NA
"PAC-83975",59,"viña del mar","Apendicitis Aguda",1,NA,NA,536000,NA,0.503742755729279,1811,"Adulto"
"PAC-16057",18,"concepción","Infección Respiratoria Aguda",1,0,2026-08-11,827000,"No",1.72053380503282,1812,"Adulto"
"PAC-10726",NA,NA,"Gastritis Crónica",8,5,2024-11-15,421000,"Si",0.0228803135646483,1813,NA
"PAC-44671",13,"la florida","Diabetes Mellitus Tipo 2",15,5,NA,380000,"Si",-0.148557600598394,1814,"Menor de edad"
"PAC-92397",NA,"viña del mar","Diabetes Mellitus Tipo 2",3,0,2026-08-20,453000,"No",0.156685514862633,1815,NA
"PAC-73092",23,"santiago","Diabetes Mellitus Tipo 2",5,0,2025-10-11,95000,"No",-1.34026017465857,1816,"Adulto"
"PAC-28726",40,"antofagasta","Artrosis",12,NA,2026-01-19,352000,NA,-0.26563715173413,1817,"Adulto"
"PAC-91678",NA,"la florida",NA,14,14,2025-09-05,NA,"Si",NA,1818,NA
"PAC-95426",89,NA,"Gastritis Crónica",8,0,2024-10-30,313000,"No",-0.428712240816048,1819,"Adulto mayor"
"PAC-46509",NA,"valparaíso","Neumonía",10,5,NA,75000,"Si",-1.42388842546981,1820,NA
"PAC-59692",43,"la florida","Gastritis Crónica",7,14,NA,494000,"Si",0.328123429025675,1821,"Adulto"
"PAC-49139",NA,"antofagasta","Gastritis Crónica",NA,0,NA,110000,"No",-1.27753898655014,1822,NA
"PAC-28301",95,"santiago","Apendicitis Aguda",3,2,2025-03-09,463000,"No",0.198499640268253,1823,"Adulto mayor"
"PAC-49321",27,"las condes","Hipertensión Arterial",4,2,NA,350000,"No",-0.273999976815254,1824,"Adulto"
"PAC-70946",75,"concepción",NA,2,5,2026-05-27,156000,"Si",-1.08519400968428,1825,"Adulto mayor"
"PAC-79329",54,"providencia","Diabetes Mellitus Tipo 2",7,NA,2025-08-24,139000,NA,-1.15627802287384,1826,"Adulto"
"PAC-63883",8,"providencia","Neumonía",9,5,2026-07-09,163000,"Si",-1.05592412190035,1827,"Menor de edad"
"PAC-62227",33,"puente alto","Diabetes Mellitus Tipo 2",14,10,2025-11-19,NA,"Si",NA,1828,"Adulto"
"PAC-74251",30,"puente alto","Infección Respiratoria Aguda",1,5,2026-09-02,530000,"Si",0.478654280485907,1829,"Adulto"
"PAC-44718",76,"viña del mar","Artrosis",15,10,NA,256000,"Si",-0.667052755628083,1830,"Adulto mayor"
"PAC-89516",9,"providencia","Artrosis",3,1,NA,NA,"No",NA,1831,"Menor de edad"
"PAC-96511",NA,"la florida","Apendicitis Aguda",15,2,NA,165000,"No",-1.04756129681923,1832,NA
"PAC-50768",NA,"las condes","Apendicitis Aguda",2,NA,2026-09-21,728000,NA,1.30657396351718,1833,NA
"PAC-46434",1,"maipú","Infección Respiratoria Aguda",4,0,2026-03-07,448000,"No",0.135778452159823,1834,"Menor de edad"
"PAC-95215",5,NA,"Diabetes Mellitus Tipo 2",3,3,2026-08-20,420000,"No",0.0186989010240863,1835,"Menor de edad"
"PAC-81482",60,"valparaíso","Gastritis Crónica",14,NA,2025-06-12,248000,NA,-0.700504055952579,1836,"Adulto"
"PAC-34914",72,"providencia","Hipertensión Arterial",NA,14,2025-12-28,221000,"Si",-0.813402194547753,1837,"Adulto mayor"
"PAC-49829",26,"santiago","Diabetes Mellitus Tipo 2",12,0,2025-03-30,514000,"No",0.411751679836915,1838,"Adulto"
"PAC-37938",9,"viña del mar","Hipertensión Arterial",8,5,2025-07-02,843000,"Si",1.78743640568182,1839,"Menor de edad"
"PAC-86350",86,"la florida","Neumonía",3,2,2025-12-24,NA,"No",NA,1840,"Adulto mayor"
"PAC-49446",52,"providencia","Diabetes Mellitus Tipo 2",2,14,2025-11-29,813000,"Si",1.66199402946495,1841,"Adulto"
"PAC-27146",29,"santiago","Infección Respiratoria Aguda",2,3,2025-12-30,84000,"No",-1.38625571260475,1842,"Adulto"
"PAC-30052",43,"la florida","Apendicitis Aguda",13,10,2025-01-23,665000,"Si",1.04314497346178,1843,"Adulto"
NA,91,"santiago","Infección Respiratoria Aguda",6,10,2025-12-07,110000,"Si",-1.27753898655014,1844,"Adulto mayor"
"PAC-59615",51,"puente alto","Artrosis",2,14,2025-09-23,139000,"Si",-1.15627802287384,1845,"Adulto"
NA,60,"maipú","Diabetes Mellitus Tipo 2",7,14,2025-05-13,NA,"Si",NA,1846,"Adulto"
"PAC-12757",50,"providencia","Gastritis Crónica",14,5,2025-06-04,493000,"Si",0.323942016485113,1847,"Adulto"
"PAC-45697",1,"viña del mar","Infección Respiratoria Aguda",8,5,NA,98000,"Si",-1.32771593703688,1848,"Menor de edad"
"PAC-54587",84,"concepción","Gastritis Crónica",10,1,2025-06-27,834000,"No",1.74980369281676,1849,"Adulto mayor"
"PAC-86484",14,"puente alto","Artrosis",10,NA,2026-05-22,565000,NA,0.625003719405577,1850,"Menor de edad"
"PAC-92149",93,NA,"Diabetes Mellitus Tipo 2",11,2,2026-07-14,362000,"No",-0.22382302632851,1851,"Adulto mayor"
"PAC-95990",66,"concepción","Artrosis",NA,10,2025-03-01,683000,"Si",1.11841039919189,1852,"Adulto mayor"
"PAC-82603",70,"puente alto","Gastritis Crónica",7,NA,NA,31000,NA,-1.60787057725453,1853,"Adulto mayor"
"PAC-72277",10,"providencia","Gastritis Crónica",13,14,2025-04-28,319000,"Si",-0.403623765572676,1854,"Menor de edad"
"PAC-49117",70,"viña del mar","Neumonía",14,0,2025-05-26,772000,"No",1.49055611530191,1855,"Adulto mayor"
"PAC-14207",50,"puente alto","Infección Respiratoria Aguda",7,0,2026-01-03,117000,"No",-1.2482690987662,1856,"Adulto"
"PAC-18993",17,"providencia","Diabetes Mellitus Tipo 2",13,5,2026-06-10,549000,"Si",0.558101118756585,1857,"Menor de edad"
"PAC-76768",24,"viña del mar","Gastritis Crónica",15,0,2026-02-17,NA,"No",NA,1858,"Adulto"
"PAC-97062",85,"antofagasta","Gastritis Crónica",11,0,2026-07-30,309000,"No",-0.445437890978296,1859,"Adulto mayor"
"PAC-23356",57,"providencia","Diabetes Mellitus Tipo 2",10,0,NA,336000,"No",-0.332539752383122,1860,"Adulto"
"PAC-46500",93,"providencia","Infección Respiratoria Aguda",13,0,2026-09-06,85000,"No",-1.38207430006419,1861,"Adulto mayor"
"PAC-28373",86,"providencia","Artrosis",6,0,2024-12-28,60000,"No",-1.48660961357824,1862,"Adulto mayor"
"PAC-19358",14,"santiago","Neumonía",4,0,2024-11-05,75000,"No",-1.42388842546981,1863,"Menor de edad"
"PAC-56566",NA,"santiago","Gastritis Crónica",10,0,NA,405000,"No",-0.0440222870843438,1864,NA
"PAC-45382",51,"santiago","Infección Respiratoria Aguda",11,1,2024-11-23,343000,"No",-0.303269864599188,1865,"Adulto"
"PAC-69829",35,"valparaíso","Hipertensión Arterial",4,0,2025-08-07,564000,"No",0.620822306865015,1866,"Adulto"
"PAC-24168",68,"valparaíso","Artrosis",2,5,2025-02-10,315000,"Si",-0.420349415734924,1867,"Adulto mayor"
"PAC-42098",5,"valparaíso","Infección Respiratoria Aguda",NA,NA,NA,563000,NA,0.616640894324453,1868,"Menor de edad"
"PAC-60432",35,"santiago",NA,8,2,2026-06-04,241000,"No",-0.729773943736513,1869,"Adulto"
"PAC-52487",38,"providencia","Neumonía",9,1,2026-08-04,587000,"No",0.716994795297941,1870,"Adulto"
"PAC-33509",NA,"providencia","Neumonía",15,10,2026-05-12,269000,"Si",-0.612694392600777,1871,NA
"PAC-68991",NA,"maipú","Apendicitis Aguda",8,0,NA,532000,"No",0.487017105567031,1872,NA
"PAC-11267",59,"viña del mar","Gastritis Crónica",3,5,2025-09-22,NA,"Si",NA,1873,"Adulto"
"PAC-30374",25,"maipú","Artrosis",9,0,2025-05-09,73000,"No",-1.43225125055093,1874,"Adulto"
"PAC-61116",NA,"las condes","Diabetes Mellitus Tipo 2",2,0,2025-05-21,635000,"No",0.917702597244918,1875,NA
NA,57,"providencia","Infección Respiratoria Aguda",6,2,2025-07-21,NA,"No",NA,1876,"Adulto"
"PAC-38534",2,"santiago","Diabetes Mellitus Tipo 2",6,5,2024-10-04,415000,"Si",-0.00220816167872371,1877,"Menor de edad"
"PAC-10726",64,"santiago","Artrosis",NA,5,2026-01-27,441000,"Si",0.106508564375888,1878,"Adulto"
"PAC-38683",36,"la florida","Diabetes Mellitus Tipo 2",2,1,2024-12-21,447000,"No",0.131597039619261,1879,"Adulto"
"PAC-50687",NA,"providencia","Apendicitis Aguda",12,10,2025-09-06,112000,"Si",-1.26917616146901,1880,NA
"PAC-76562",75,"puente alto","Gastritis Crónica",8,14,2026-05-31,102000,"Si",-1.31099028687463,1881,"Adulto mayor"
"PAC-58393",81,"valparaíso","Gastritis Crónica",3,14,2026-09-18,176000,"Si",-1.00156575887304,1882,"Adulto mayor"
"PAC-26683",40,"las condes","Hipertensión Arterial",10,1,2025-04-27,450000,"No",0.144141277240947,1883,"Adulto"
"PAC-50687",72,"las condes","Diabetes Mellitus Tipo 2",5,0,2026-09-14,614000,"No",0.829892933893116,1884,"Adulto mayor"
"PAC-89516",36,"puente alto","Infección Respiratoria Aguda",8,NA,2026-08-03,790000,NA,1.56582154103203,1885,"Adulto"
"PAC-27477",73,"antofagasta","Diabetes Mellitus Tipo 2",2,10,2025-02-08,432000,"Si",0.0688758515108304,1886,"Adulto mayor"
"PAC-65933",94,"maipú","Diabetes Mellitus Tipo 2",NA,3,2026-03-11,503000,"No",0.365756141890733,1887,"Adulto mayor"
"PAC-39256",24,"puente alto","Hipertensión Arterial",2,NA,2024-12-25,NA,NA,NA,1888,"Adulto"
"PAC-40021",32,"puente alto","Infección Respiratoria Aguda",13,14,NA,688000,"Si",1.1393174618947,1889,"Adulto"
"PAC-33405",NA,"valparaíso","Gastritis Crónica",6,1,2026-02-11,431000,"No",0.0646944389702684,1890,NA
"PAC-69692",86,"viña del mar","Artrosis",2,5,2025-07-10,343000,"Si",-0.303269864599188,1891,"Adulto mayor"
NA,21,"providencia","Hipertensión Arterial",4,1,2026-02-13,340000,"No",-0.315814102220874,1892,"Adulto"
"PAC-41571",90,"providencia","Infección Respiratoria Aguda",14,1,2026-04-23,54000,"No",-1.51169808882161,1893,"Adulto mayor"
"PAC-34931",77,"la florida","Infección Respiratoria Aguda",1,0,2026-07-28,821000,"No",1.69544532978945,1894,"Adulto mayor"
"PAC-43065",34,"concepción","Diabetes Mellitus Tipo 2",9,10,2025-07-31,209000,"Si",-0.863579145034497,1895,"Adulto"
"PAC-19099",77,"providencia","Infección Respiratoria Aguda",14,5,NA,590000,"Si",0.729539032919627,1896,"Adulto mayor"
"PAC-97670",30,"providencia","Diabetes Mellitus Tipo 2",14,1,2024-12-08,193000,"No",-0.930481745683489,1897,"Adulto"
NA,NA,"valparaíso","Neumonía",4,2,NA,620000,"No",0.854981409136488,1898,NA
"PAC-36130",90,"valparaíso","Diabetes Mellitus Tipo 2",NA,1,NA,NA,"No",NA,1899,"Adulto mayor"
"PAC-81066",49,"valparaíso","Apendicitis Aguda",7,14,2026-02-04,219000,"Si",-0.821765019628877,1900,"Adulto"
"PAC-95909",NA,"la florida","Infección Respiratoria Aguda",15,0,2025-09-19,NA,"No",NA,1901,NA
"PAC-29410",16,"maipú","Gastritis Crónica",11,NA,2025-05-01,135000,NA,-1.17300367303609,1902,"Menor de edad"
"PAC-41285",23,"valparaíso","Hipertensión Arterial",NA,NA,2026-05-07,751000,NA,1.40274645195011,1903,"Adulto"
"PAC-38760",49,"puente alto","Hipertensión Arterial",NA,0,NA,748000,"No",1.39020221432842,1904,"Adulto"
"PAC-19545",79,"la florida","Diabetes Mellitus Tipo 2",NA,2,2025-04-30,90000,"No",-1.36116723736138,1905,"Adulto mayor"
"PAC-39871",22,"maipú","Hipertensión Arterial",12,2,2025-04-21,395000,"No",-0.0858364124899638,1906,"Adulto"
"PAC-91959",45,"maipú","Gastritis Crónica",9,NA,2024-11-19,812000,NA,1.65781261692439,1907,"Adulto"
"PAC-89276",21,"viña del mar","Hipertensión Arterial",9,NA,2025-02-10,54000,NA,-1.51169808882161,1908,"Adulto"
"PAC-96356",53,"santiago","Hipertensión Arterial",9,1,2024-10-20,705000,"No",1.21040147508426,1909,"Adulto"
"PAC-59857",36,"maipú","Hipertensión Arterial",8,0,2026-05-05,542000,"No",0.528831230972651,1910,"Adulto"
"PAC-69598",20,"providencia","Artrosis",11,NA,2025-11-28,743000,NA,1.36929515162561,1911,"Adulto"
"PAC-57400",85,"valparaíso","Gastritis Crónica",4,3,NA,546000,"No",0.545556881134899,1912,"Adulto mayor"
"PAC-19508",54,"las condes","Diabetes Mellitus Tipo 2",13,NA,2026-07-06,572000,NA,0.654273607189511,1913,"Adulto"
"PAC-38010",64,"antofagasta","Diabetes Mellitus Tipo 2",15,0,2026-01-27,NA,"No",NA,1914,"Adulto"
"PAC-64377",86,"santiago","Hipertensión Arterial",NA,0,2025-08-23,NA,"No",NA,1915,"Adulto mayor"
"PAC-50404",78,"puente alto","Hipertensión Arterial",NA,10,2025-12-20,745000,"Si",1.37765797670674,1916,"Adulto mayor"
NA,70,"providencia","Neumonía",3,10,NA,33000,"Si",-1.59950775217341,1917,"Adulto mayor"
"PAC-91959",85,"santiago","Hipertensión Arterial",12,2,NA,521000,"No",0.441021567620849,1918,"Adulto mayor"
"PAC-95256",85,"providencia","Diabetes Mellitus Tipo 2",NA,10,2025-06-25,408000,"Si",-0.0314780494626578,1919,"Adulto mayor"
"PAC-85674",52,"valparaíso","Infección Respiratoria Aguda",11,0,2026-02-10,139000,"No",-1.15627802287384,1920,"Adulto"
"PAC-96900",86,"valparaíso","Diabetes Mellitus Tipo 2",15,1,2025-04-20,NA,"No",NA,1921,"Adulto mayor"
"PAC-38080",93,"providencia","Diabetes Mellitus Tipo 2",7,5,2026-07-25,NA,"Si",NA,1922,"Adulto mayor"
"PAC-82063",65,"las condes","Infección Respiratoria Aguda",14,14,2026-08-20,NA,"Si",NA,1923,"Adulto mayor"
"PAC-79822",87,"santiago","Hipertensión Arterial",6,0,2025-04-16,412000,"No",-0.0147523993004097,1924,"Adulto mayor"
"PAC-87992",74,"la florida","Neumonía",12,14,2025-03-14,151000,"Si",-1.10610107238709,1925,"Adulto mayor"
"PAC-16658",95,NA,"Infección Respiratoria Aguda",3,1,2025-09-14,500000,"No",0.353211904269047,1926,"Adulto mayor"
"PAC-86569",90,"las condes","Apendicitis Aguda",4,0,NA,819000,"No",1.68708250470833,1927,"Adulto mayor"
"PAC-53404",3,"valparaíso","Hipertensión Arterial",13,NA,2025-08-26,370000,NA,-0.190371726004014,1928,"Menor de edad"
"PAC-70637",54,"providencia","Gastritis Crónica",9,10,2024-12-20,560000,"Si",0.604096656702767,1929,"Adulto"
"PAC-53309",0,"concepción","Gastritis Crónica",15,2,2026-06-30,550000,"No",0.562282531297147,1930,"Menor de edad"
"PAC-23833",39,"santiago","Infección Respiratoria Aguda",10,2,2026-03-20,530000,"No",0.478654280485907,1931,"Adulto"
"PAC-35203",1,"maipú","Infección Respiratoria Aguda",1,0,2025-01-06,684000,"No",1.12259181173246,1932,"Menor de edad"
"PAC-74686",86,"puente alto","Neumonía",6,0,2025-02-28,NA,"No",NA,1933,"Adulto mayor"
"PAC-46517",13,"providencia","Gastritis Crónica",NA,3,NA,827000,"No",1.72053380503282,1934,"Menor de edad"
"PAC-44438",3,"maipú","Hipertensión Arterial",3,10,2026-08-07,NA,"Si",NA,1935,"Menor de edad"
"PAC-26334",68,"antofagasta","Infección Respiratoria Aguda",12,14,2025-10-01,290000,"Si",-0.524884729248975,1936,"Adulto mayor"
"PAC-92213",82,NA,"Gastritis Crónica",7,0,2026-04-11,143000,"No",-1.13955237271159,1937,"Adulto mayor"
"PAC-41029",41,"providencia","Hipertensión Arterial",10,10,2024-12-29,528000,"Si",0.470291455404783,1938,"Adulto"
"PAC-60488",22,"valparaíso","Infección Respiratoria Aguda",14,0,2025-01-29,181000,"No",-0.980658696170233,1939,"Adulto"
"PAC-42092",19,"maipú","Diabetes Mellitus Tipo 2",7,14,2025-02-10,302000,"Si",-0.47470777876223,1940,"Adulto"
"PAC-89415",67,"viña del mar","Diabetes Mellitus Tipo 2",3,2,2025-01-10,675000,"No",1.0849590988674,1941,"Adulto mayor"
"PAC-88697",71,"viña del mar","Artrosis",8,14,2026-05-10,772000,"Si",1.49055611530191,1942,"Adulto mayor"
"PAC-80284",39,"maipú","Artrosis",7,1,2025-05-07,759000,"No",1.43619775227461,1943,"Adulto"
"PAC-87128",12,"providencia","Infección Respiratoria Aguda",4,1,2025-03-10,586000,"No",0.712813382757379,1944,"Menor de edad"
"PAC-41029",83,"puente alto","Artrosis",3,3,2025-05-29,545000,"No",0.541375468594337,1945,"Adulto mayor"
"PAC-42406",91,"viña del mar","Infección Respiratoria Aguda",7,1,NA,NA,"No",NA,1946,"Adulto mayor"
"PAC-35203",56,"antofagasta","Artrosis",NA,0,NA,417000,"No",0.0061546634024003,1947,"Adulto"
"PAC-15014",NA,"puente alto","Diabetes Mellitus Tipo 2",NA,0,2025-09-23,76000,"No",-1.41970701292924,1948,NA
"PAC-47353",46,"la florida","Hipertensión Arterial",1,14,NA,52000,"Si",-1.52006091390273,1949,"Adulto"
"PAC-39389",6,"santiago","Hipertensión Arterial",11,3,2025-08-02,NA,"No",NA,1950,"Menor de edad"
"PAC-70217",26,"maipú","Neumonía",9,14,2026-03-04,39000,"Si",-1.57441927693004,1951,"Adulto"
"PAC-63424",81,"viña del mar",NA,4,5,2025-06-05,225000,"Si",-0.796676544385505,1952,"Adulto mayor"
"PAC-20735",NA,"valparaíso","Neumonía",13,14,2025-01-17,71000,"Si",-1.44061407563205,1953,NA
"PAC-31579",67,"viña del mar","Diabetes Mellitus Tipo 2",11,14,2026-08-26,152000,"Si",-1.10191965984653,1954,"Adulto mayor"
"PAC-31465",4,"la florida","Neumonía",6,NA,2024-10-01,528000,NA,0.470291455404783,1955,"Menor de edad"
"PAC-50306",33,"puente alto","Hipertensión Arterial",6,14,2025-11-19,189000,"Si",-0.947207395845737,1956,"Adulto"
"PAC-97900",36,"santiago","Hipertensión Arterial",2,14,2025-07-22,64000,"Si",-1.46988396341599,1957,"Adulto"
"PAC-46347",18,"antofagasta","Apendicitis Aguda",13,1,2025-01-22,269000,"No",-0.612694392600777,1958,"Adulto"
"PAC-44179",6,"antofagasta","Neumonía",NA,NA,2025-08-02,509000,NA,0.390844617134105,1959,"Menor de edad"
"PAC-65255",86,"santiago","Apendicitis Aguda",NA,5,2026-08-07,618000,"Si",0.846618584055364,1960,"Adulto mayor"
"PAC-45382",15,"maipú","Infección Respiratoria Aguda",12,5,2026-06-27,130000,"Si",-1.1939107357389,1961,"Menor de edad"
"PAC-80702",50,"concepción","Hipertensión Arterial",13,14,2024-10-31,293000,"Si",-0.512340491627288,1962,"Adulto"
"PAC-37742",16,"la florida","Artrosis",6,2,NA,123000,"No",-1.22318062352283,1963,"Menor de edad"
"PAC-44993",41,"maipú","Diabetes Mellitus Tipo 2",10,5,2025-01-08,451000,"Si",0.148322689781509,1964,"Adulto"
"PAC-80644",NA,"puente alto","Neumonía",1,14,2025-11-20,208000,"Si",-0.867760557575059,1965,NA
"PAC-83563",16,"las condes","Artrosis",2,1,2024-12-16,213000,"No",-0.846853494872249,1966,"Menor de edad"
"PAC-48427",66,"viña del mar","Hipertensión Arterial",5,2,2026-08-15,23000,"No",-1.64132187757903,1967,"Adulto mayor"
"PAC-95215",3,"puente alto","Hipertensión Arterial",4,5,2024-10-02,617000,"Si",0.842437171514802,1968,"Menor de edad"
"PAC-82512",NA,"puente alto","Infección Respiratoria Aguda",15,0,NA,444000,"No",0.119052801997574,1969,NA
"PAC-27146",84,"santiago","Diabetes Mellitus Tipo 2",13,14,2025-12-04,342000,"Si",-0.30745127713975,1970,"Adulto mayor"
"PAC-56898",83,"maipú","Hipertensión Arterial",9,5,2025-05-20,NA,"Si",NA,1971,"Adulto mayor"
"PAC-65724",18,"puente alto","Neumonía",NA,0,2026-05-26,271000,"No",-0.604331567519653,1972,"Adulto"
"PAC-24662",NA,"maipú","Artrosis",8,10,2024-12-08,NA,"Si",NA,1973,NA
"PAC-14117",38,"viña del mar","Apendicitis Aguda",11,0,2026-02-24,281000,"No",-0.562517442114033,1974,"Adulto"
"PAC-14207",26,"providencia","Diabetes Mellitus Tipo 2",NA,3,2025-09-23,443000,"No",0.114871389457012,1975,"Adulto"
"PAC-92544",18,"antofagasta","Gastritis Crónica",13,2,2026-06-11,396000,"No",-0.0816549999494018,1976,"Adulto"
"PAC-70515",59,"concepción","Artrosis",10,0,2026-05-23,153000,"No",-1.09773824730597,1977,"Adulto"
"PAC-41385",94,"concepción","Neumonía",15,3,2025-05-25,695000,"No",1.16858734967864,1978,"Adulto mayor"
"PAC-30289",94,"providencia","Gastritis Crónica",13,NA,2024-11-26,821000,NA,1.69544532978945,1979,"Adulto mayor"
"PAC-95649",42,"puente alto","Hipertensión Arterial",NA,10,2026-06-24,620000,"Si",0.854981409136488,1980,"Adulto"
"PAC-46500",57,"las condes","Diabetes Mellitus Tipo 2",12,2,2025-05-28,NA,"No",NA,1981,"Adulto"
"PAC-54020",NA,NA,"Infección Respiratoria Aguda",14,14,2026-01-13,412000,"Si",-0.0147523993004097,1982,NA
"PAC-75909",67,"viña del mar","Neumonía",15,0,2025-07-14,751000,"No",1.40274645195011,1983,"Adulto mayor"
"PAC-13365",NA,"antofagasta","Diabetes Mellitus Tipo 2",15,0,2024-12-24,57000,"No",-1.49915385119992,1984,NA
"PAC-15817",85,"maipú","Diabetes Mellitus Tipo 2",10,NA,2025-01-04,346000,NA,-0.290725626977502,1985,"Adulto mayor"
"PAC-64496",94,"puente alto","Diabetes Mellitus Tipo 2",14,5,2024-12-24,748000,"Si",1.39020221432842,1986,"Adulto mayor"
"PAC-41979",30,"puente alto","Apendicitis Aguda",8,0,2025-04-20,327000,"No",-0.37017246524818,1987,"Adulto"
"PAC-96356",22,"maipú","Neumonía",14,2,2025-10-09,152000,"No",-1.10191965984653,1988,"Adulto"
"PAC-20155",67,"la florida","Artrosis",10,1,2025-05-04,NA,"No",NA,1989,"Adulto mayor"
"PAC-54020",10,NA,"Artrosis",8,10,2026-07-23,724000,"Si",1.28984831335494,1990,"Menor de edad"
"PAC-72277",NA,"las condes","Diabetes Mellitus Tipo 2",6,1,2026-01-16,85000,"No",-1.38207430006419,1991,NA
"PAC-83563",10,"viña del mar","Hipertensión Arterial",2,1,2026-08-14,NA,"No",NA,1992,"Menor de edad"
"PAC-98777",13,NA,"Diabetes Mellitus Tipo 2",12,5,NA,207000,"Si",-0.871941970115621,1993,"Menor de edad"
"PAC-13478",32,"antofagasta",NA,12,0,NA,83000,"No",-1.39043712514531,1994,"Adulto"
"PAC-28301",48,"providencia","Infección Respiratoria Aguda",11,3,2025-04-22,NA,"No",NA,1995,"Adulto"
"PAC-62772",49,"las condes","Apendicitis Aguda",8,1,2025-06-14,NA,"No",NA,1996,"Adulto"
"PAC-22676",93,"puente alto","Infección Respiratoria Aguda",8,0,2024-12-17,41000,"No",-1.56605645184891,1997,"Adulto mayor"
"PAC-21359",72,"antofagasta","Neumonía",4,10,2026-02-19,439000,"Si",0.0981457392947644,1998,"Adulto mayor"
"PAC-44760",49,"puente alto","Gastritis Crónica",1,14,NA,303000,"Si",-0.470526366221668,1999,"Adulto"
"PAC-40311",82,"la florida","Hipertensión Arterial",2,14,2024-12-14,NA,"Si",NA,2000,"Adulto mayor"
"PAC-62581",NA,"santiago",NA,5,10,2025-06-10,NA,"Si",NA,2001,NA
"PAC-42591",87,"viña del mar","Apendicitis Aguda",6,5,2026-06-01,181000,"Si",-0.980658696170233,2002,"Adulto mayor"
"PAC-14067",45,"concepción","Neumonía",7,NA,2025-04-23,20000,NA,-1.65386611520072,2003,"Adulto"
"PAC-18993",NA,"valparaíso","Diabetes Mellitus Tipo 2",2,10,NA,30000,"Si",-1.6120519897951,2004,NA
"PAC-20155",64,"providencia","Neumonía",13,10,2025-11-08,201000,"Si",-0.897030445358993,2005,"Adulto"
"PAC-48427",41,"valparaíso","Artrosis",3,10,2026-02-01,114000,"Si",-1.26081333638789,2006,"Adulto"
"PAC-99166",75,"la florida","Apendicitis Aguda",NA,0,NA,204000,"No",-0.884486207737307,2007,"Adulto mayor"
"PAC-33206",15,"antofagasta","Hipertensión Arterial",13,3,2026-01-20,56000,"No",-1.50333526374048,2008,"Menor de edad"
"PAC-81066",47,"maipú","Gastritis Crónica",13,14,2025-03-23,510000,"Si",0.395026029674667,2009,"Adulto"
"PAC-25129",14,"maipú","Diabetes Mellitus Tipo 2",6,14,2026-03-02,459000,"Si",0.181773990106005,2010,"Menor de edad"
"PAC-11267",53,"providencia","Artrosis",15,5,NA,835000,"Si",1.75398510535732,2011,"Adulto"
"PAC-15695",45,NA,"Diabetes Mellitus Tipo 2",11,0,2025-09-15,231000,"No",-0.771588069142133,2012,"Adulto"
"PAC-93227",47,"las condes","Diabetes Mellitus Tipo 2",15,2,2025-10-24,412000,"No",-0.0147523993004097,2013,"Adulto"
"PAC-97538",91,"providencia","Infección Respiratoria Aguda",7,10,2025-06-22,673000,"Si",1.07659627378627,2014,"Adulto mayor"
"PAC-16175",45,"viña del mar","Gastritis Crónica",8,5,2026-05-18,696000,"Si",1.1727687622192,2015,"Adulto"
"PAC-66531",92,"santiago","Infección Respiratoria Aguda",11,1,2025-06-06,383000,"No",-0.136013362976708,2016,"Adulto mayor"
"PAC-94939",78,"santiago","Gastritis Crónica",7,2,2025-10-17,457000,"No",0.173411165024881,2017,"Adulto mayor"
"PAC-76562",34,"maipú","Infección Respiratoria Aguda",13,0,2026-04-20,NA,"No",NA,2018,"Adulto"
"PAC-70889",12,"puente alto","Diabetes Mellitus Tipo 2",12,0,2024-11-20,NA,"No",NA,2019,"Menor de edad"
"PAC-37869",21,"concepción","Apendicitis Aguda",1,2,2026-04-26,376000,"No",-0.165283250760642,2020,"Adulto"
"PAC-46265",NA,"la florida","Artrosis",13,0,2025-06-07,520000,"No",0.436840155080287,2021,NA
"PAC-16582",44,"las condes","Neumonía",5,10,2026-08-09,380000,"Si",-0.148557600598394,2022,"Adulto"
"PAC-31417",8,"viña del mar","Gastritis Crónica",2,0,2026-07-07,576000,"No",0.670999257351759,2023,"Menor de edad"
"PAC-33086",NA,"concepción","Infección Respiratoria Aguda",13,3,2025-04-10,811000,"No",1.65363120438383,2024,NA
"PAC-65461",48,"santiago","Hipertensión Arterial",7,5,2025-06-25,133000,"Si",-1.18136649811721,2025,"Adulto"
"PAC-88907",74,"concepción","Hipertensión Arterial",7,NA,2025-10-08,165000,NA,-1.04756129681923,2026,"Adulto mayor"
"PAC-88172",71,"antofagasta","Artrosis",10,0,2026-09-11,690000,"No",1.14768028697583,2027,"Adulto mayor"
"PAC-74686",58,"las condes","Hipertensión Arterial",15,0,2024-10-27,NA,"No",NA,2028,"Adulto"
"PAC-84177",NA,"concepción","Hipertensión Arterial",5,14,NA,514000,"Si",0.411751679836915,2029,NA
"PAC-26728",84,"la florida","Gastritis Crónica",NA,5,NA,NA,"Si",NA,2030,"Adulto mayor"
"PAC-96951",61,"la florida","Hipertensión Arterial",12,0,NA,269000,"No",-0.612694392600777,2031,"Adulto"
"PAC-88907",12,"las condes","Hipertensión Arterial",8,2,NA,212000,"No",-0.851034907412811,2032,"Menor de edad"
"PAC-96163",35,"viña del mar","Artrosis",7,14,2026-01-24,289000,"Si",-0.529066141789536,2033,"Adulto"
"PAC-38864",67,"providencia","Diabetes Mellitus Tipo 2",4,NA,2026-06-04,172000,NA,-1.01829140903529,2034,"Adulto mayor"
"PAC-79616",NA,"santiago","Hipertensión Arterial",2,0,2026-09-22,94000,"No",-1.34444158719913,2035,NA
"PAC-93579",39,"maipú","Infección Respiratoria Aguda",7,1,2025-01-25,284000,"No",-0.549973204492347,2036,"Adulto"
"PAC-86556",78,"valparaíso",NA,7,NA,2026-03-11,308000,NA,-0.449619303518858,2037,"Adulto mayor"
"PAC-15209",61,"puente alto","Diabetes Mellitus Tipo 2",12,0,2026-05-16,326000,"No",-0.374353877788742,2038,"Adulto"
"PAC-30730",7,"puente alto","Gastritis Crónica",NA,1,2026-05-02,749000,"No",1.39438362686899,2039,"Menor de edad"
"PAC-81582",20,"providencia","Hipertensión Arterial",11,14,2025-03-20,538000,"Si",0.512105580810403,2040,"Adulto"
"PAC-39451",62,"la florida","Diabetes Mellitus Tipo 2",12,14,2026-05-30,98000,"Si",-1.32771593703688,2041,"Adulto"
"PAC-71348",91,"santiago","Neumonía",15,10,2025-09-02,412000,"Si",-0.0147523993004097,2042,"Adulto mayor"
"PAC-86569",18,"concepción","Infección Respiratoria Aguda",13,5,NA,579000,"Si",0.683543494973445,2043,"Adulto"
"PAC-81511",89,"santiago","Diabetes Mellitus Tipo 2",11,0,2025-03-24,822000,"No",1.69962674233001,2044,"Adulto mayor"
"PAC-30028",53,"las condes","Infección Respiratoria Aguda",6,0,NA,128000,"No",-1.20227356082002,2045,"Adulto"
"PAC-58571",92,"valparaíso","Diabetes Mellitus Tipo 2",9,NA,2025-08-26,536000,NA,0.503742755729279,2046,"Adulto mayor"
"PAC-26704",58,"providencia","Diabetes Mellitus Tipo 2",2,10,2025-07-01,735000,"Si",1.33584385130112,2047,"Adulto"
"PAC-53025",29,"antofagasta","Diabetes Mellitus Tipo 2",14,2,2026-03-13,192000,"No",-0.934663158224051,2048,"Adulto"
"PAC-85454",56,"providencia","Apendicitis Aguda",5,10,2025-03-19,457000,"Si",0.173411165024881,2049,"Adulto"
"PAC-95477",25,"la florida","Gastritis Crónica",1,14,2026-01-12,414000,"Si",-0.00638957421928572,2050,"Adulto"
"PAC-80697",92,"providencia","Neumonía",3,14,NA,NA,"Si",NA,2051,"Adulto mayor"
"PAC-28726",NA,"providencia","Hipertensión Arterial",10,5,NA,304000,"Si",-0.466344953681106,2052,NA
"PAC-83259",6,"santiago","Infección Respiratoria Aguda",14,10,2024-12-15,194000,"Si",-0.926300333142927,2053,"Menor de edad"
"PAC-46471",76,"antofagasta","Apendicitis Aguda",NA,5,NA,47000,"Si",-1.54096797660554,2054,"Adulto mayor"
"PAC-61049",NA,"maipú","Gastritis Crónica",6,0,2024-11-21,250000,"No",-0.692141230871455,2055,NA
"PAC-25906",41,NA,"Hipertensión Arterial",NA,0,2025-12-29,NA,"No",NA,2056,"Adulto"
"PAC-96752",59,"santiago","Infección Respiratoria Aguda",7,0,2026-02-08,804000,"No",1.6243613165999,2057,"Adulto"
NA,39,"santiago","Apendicitis Aguda",NA,2,2026-02-13,NA,"No",NA,2058,"Adulto"
"PAC-98259",92,"maipú","Hipertensión Arterial",9,2,2026-07-30,785000,"No",1.54491447832922,2059,"Adulto mayor"
"PAC-38043",48,"maipú","Diabetes Mellitus Tipo 2",9,0,2025-12-15,835000,"No",1.75398510535732,2060,"Adulto"
"PAC-72493",21,"puente alto","Diabetes Mellitus Tipo 2",12,1,2024-10-13,NA,"No",NA,2061,"Adulto"
"PAC-39444",19,"concepción","Hipertensión Arterial",15,10,2026-09-11,123000,"Si",-1.22318062352283,2062,"Adulto"
"PAC-25014",36,"la florida","Diabetes Mellitus Tipo 2",4,0,2025-06-03,491000,"No",0.315579191403989,2063,"Adulto"
"PAC-23947",84,NA,"Apendicitis Aguda",14,14,2025-12-10,255000,"Si",-0.671234168168645,2064,"Adulto mayor"
"PAC-56357",30,"la florida","Hipertensión Arterial",6,1,2025-04-05,113000,"No",-1.26499474892845,2065,"Adulto"
"PAC-26728",83,"santiago","Neumonía",3,14,2026-04-30,94000,"Si",-1.34444158719913,2066,"Adulto mayor"
"PAC-82692",66,"puente alto","Infección Respiratoria Aguda",3,NA,2026-02-10,128000,NA,-1.20227356082002,2067,"Adulto mayor"
"PAC-61049",NA,"puente alto","Diabetes Mellitus Tipo 2",6,0,2026-08-27,599000,"No",0.767171745784685,2068,NA
"PAC-55830",22,"antofagasta","Infección Respiratoria Aguda",10,3,2026-09-07,NA,"No",NA,2069,"Adulto"
"PAC-83060",95,"viña del mar","Infección Respiratoria Aguda",4,10,2026-09-16,72000,"Si",-1.43643266309149,2070,"Adulto mayor"
"PAC-72296",NA,"valparaíso","Hipertensión Arterial",2,5,2025-09-05,694000,"Si",1.16440593713808,2071,NA
"PAC-23238",71,NA,"Gastritis Crónica",11,0,NA,430000,"No",0.0605130264297064,2072,"Adulto mayor"
"PAC-44741",4,"providencia","Infección Respiratoria Aguda",6,0,2025-06-10,343000,"No",-0.303269864599188,2073,"Menor de edad"
"PAC-99192",21,"santiago","Diabetes Mellitus Tipo 2",12,0,2025-02-09,292000,"No",-0.51652190416785,2074,"Adulto"
"PAC-58944",61,"providencia","Apendicitis Aguda",11,5,2025-01-03,268000,"Si",-0.616875805141339,2075,"Adulto"
"PAC-78146",44,"maipú","Infección Respiratoria Aguda",NA,2,2024-11-19,NA,"No",NA,2076,"Adulto"
"PAC-98777",62,"providencia","Diabetes Mellitus Tipo 2",5,0,2025-11-04,397000,"No",-0.0774735874088398,2077,"Adulto"
"PAC-86350",58,"la florida","Infección Respiratoria Aguda",1,14,NA,727000,"Si",1.30239255097662,2078,"Adulto"
"PAC-65296",NA,"las condes","Hipertensión Arterial",3,NA,2026-02-01,123000,NA,-1.22318062352283,2079,NA
"PAC-67199",NA,"santiago","Infección Respiratoria Aguda",4,NA,2024-12-20,401000,NA,-0.0607479372465918,2080,NA
"PAC-83563",26,"santiago","Infección Respiratoria Aguda",13,14,2025-08-13,638000,"Si",0.930246834866604,2081,"Adulto"
"PAC-39256",28,"santiago","Neumonía",8,0,NA,25000,"No",-1.63295905249791,2082,"Adulto"
"PAC-76307",81,"santiago","Neumonía",14,1,NA,256000,"No",-0.667052755628083,2083,"Adulto mayor"
"PAC-25860",87,"providencia","Diabetes Mellitus Tipo 2",4,14,2025-01-11,178000,"Si",-0.993202933791919,2084,"Adulto mayor"
NA,NA,"antofagasta","Infección Respiratoria Aguda",6,0,NA,286000,"No",-0.541610379411223,2085,NA
"PAC-87128",12,NA,"Diabetes Mellitus Tipo 2",13,NA,2026-07-11,NA,NA,NA,2086,"Menor de edad"
"PAC-46434",54,"las condes","Diabetes Mellitus Tipo 2",4,14,2026-02-24,NA,"Si",NA,2087,"Adulto"
"PAC-42953",NA,"providencia","Apendicitis Aguda",4,10,2026-02-27,18000,"Si",-1.66222894028184,2088,NA
"PAC-29769",54,"concepción","Diabetes Mellitus Tipo 2",13,0,2026-01-18,507000,"No",0.382481792052981,2089,"Adulto"
"PAC-92213",56,"santiago","Diabetes Mellitus Tipo 2",2,NA,2025-10-23,56000,NA,-1.50333526374048,2090,"Adulto"
"PAC-26483",15,"antofagasta","Apendicitis Aguda",12,0,2025-08-14,71000,"No",-1.44061407563205,2091,"Menor de edad"
"PAC-57795",54,"santiago","Hipertensión Arterial",3,10,NA,692000,"Si",1.15604311205695,2092,"Adulto"
"PAC-64377",76,"concepción","Gastritis Crónica",1,2,2025-05-25,803000,"No",1.62017990405933,2093,"Adulto mayor"
"PAC-65057",50,"puente alto","Diabetes Mellitus Tipo 2",14,14,2026-02-02,158000,"Si",-1.07683118460316,2094,"Adulto"
"PAC-81200",83,"providencia",NA,9,14,NA,735000,"Si",1.33584385130112,2095,"Adulto mayor"
"PAC-38043",52,"la florida","Apendicitis Aguda",15,14,2026-07-21,177000,"Si",-0.997384346332481,2096,"Adulto"
"PAC-77839",62,"valparaíso","Apendicitis Aguda",6,5,2026-01-22,397000,"Si",-0.0774735874088398,2097,"Adulto"
"PAC-85880",64,"puente alto","Diabetes Mellitus Tipo 2",4,0,NA,731000,"No",1.31911820113887,2098,"Adulto"
"PAC-19287",NA,NA,"Artrosis",3,0,2025-11-23,NA,"No",NA,2099,NA
"PAC-89069",48,"santiago","Hipertensión Arterial",6,10,NA,809000,"Si",1.64526837930271,2100,"Adulto"
"PAC-68878",52,"la florida","Infección Respiratoria Aguda",13,1,2024-12-11,538000,"No",0.512105580810403,2101,"Adulto"
"PAC-71953",89,"maipú","Hipertensión Arterial",10,14,2026-03-25,191000,"Si",-0.938844570764613,2102,"Adulto mayor"
"PAC-19287",62,"santiago","Hipertensión Arterial",NA,3,2026-09-21,203000,"No",-0.888667620277869,2103,"Adulto"
"PAC-18326",13,"valparaíso","Infección Respiratoria Aguda",1,14,2026-06-16,273000,"Si",-0.595968742438529,2104,"Menor de edad"
"PAC-49240",NA,"viña del mar","Gastritis Crónica",15,14,2025-07-28,NA,"Si",NA,2105,NA
"PAC-92719",35,"santiago","Artrosis",14,14,2025-04-20,365000,"Si",-0.211278788706824,2106,"Adulto"
"PAC-20328",50,"santiago","Diabetes Mellitus Tipo 2",NA,10,2024-10-21,217000,"Si",-0.830127844710001,2107,"Adulto"
"PAC-48427",76,"providencia","Artrosis",1,2,2024-12-13,60000,"No",-1.48660961357824,2108,"Adulto mayor"
"PAC-85674",42,"viña del mar","Neumonía",13,0,2026-03-16,70000,"No",-1.44479548817262,2109,"Adulto"
"PAC-89818",48,"puente alto","Hipertensión Arterial",11,1,2024-12-12,89000,"No",-1.36534864990194,2110,"Adulto"
"PAC-43065",69,"la florida","Apendicitis Aguda",1,5,2024-11-05,644000,"Si",0.955335310109976,2111,"Adulto mayor"
"PAC-53933",70,"la florida","Diabetes Mellitus Tipo 2",7,0,NA,198000,"No",-0.909574682980679,2112,"Adulto mayor"
"PAC-10851",49,"viña del mar","Diabetes Mellitus Tipo 2",13,0,2025-11-19,807000,"No",1.63690555422158,2113,"Adulto"
"PAC-19862",16,"santiago","Neumonía",NA,2,2025-02-20,522000,"No",0.445202980161411,2114,"Menor de edad"
"PAC-34957",NA,"antofagasta","Hipertensión Arterial",8,2,2025-05-30,753000,"No",1.41110927703123,2115,NA
"PAC-17492",73,"providencia","Diabetes Mellitus Tipo 2",4,0,2025-07-11,151000,"No",-1.10610107238709,2116,"Adulto mayor"
"PAC-13617",18,"la florida","Diabetes Mellitus Tipo 2",NA,5,2026-02-19,NA,"Si",NA,2117,"Adulto"
"PAC-35485",22,NA,"Hipertensión Arterial",6,0,2024-12-03,732000,"No",1.32329961367943,2118,"Adulto"
"PAC-77000",24,"concepción","Apendicitis Aguda",14,14,2025-04-20,475000,"Si",0.248676590754997,2119,"Adulto"
"PAC-45992",17,"providencia","Diabetes Mellitus Tipo 2",7,10,2025-02-02,299000,"Si",-0.487252016383916,2120,"Menor de edad"
"PAC-32431",13,"concepción","Infección Respiratoria Aguda",12,2,2026-07-21,NA,"No",NA,2121,"Menor de edad"
"PAC-44522",35,"providencia","Neumonía",12,0,2025-05-14,64000,"No",-1.46988396341599,2122,"Adulto"
"PAC-10464",34,"concepción","Hipertensión Arterial",12,10,2026-09-08,744000,"Si",1.37347656416618,2123,"Adulto"
"PAC-15229",NA,"providencia","Neumonía",7,0,2025-07-19,632000,"No",0.905158359623232,2124,NA
"PAC-95909",89,"viña del mar","Hipertensión Arterial",3,NA,2026-09-05,NA,NA,NA,2125,"Adulto mayor"
"PAC-98781",0,"santiago","Hipertensión Arterial",6,3,2026-06-02,NA,"No",NA,2126,"Menor de edad"
"PAC-25866",54,"providencia","Diabetes Mellitus Tipo 2",2,10,2025-12-27,189000,"Si",-0.947207395845737,2127,"Adulto"
"PAC-64921",34,"providencia","Hipertensión Arterial",14,1,2025-01-20,81000,"No",-1.39879995022643,2128,"Adulto"
"PAC-73372",90,"puente alto","Infección Respiratoria Aguda",NA,5,2024-09-27,219000,"Si",-0.821765019628877,2129,"Adulto mayor"
"PAC-50001",38,"santiago","Diabetes Mellitus Tipo 2",5,0,2026-08-26,703000,"No",1.20203865000313,2130,"Adulto"
"PAC-24029",42,"viña del mar","Neumonía",10,NA,2025-09-21,505000,NA,0.374118966971857,2131,"Adulto"
"PAC-65518",NA,"la florida","Diabetes Mellitus Tipo 2",11,14,2025-08-11,NA,"Si",NA,2132,NA
"PAC-84668",83,"puente alto","Hipertensión Arterial",6,0,2024-09-28,570000,"No",0.645910782108387,2133,"Adulto mayor"
NA,12,"las condes","Hipertensión Arterial",6,2,NA,268000,"No",-0.616875805141339,2134,"Menor de edad"
"PAC-87992",82,"valparaíso","Hipertensión Arterial",6,2,2025-02-02,463000,"No",0.198499640268253,2135,"Adulto mayor"
"PAC-19038",45,"maipú","Diabetes Mellitus Tipo 2",3,3,2025-04-10,NA,"No",NA,2136,"Adulto"
"PAC-69929",66,"maipú","Diabetes Mellitus Tipo 2",10,10,2026-05-30,676000,"Si",1.08914051140796,2137,"Adulto mayor"
"PAC-28373",55,NA,"Infección Respiratoria Aguda",8,3,NA,479000,"No",0.265402240917245,2138,"Adulto"
"PAC-80798",NA,"santiago","Infección Respiratoria Aguda",2,0,2026-03-01,NA,"No",NA,2139,NA
"PAC-59857",82,"la florida","Gastritis Crónica",15,5,NA,567000,"Si",0.633366544486701,2140,"Adulto mayor"
"PAC-62350",52,"providencia","Infección Respiratoria Aguda",NA,3,2026-03-05,316000,"No",-0.416168003194362,2141,"Adulto"
"PAC-19116",NA,"las condes","Diabetes Mellitus Tipo 2",13,0,2025-11-11,428000,"No",0.0521502013485824,2142,NA
"PAC-73993",95,"viña del mar","Gastritis Crónica",5,2,2025-08-08,184000,"No",-0.968114458548547,2143,"Adulto mayor"
"PAC-37869",90,"providencia","Diabetes Mellitus Tipo 2",1,2,2025-07-19,278000,"No",-0.575061679735719,2144,"Adulto mayor"
"PAC-85470",66,"puente alto","Gastritis Crónica",2,0,NA,151000,"No",-1.10610107238709,2145,"Adulto mayor"
"PAC-96163",80,"valparaíso","Artrosis",13,NA,2024-12-29,85000,NA,-1.38207430006419,2146,"Adulto mayor"
"PAC-15817",67,"la florida","Neumonía",11,3,2025-01-19,130000,"No",-1.1939107357389,2147,"Adulto mayor"
"PAC-41029",85,"las condes","Diabetes Mellitus Tipo 2",12,0,NA,358000,"No",-0.240548676490758,2148,"Adulto mayor"
"PAC-54597",NA,"puente alto","Diabetes Mellitus Tipo 2",1,5,2025-08-07,844000,"Si",1.79161781822238,2149,NA
"PAC-20322",23,"santiago","Neumonía",NA,10,NA,267000,"Si",-0.621057217681901,2150,"Adulto"
"PAC-54587",18,"concepción","Hipertensión Arterial",11,0,2026-04-30,176000,"No",-1.00156575887304,2151,"Adulto"
"PAC-62350",92,"providencia","Diabetes Mellitus Tipo 2",3,5,2025-03-22,NA,"Si",NA,2152,"Adulto mayor"
"PAC-55870",NA,"santiago","Apendicitis Aguda",5,NA,2025-02-28,409000,NA,-0.0272966369220958,2153,NA
"PAC-22224",9,"puente alto","Gastritis Crónica",9,5,2025-04-12,302000,"Si",-0.47470777876223,2154,"Menor de edad"
"PAC-46559",55,"valparaíso","Diabetes Mellitus Tipo 2",1,2,2025-01-01,111000,"No",-1.27335757400957,2155,"Adulto"
"PAC-39871",75,"las condes","Gastritis Crónica",1,5,2025-07-11,441000,"Si",0.106508564375888,2156,"Adulto mayor"
"PAC-76562",81,"santiago","Hipertensión Arterial",1,0,2025-06-20,842000,"No",1.78325499314125,2157,"Adulto mayor"
"PAC-81511",72,"viña del mar","Infección Respiratoria Aguda",3,0,2026-07-23,783000,"No",1.53655165324809,2158,"Adulto mayor"
"PAC-78386",24,"valparaíso","Artrosis",9,0,2024-10-16,384000,"No",-0.131831950436146,2159,"Adulto"
"PAC-23473",23,"la florida","Diabetes Mellitus Tipo 2",5,5,2025-11-17,472000,"Si",0.236132353133311,2160,"Adulto"
"PAC-72518",11,"concepción","Neumonía",8,0,2025-03-31,220000,"No",-0.817583607088315,2161,"Menor de edad"
"PAC-50404",53,"valparaíso","Infección Respiratoria Aguda",7,0,2025-03-12,130000,"No",-1.1939107357389,2162,"Adulto"
"PAC-15014",23,"puente alto","Gastritis Crónica",2,0,2026-04-25,170000,"No",-1.02665423411642,2163,"Adulto"
"PAC-24621",NA,"providencia","Diabetes Mellitus Tipo 2",12,0,2025-05-27,NA,"No",NA,2164,NA
"PAC-12552",19,"las condes","Hipertensión Arterial",1,2,2025-10-29,286000,"No",-0.541610379411223,2165,"Adulto"
"PAC-36062",21,"providencia","Neumonía",NA,2,2026-07-27,623000,"No",0.867525646758174,2166,"Adulto"
"PAC-65933",43,"puente alto","Gastritis Crónica",7,2,2025-04-26,364000,"No",-0.215460201247386,2167,"Adulto"
"PAC-55830",79,"la florida","Hipertensión Arterial",NA,0,2026-02-06,834000,"No",1.74980369281676,2168,"Adulto mayor"
"PAC-30866",0,"antofagasta","Infección Respiratoria Aguda",2,14,2025-08-02,828000,"Si",1.72471521757338,2169,"Menor de edad"
"PAC-80855",51,"providencia","Infección Respiratoria Aguda",5,3,2024-10-18,NA,"No",NA,2170,"Adulto"
"PAC-26828",23,"concepción","Gastritis Crónica",7,1,2026-01-06,620000,"No",0.854981409136488,2171,"Adulto"
"PAC-22240",15,"viña del mar","Neumonía",12,0,NA,619000,"No",0.850799996595926,2172,"Menor de edad"
"PAC-41571",72,"santiago","Hipertensión Arterial",5,5,2025-02-27,77000,"Si",-1.41552560038868,2173,"Adulto mayor"
"PAC-59692",5,"providencia","Gastritis Crónica",1,1,2026-01-27,200000,"No",-0.901211857899555,2174,"Menor de edad"
"PAC-81482",74,"providencia","Hipertensión Arterial",4,1,2025-06-09,833000,"No",1.74562228027619,2175,"Adulto mayor"
NA,68,"santiago","Hipertensión Arterial",NA,14,NA,759000,"Si",1.43619775227461,2176,"Adulto mayor"
"PAC-95215",56,"providencia","Diabetes Mellitus Tipo 2",7,3,2025-07-02,642000,"No",0.946972485028852,2177,"Adulto"
"PAC-89069",NA,"concepción","Infección Respiratoria Aguda",8,2,2024-10-08,516000,"No",0.420114504918039,2178,NA
"PAC-74251",53,"antofagasta","Gastritis Crónica",9,NA,2024-12-14,553000,NA,0.574826768918833,2179,"Adulto"
"PAC-92960",52,"santiago","Hipertensión Arterial",7,NA,2024-10-07,126000,NA,-1.21063638590114,2180,"Adulto"
"PAC-53279",32,"concepción","Hipertensión Arterial",NA,14,NA,543000,"Si",0.533012643513213,2181,"Adulto"
"PAC-17492",57,"valparaíso","Gastritis Crónica",4,5,2025-09-11,111000,"Si",-1.27335757400957,2182,"Adulto"
"PAC-86622",16,"viña del mar","Hipertensión Arterial",10,5,2026-02-24,388000,"Si",-0.115106300273898,2183,"Menor de edad"
"PAC-93886",4,"las condes","Artrosis",10,NA,NA,504000,NA,0.369937554431295,2184,"Menor de edad"
"PAC-38080",40,NA,"Diabetes Mellitus Tipo 2",12,0,2025-09-04,625000,"No",0.875888471839298,2185,"Adulto"
"PAC-50538",7,"concepción","Artrosis",NA,2,2026-02-02,18000,"No",-1.66222894028184,2186,"Menor de edad"
"PAC-94080",92,"valparaíso","Hipertensión Arterial",4,14,2025-09-07,626000,"Si",0.88006988437986,2187,"Adulto mayor"
"PAC-39389",NA,"puente alto","Hipertensión Arterial",5,1,NA,378000,"No",-0.156920425679518,2188,NA
"PAC-80855",NA,"viña del mar","Infección Respiratoria Aguda",12,0,2025-06-17,NA,"No",NA,2189,NA
"PAC-13278",NA,"santiago","Diabetes Mellitus Tipo 2",8,NA,2024-12-24,NA,NA,NA,2190,NA
"PAC-98501",91,"las condes","Diabetes Mellitus Tipo 2",14,0,2026-01-08,645000,"No",0.959516722650538,2191,"Adulto mayor"
"PAC-70217",38,"viña del mar","Hipertensión Arterial",NA,14,2025-05-09,577000,"Si",0.675180669892321,2192,"Adulto"
"PAC-91070",88,"providencia","Infección Respiratoria Aguda",8,NA,2026-07-30,195000,NA,-0.922118920602365,2193,"Adulto mayor"
"PAC-64987",58,"santiago","Gastritis Crónica",13,10,2026-05-01,624000,"Si",0.871707059298736,2194,"Adulto"
"PAC-92397",66,"puente alto","Hipertensión Arterial",15,0,2024-12-29,737000,"No",1.34420667638224,2195,"Adulto mayor"
"PAC-97841",85,NA,NA,11,0,NA,397000,"No",-0.0774735874088398,2196,"Adulto mayor"
"PAC-73517",61,"santiago","Infección Respiratoria Aguda",NA,NA,2025-02-10,NA,NA,NA,2197,"Adulto"
"PAC-71213",79,"maipú",NA,7,1,2026-04-05,481000,"No",0.273765065998369,2198,"Adulto mayor"
"PAC-52753",47,"antofagasta","Infección Respiratoria Aguda",9,0,2024-12-08,740000,"No",1.35675091400393,2199,"Adulto"
"PAC-97747",74,"santiago","Diabetes Mellitus Tipo 2",2,0,2025-09-06,520000,"No",0.436840155080287,2200,"Adulto mayor"
"PAC-11504",66,"concepción","Artrosis",4,5,2026-07-01,287000,"Si",-0.537428966870661,2201,"Adulto mayor"
"PAC-65518",77,"las condes","Diabetes Mellitus Tipo 2",8,NA,2025-03-26,340000,NA,-0.315814102220874,2202,"Adulto mayor"
"PAC-49240",79,"las condes","Infección Respiratoria Aguda",6,3,2026-04-28,705000,"No",1.21040147508426,2203,"Adulto mayor"
"PAC-80010",35,"las condes","Apendicitis Aguda",6,0,2025-08-21,350000,"No",-0.273999976815254,2204,"Adulto"
"PAC-34356",81,"santiago","Apendicitis Aguda",3,NA,2026-07-08,NA,NA,NA,2205,"Adulto mayor"
"PAC-66155",17,"la florida","Gastritis Crónica",12,5,2025-10-01,67000,"Si",-1.4573397257943,2206,"Menor de edad"
"PAC-29410",32,"providencia","Apendicitis Aguda",NA,NA,2024-10-29,NA,NA,NA,2207,"Adulto"
"PAC-42406",13,"antofagasta","Apendicitis Aguda",13,14,NA,46000,"Si",-1.5451493891461,2208,"Menor de edad"
"PAC-97747",NA,"providencia","Infección Respiratoria Aguda",11,0,2026-09-06,194000,"No",-0.926300333142927,2209,NA
NA,17,"santiago","Hipertensión Arterial",14,2,2025-03-11,176000,"No",-1.00156575887304,2210,"Menor de edad"
"PAC-86099",33,"santiago","Neumonía",7,2,NA,550000,"No",0.562282531297147,2211,"Adulto"
"PAC-67422",5,"providencia","Neumonía",13,2,2026-07-04,622000,"No",0.863344234217612,2212,"Menor de edad"
"PAC-57795",47,"santiago","Hipertensión Arterial",1,2,NA,834000,"No",1.74980369281676,2213,"Adulto"
"PAC-43586",82,"santiago","Neumonía",5,0,2025-05-14,538000,"No",0.512105580810403,2214,"Adulto mayor"
"PAC-93507",55,"las condes","Diabetes Mellitus Tipo 2",6,0,2026-07-20,285000,"No",-0.545791791951785,2215,"Adulto"
"PAC-85880",87,"las condes","Apendicitis Aguda",9,0,NA,297000,"No",-0.49561484146504,2216,"Adulto mayor"
"PAC-92149",37,"santiago","Diabetes Mellitus Tipo 2",13,0,2025-03-17,439000,"No",0.0981457392947644,2217,"Adulto"
"PAC-65108",89,"santiago","Neumonía",6,0,2025-01-07,225000,"No",-0.796676544385505,2218,"Adulto mayor"
"PAC-59615",95,"puente alto","Diabetes Mellitus Tipo 2",6,1,2025-10-24,753000,"No",1.41110927703123,2219,"Adulto mayor"
"PAC-29536",36,"puente alto","Diabetes Mellitus Tipo 2",2,NA,2025-07-18,490000,NA,0.311397778863427,2220,"Adulto"
NA,69,"maipú","Infección Respiratoria Aguda",9,0,NA,657000,"No",1.00969367313728,2221,"Adulto mayor"
"PAC-40512",4,"puente alto","Infección Respiratoria Aguda",15,14,2026-05-02,NA,"Si",NA,2222,"Menor de edad"
"PAC-39154",NA,"puente alto","Hipertensión Arterial",14,0,2025-01-25,609000,"No",0.808985871190306,2223,NA
"PAC-62772",83,"viña del mar","Infección Respiratoria Aguda",12,NA,NA,663000,NA,1.03478214838065,2224,"Adulto mayor"
"PAC-93579",73,"concepción","Diabetes Mellitus Tipo 2",6,14,2025-12-11,95000,"Si",-1.34026017465857,2225,"Adulto mayor"
"PAC-82845",3,"las condes","Gastritis Crónica",13,10,2026-08-14,845000,"Si",1.79579923076294,2226,"Menor de edad"
"PAC-65296",55,"las condes",NA,9,14,2026-06-07,235000,"Si",-0.754862418979885,2227,"Adulto"
"PAC-33405",3,"santiago","Artrosis",9,0,2025-10-29,385000,"No",-0.127650537895584,2228,"Menor de edad"
"PAC-62565",62,"santiago","Infección Respiratoria Aguda",12,NA,2026-09-26,521000,NA,0.441021567620849,2229,"Adulto"
"PAC-92213",41,"valparaíso","Hipertensión Arterial",11,10,2025-03-30,821000,"Si",1.69544532978945,2230,"Adulto"
"PAC-38746",45,"maipú","Gastritis Crónica",6,0,2024-10-28,NA,"No",NA,2231,"Adulto"
"PAC-44814",74,"maipú","Neumonía",15,0,2026-05-14,37000,"No",-1.58278210201116,2232,"Adulto mayor"
"PAC-78386",55,"puente alto","Artrosis",10,14,2026-04-03,NA,"Si",NA,2233,"Adulto"
"PAC-92544",6,"maipú","Hipertensión Arterial",5,5,2024-10-02,294000,"Si",-0.508159079086727,2234,"Menor de edad"
"PAC-64948",92,"puente alto","Apendicitis Aguda",11,0,2024-12-14,529000,"No",0.474472867945345,2235,"Adulto mayor"
"PAC-87924",34,"santiago","Hipertensión Arterial",3,NA,2025-03-12,213000,NA,-0.846853494872249,2236,"Adulto"
"PAC-33086",60,"concepción","Diabetes Mellitus Tipo 2",12,NA,2026-04-12,236000,NA,-0.750681006439323,2237,"Adulto"
"PAC-19171",3,"viña del mar","Hipertensión Arterial",8,2,2026-05-28,622000,"No",0.863344234217612,2238,"Menor de edad"
"PAC-40784",77,"maipú","Neumonía",2,3,2025-12-26,807000,"No",1.63690555422158,2239,"Adulto mayor"
"PAC-22224",NA,"maipú","Diabetes Mellitus Tipo 2",15,3,2026-01-12,652000,"No",0.988786610434472,2240,NA
"PAC-14117",4,"la florida","Apendicitis Aguda",8,14,2026-08-12,849000,"Si",1.81252488092519,2241,"Menor de edad"
"PAC-46048",NA,"valparaíso","Apendicitis Aguda",12,0,2024-12-12,200000,"No",-0.901211857899555,2242,NA
"PAC-81819",18,"valparaíso","Artrosis",10,3,2024-11-28,429000,"No",0.0563316138891444,2243,"Adulto"
"PAC-95426",18,"antofagasta","Gastritis Crónica",12,1,2025-05-23,560000,"No",0.604096656702767,2244,"Adulto"
"PAC-80010",21,"concepción","Neumonía",NA,3,2024-12-01,NA,"No",NA,2245,"Adulto"
"PAC-22240",32,"puente alto","Gastritis Crónica",8,NA,NA,173000,NA,-1.01410999649473,2246,"Adulto"
"PAC-46471",34,"puente alto","Infección Respiratoria Aguda",10,5,2025-12-16,447000,"Si",0.131597039619261,2247,"Adulto"
"PAC-67422",46,"maipú","Apendicitis Aguda",12,1,2025-06-25,178000,"No",-0.993202933791919,2248,"Adulto"
"PAC-63225",NA,"la florida",NA,4,10,2024-12-08,173000,"Si",-1.01410999649473,2249,NA
"PAC-46930",39,"santiago","Apendicitis Aguda",NA,0,2026-01-31,619000,"No",0.850799996595926,2250,"Adulto"
"PAC-54587",11,"valparaíso","Diabetes Mellitus Tipo 2",4,0,2025-04-18,NA,"No",NA,2251,"Menor de edad"
"PAC-78522",66,"antofagasta","Diabetes Mellitus Tipo 2",10,5,2026-03-28,321000,"Si",-0.395260940491552,2252,"Adulto mayor"
"PAC-46048",27,"santiago","Neumonía",9,14,2024-09-29,318000,"Si",-0.407805178113238,2253,"Adulto"
"PAC-36365",8,"santiago","Neumonía",NA,14,NA,380000,"Si",-0.148557600598394,2254,"Menor de edad"
"PAC-89276",21,"concepción","Neumonía",2,0,2026-09-10,785000,"No",1.54491447832922,2255,"Adulto"
"PAC-83385",27,"puente alto","Apendicitis Aguda",12,0,NA,429000,"No",0.0563316138891444,2256,"Adulto"
"PAC-40982",71,"maipú","Hipertensión Arterial",11,0,2024-10-13,632000,"No",0.905158359623232,2257,"Adulto mayor"
"PAC-25118",53,"puente alto","Infección Respiratoria Aguda",15,2,2025-11-26,759000,"No",1.43619775227461,2258,"Adulto"
"PAC-22156",88,"santiago","Infección Respiratoria Aguda",NA,14,NA,247000,"Si",-0.704685468493141,2259,"Adulto mayor"
"PAC-38657",29,"puente alto","Diabetes Mellitus Tipo 2",14,NA,2025-04-04,539000,NA,0.516286993350965,2260,"Adulto"
"PAC-97806",76,"antofagasta","Apendicitis Aguda",13,0,NA,251000,"No",-0.687959818330893,2261,"Adulto mayor"
"PAC-40311",14,"santiago","Diabetes Mellitus Tipo 2",9,0,NA,532000,"No",0.487017105567031,2262,"Menor de edad"
"PAC-52237",91,"la florida","Diabetes Mellitus Tipo 2",1,0,2025-06-17,71000,"No",-1.44061407563205,2263,"Adulto mayor"
"PAC-42092",83,"viña del mar",NA,2,NA,2025-04-26,NA,NA,NA,2264,"Adulto mayor"
"PAC-49240",87,"providencia","Hipertensión Arterial",NA,3,2025-12-28,615000,"No",0.834074346433678,2265,"Adulto mayor"
"PAC-10851",37,"las condes","Artrosis",1,2,NA,594000,"No",0.746264683081875,2266,"Adulto"
"PAC-66985",85,"santiago","Neumonía",13,14,NA,550000,"Si",0.562282531297147,2267,"Adulto mayor"
"PAC-98555",93,"la florida","Gastritis Crónica",12,14,2024-11-01,797000,"Si",1.59509142881596,2268,"Adulto mayor"
"PAC-87397",22,"providencia","Diabetes Mellitus Tipo 2",NA,5,2026-05-06,364000,"Si",-0.215460201247386,2269,"Adulto"
"PAC-12560",58,"santiago","Gastritis Crónica",1,1,2026-06-15,16000,"No",-1.67059176536296,2270,"Adulto"
"PAC-75612",72,"puente alto","Apendicitis Aguda",8,10,NA,660000,"Si",1.02223791075897,2271,"Adulto mayor"
"PAC-87236",23,"concepción","Diabetes Mellitus Tipo 2",15,0,NA,757000,"No",1.42783492719348,2272,"Adulto"
"PAC-66057",90,"maipú","Diabetes Mellitus Tipo 2",12,0,2024-11-01,151000,"No",-1.10610107238709,2273,"Adulto mayor"
"PAC-15482",9,"maipú","Gastritis Crónica",4,0,2025-01-31,355000,"No",-0.253092914112444,2274,"Menor de edad"
"PAC-82512",83,"santiago","Hipertensión Arterial",4,14,2026-07-30,139000,"Si",-1.15627802287384,2275,"Adulto mayor"
"PAC-37460",14,"santiago","Gastritis Crónica",11,0,2026-06-03,633000,"No",0.909339772163794,2276,"Menor de edad"
"PAC-22833",NA,"antofagasta","Diabetes Mellitus Tipo 2",2,NA,2026-09-03,149000,NA,-1.11446389746822,2277,NA
"PAC-89069",NA,"santiago","Gastritis Crónica",14,NA,2025-01-28,772000,NA,1.49055611530191,2278,NA
"PAC-88907",75,"maipú","Apendicitis Aguda",5,10,NA,223000,"Si",-0.805039369466629,2279,"Adulto mayor"
"PAC-67080",NA,"antofagasta","Hipertensión Arterial",1,0,2026-06-22,158000,"No",-1.07683118460316,2280,NA
"PAC-99016",39,"puente alto","Diabetes Mellitus Tipo 2",2,5,2025-05-19,484000,"Si",0.286309303620055,2281,"Adulto"
"PAC-98696",21,"maipú","Diabetes Mellitus Tipo 2",10,1,NA,88000,"No",-1.3695300624425,2282,"Adulto"
"PAC-59692",86,"providencia","Diabetes Mellitus Tipo 2",12,0,2025-01-27,611000,"No",0.81734869627143,2283,"Adulto mayor"
"PAC-79616",46,"providencia","Gastritis Crónica",NA,0,NA,NA,"No",NA,2284,"Adulto"
"PAC-31992",NA,"santiago","Infección Respiratoria Aguda",12,1,2025-01-16,366000,"No",-0.207097376166262,2285,NA
"PAC-92397",53,"la florida","Hipertensión Arterial",11,14,2026-06-16,798000,"Si",1.59927284135652,2286,"Adulto"
"PAC-17685",NA,"antofagasta","Diabetes Mellitus Tipo 2",6,0,2025-06-06,793000,"No",1.57836577865371,2287,NA
"PAC-61049",82,"antofagasta","Gastritis Crónica",8,0,2025-04-26,624000,"No",0.871707059298736,2288,"Adulto mayor"
"PAC-49651",24,"concepción","Infección Respiratoria Aguda",7,5,2026-04-17,818000,"Si",1.68290109216776,2289,"Adulto"
"PAC-59857",84,"antofagasta","Apendicitis Aguda",2,0,NA,597000,"No",0.758808920703561,2290,"Adulto mayor"
"PAC-97500",88,"concepción","Apendicitis Aguda",8,14,NA,35000,"Si",-1.59114492709229,2291,"Adulto mayor"
"PAC-10425",14,NA,"Diabetes Mellitus Tipo 2",6,14,2025-01-13,367000,"Si",-0.2029159636257,2292,"Menor de edad"
"PAC-97806",38,"la florida","Hipertensión Arterial",14,5,2025-12-21,472000,"Si",0.236132353133311,2293,"Adulto"
"PAC-42953",16,"santiago","Apendicitis Aguda",6,5,2024-11-22,812000,"Si",1.65781261692439,2294,"Menor de edad"
"PAC-93507",35,"antofagasta","Diabetes Mellitus Tipo 2",2,0,2025-05-19,60000,"No",-1.48660961357824,2295,"Adulto"
"PAC-46265",32,"la florida","Diabetes Mellitus Tipo 2",4,14,2025-06-17,237000,"Si",-0.746499593898761,2296,"Adulto"
"PAC-72070",27,"la florida","Infección Respiratoria Aguda",10,0,2025-06-12,303000,"No",-0.470526366221668,2297,"Adulto"
"PAC-36062",95,"las condes","Apendicitis Aguda",8,2,2024-12-19,519000,"No",0.432658742539725,2298,"Adulto mayor"
"PAC-19880",69,"santiago","Artrosis",6,0,2025-01-07,160000,"No",-1.06846835952204,2299,"Adulto mayor"
"PAC-27154",51,"valparaíso","Gastritis Crónica",8,0,NA,75000,"No",-1.42388842546981,2300,"Adulto"
"PAC-73788",88,"valparaíso","Hipertensión Arterial",5,0,2026-01-03,333000,"No",-0.345083990004808,2301,"Adulto mayor"
"PAC-63424",93,NA,"Artrosis",3,10,2026-06-07,207000,"Si",-0.871941970115621,2302,"Adulto mayor"
"PAC-96900",12,"providencia","Infección Respiratoria Aguda",6,2,2026-02-05,NA,"No",NA,2303,"Menor de edad"
"PAC-50857",62,"puente alto","Infección Respiratoria Aguda",7,1,NA,NA,"No",NA,2304,"Adulto"
"PAC-18834",91,"concepción","Infección Respiratoria Aguda",10,14,2025-01-14,598000,"Si",0.762990333244123,2305,"Adulto mayor"
"PAC-83579",5,"providencia","Infección Respiratoria Aguda",NA,1,2025-05-01,NA,"No",NA,2306,"Menor de edad"
"PAC-65302",48,"providencia","Neumonía",15,NA,2025-01-30,NA,NA,NA,2307,"Adulto"
"PAC-13534",86,"concepción","Neumonía",1,0,2025-09-14,NA,"No",NA,2308,"Adulto mayor"
"PAC-42914",26,"concepción","Gastritis Crónica",NA,3,2024-12-20,NA,"No",NA,2309,"Adulto"
"PAC-62350",6,"concepción","Neumonía",8,NA,2024-09-29,222000,NA,-0.809220782007191,2310,"Menor de edad"
"PAC-17716",76,"antofagasta","Apendicitis Aguda",15,0,2025-11-13,166000,"No",-1.04337988427866,2311,"Adulto mayor"
"PAC-41385",40,"providencia","Apendicitis Aguda",12,1,2026-07-05,614000,"No",0.829892933893116,2312,"Adulto"
"PAC-13804",4,"puente alto","Diabetes Mellitus Tipo 2",9,1,2024-11-04,725000,"No",1.2940297258955,2313,"Menor de edad"
"PAC-16630",73,"providencia","Infección Respiratoria Aguda",3,14,2026-05-12,115000,"Si",-1.25663192384733,2314,"Adulto mayor"
"PAC-51441",35,"concepción","Gastritis Crónica",7,0,2026-04-29,246000,"No",-0.708866881033703,2315,"Adulto"
"PAC-97538",52,"las condes","Diabetes Mellitus Tipo 2",4,14,2026-07-23,553000,"Si",0.574826768918833,2316,"Adulto"
"PAC-68082",67,"concepción","Infección Respiratoria Aguda",3,0,2026-03-30,641000,"No",0.94279107248829,2317,"Adulto mayor"
"PAC-31299",NA,"las condes",NA,15,5,NA,479000,"Si",0.265402240917245,2318,NA
"PAC-36100",46,NA,"Apendicitis Aguda",7,0,2025-10-04,847000,"No",1.80416205584406,2319,"Adulto"
"PAC-15229",56,"maipú","Infección Respiratoria Aguda",9,0,2026-05-05,141000,"No",-1.14791519779271,2320,"Adulto"
"PAC-79163",1,"valparaíso","Infección Respiratoria Aguda",8,0,2026-07-15,234000,"No",-0.759043831520447,2321,"Menor de edad"
"PAC-53719",73,"puente alto","Infección Respiratoria Aguda",14,1,NA,527000,"No",0.466110042864221,2322,"Adulto mayor"
"PAC-95181",93,"providencia","Infección Respiratoria Aguda",9,2,2024-11-05,491000,"No",0.315579191403989,2323,"Adulto mayor"
"PAC-69829",16,"santiago","Artrosis",3,1,2025-05-12,305000,"No",-0.462163541140544,2324,"Menor de edad"
"PAC-66346",67,"valparaíso","Diabetes Mellitus Tipo 2",5,0,2025-12-25,134000,"No",-1.17718508557665,2325,"Adulto mayor"
"PAC-89516",28,"las condes","Hipertensión Arterial",3,0,2026-07-05,NA,"No",NA,2326,"Adulto"
"PAC-43586",61,"valparaíso","Apendicitis Aguda",2,NA,2025-10-16,724000,NA,1.28984831335494,2327,"Adulto"
"PAC-24662",53,"puente alto","Infección Respiratoria Aguda",4,5,2025-09-27,274000,"Si",-0.591787329897967,2328,"Adulto"
"PAC-80855",94,"viña del mar","Artrosis",7,14,2026-06-04,31000,"Si",-1.60787057725453,2329,"Adulto mayor"
"PAC-13478",NA,"santiago","Neumonía",NA,0,2025-07-27,158000,"No",-1.07683118460316,2330,NA
"PAC-92149",13,"santiago","Diabetes Mellitus Tipo 2",14,3,2026-07-21,467000,"No",0.215225290430501,2331,"Menor de edad"
"PAC-57819",0,"valparaíso","Diabetes Mellitus Tipo 2",6,2,2024-12-11,677000,"No",1.09332192394852,2332,"Menor de edad"
"PAC-97012",0,"la florida","Diabetes Mellitus Tipo 2",1,5,2026-02-28,430000,"Si",0.0605130264297064,2333,"Menor de edad"
"PAC-22363",21,"santiago","Infección Respiratoria Aguda",12,5,2026-08-17,653000,"Si",0.992968022975034,2334,"Adulto"
NA,47,"puente alto","Diabetes Mellitus Tipo 2",NA,3,2026-06-29,143000,"No",-1.13955237271159,2335,"Adulto"
"PAC-82420",88,"las condes","Hipertensión Arterial",14,0,2026-03-24,213000,"No",-0.846853494872249,2336,"Adulto mayor"
"PAC-96900",9,"las condes","Hipertensión Arterial",11,0,2026-09-03,575000,"No",0.666817844811197,2337,"Menor de edad"
"PAC-53719",28,"concepción","Hipertensión Arterial",8,5,2026-08-30,NA,"Si",NA,2338,"Adulto"
"PAC-20458",27,"puente alto","Apendicitis Aguda",10,0,2024-12-19,348000,"No",-0.282362801896378,2339,"Adulto"
"PAC-30032",5,"maipú","Artrosis",12,1,2024-12-11,843000,"No",1.78743640568182,2340,"Menor de edad"
"PAC-79822",56,"valparaíso","Apendicitis Aguda",7,1,2026-04-26,360000,"No",-0.232185851409634,2341,"Adulto"
"PAC-34914",89,"viña del mar","Gastritis Crónica",NA,0,2025-11-13,NA,"No",NA,2342,"Adulto mayor"
"PAC-79827",26,"santiago","Artrosis",11,5,2026-03-14,NA,"Si",NA,2343,"Adulto"
"PAC-67912",72,"valparaíso","Neumonía",2,3,2026-01-27,191000,"No",-0.938844570764613,2344,"Adulto mayor"
"PAC-66985",32,"antofagasta","Gastritis Crónica",14,0,2025-09-25,196000,"No",-0.917937508061803,2345,"Adulto"
"PAC-98039",4,"providencia","Diabetes Mellitus Tipo 2",8,0,2026-03-03,68000,"No",-1.45315831325374,2346,"Menor de edad"
"PAC-17455",26,"maipú","Artrosis",8,2,NA,30000,"No",-1.6120519897951,2347,"Adulto"
"PAC-44760",NA,"valparaíso","Infección Respiratoria Aguda",15,0,2025-10-26,461000,"No",0.190136815187129,2348,NA
"PAC-46048",8,"antofagasta",NA,11,0,2025-05-01,526000,"No",0.461928630323659,2349,"Menor de edad"
"PAC-26683",64,"la florida","Diabetes Mellitus Tipo 2",11,2,NA,267000,"No",-0.621057217681901,2350,"Adulto"
"PAC-10772",20,NA,"Diabetes Mellitus Tipo 2",NA,2,2025-01-27,434000,"No",0.0772386765919544,2351,"Adulto"
"PAC-62581",49,"providencia","Apendicitis Aguda",4,0,2026-06-15,NA,"No",NA,2352,"Adulto"
"PAC-30028",25,"concepción","Infección Respiratoria Aguda",5,0,NA,624000,"No",0.871707059298736,2353,"Adulto"
"PAC-97500",16,"viña del mar","Apendicitis Aguda",3,1,2026-01-26,809000,"No",1.64526837930271,2354,"Menor de edad"
"PAC-85574",5,"valparaíso","Hipertensión Arterial",9,NA,NA,119000,NA,-1.23990627368508,2355,"Menor de edad"
"PAC-81582",52,"la florida","Gastritis Crónica",13,0,2026-07-27,581000,"No",0.691906320054569,2356,"Adulto"
"PAC-84668",80,"puente alto","Artrosis",2,3,2025-04-19,548000,"No",0.553919706216023,2357,"Adulto mayor"
"PAC-69087",20,"maipú","Diabetes Mellitus Tipo 2",3,NA,2024-11-21,779000,NA,1.51982600308585,2358,"Adulto"
"PAC-63225",35,"providencia","Artrosis",NA,0,2026-04-11,608000,"No",0.804804458649744,2359,"Adulto"
"PAC-67199",29,NA,"Artrosis",15,0,2024-10-22,704000,"No",1.2062200625437,2360,"Adulto"
"PAC-97747",85,"concepción","Infección Respiratoria Aguda",3,3,2026-06-07,50000,"No",-1.52842373898386,2361,"Adulto mayor"
"PAC-40828",94,"viña del mar","Infección Respiratoria Aguda",6,2,NA,203000,"No",-0.888667620277869,2362,"Adulto mayor"
"PAC-65333",90,"maipú","Artrosis",15,0,2026-03-13,778000,"No",1.51564459054528,2363,"Adulto mayor"
"PAC-83579",76,"santiago","Diabetes Mellitus Tipo 2",6,2,2026-03-24,NA,"No",NA,2364,"Adulto mayor"
"PAC-70217",18,"maipú","Diabetes Mellitus Tipo 2",8,3,2026-08-17,635000,"No",0.917702597244918,2365,"Adulto"
"PAC-38657",23,"valparaíso","Gastritis Crónica",2,0,2026-08-12,421000,"No",0.0228803135646483,2366,"Adulto"
"PAC-59823",59,"concepción","Gastritis Crónica",9,14,2025-03-17,NA,"Si",NA,2367,"Adulto"
"PAC-89840",55,"maipú","Infección Respiratoria Aguda",9,1,2025-01-01,NA,"No",NA,2368,"Adulto"
"PAC-84364",NA,"santiago","Infección Respiratoria Aguda",15,5,2025-04-06,68000,"Si",-1.45315831325374,2369,NA
"PAC-30032",47,"puente alto","Infección Respiratoria Aguda",5,0,NA,104000,"No",-1.30262746179351,2370,"Adulto"
"PAC-27477",72,"valparaíso","Diabetes Mellitus Tipo 2",7,0,2026-01-03,806000,"No",1.63272414168102,2371,"Adulto mayor"
"PAC-96163",NA,"antofagasta","Gastritis Crónica",15,10,2025-02-02,NA,"Si",NA,2372,NA
"PAC-38746",95,"santiago","Gastritis Crónica",2,0,2025-11-26,608000,"No",0.804804458649744,2373,"Adulto mayor"
"PAC-98777",39,"antofagasta","Infección Respiratoria Aguda",1,0,2024-11-18,38000,"No",-1.5786006894706,2374,"Adulto"
"PAC-53933",34,NA,"Infección Respiratoria Aguda",NA,NA,2025-06-13,824000,NA,1.70798956741114,2375,"Adulto"
"PAC-75909",57,"las condes","Diabetes Mellitus Tipo 2",4,NA,2025-06-16,NA,NA,NA,2376,"Adulto"
"PAC-80284",49,"puente alto","Hipertensión Arterial",11,14,2025-10-15,NA,"Si",NA,2377,"Adulto"
"PAC-52906",0,"las condes","Diabetes Mellitus Tipo 2",13,3,2025-07-18,NA,"No",NA,2378,"Menor de edad"
"PAC-53404",47,"la florida","Artrosis",12,5,2025-01-28,493000,"Si",0.323942016485113,2379,"Adulto"
"PAC-44237",44,"puente alto","Infección Respiratoria Aguda",9,5,2026-08-28,479000,"Si",0.265402240917245,2380,"Adulto"
"PAC-60968",22,"concepción","Infección Respiratoria Aguda",11,10,NA,673000,"Si",1.07659627378627,2381,"Adulto"
"PAC-55309",35,"puente alto","Diabetes Mellitus Tipo 2",NA,0,NA,NA,"No",NA,2382,"Adulto"
"PAC-20745",NA,"maipú",NA,NA,5,2025-12-12,746000,"Si",1.3818393892473,2383,NA
"PAC-98696",41,"las condes","Gastritis Crónica",14,1,2024-11-25,373000,"No",-0.177827488382328,2384,"Adulto"
"PAC-70910",37,"valparaíso","Hipertensión Arterial",7,10,2026-02-03,257000,"Si",-0.662871343087521,2385,"Adulto"
"PAC-26728",NA,"la florida","Infección Respiratoria Aguda",1,5,2024-12-13,271000,"Si",-0.604331567519653,2386,NA
"PAC-77889",86,"santiago","Infección Respiratoria Aguda",2,0,2025-11-13,575000,"No",0.666817844811197,2387,"Adulto mayor"
"PAC-61990",95,"santiago","Hipertensión Arterial",5,14,2026-03-07,216000,"Si",-0.834309257250563,2388,"Adulto mayor"
"PAC-52504",92,"puente alto","Hipertensión Arterial",NA,0,2026-06-20,113000,"No",-1.26499474892845,2389,"Adulto mayor"
"PAC-25860",87,"valparaíso","Neumonía",1,0,2025-07-15,133000,"No",-1.18136649811721,2390,"Adulto mayor"
"PAC-26334",58,"providencia","Diabetes Mellitus Tipo 2",9,14,2024-11-24,NA,"Si",NA,2391,"Adulto"
"PAC-72070",NA,"puente alto","Apendicitis Aguda",12,3,2024-11-27,127000,"No",-1.20645497336058,2392,NA
"PAC-30379",10,"antofagasta","Gastritis Crónica",6,0,2025-07-18,431000,"No",0.0646944389702684,2393,"Menor de edad"
"PAC-73788",NA,"puente alto","Gastritis Crónica",11,0,2025-04-17,131000,"No",-1.18972932319833,2394,NA
"PAC-33416",16,NA,"Hipertensión Arterial",15,0,2025-07-16,195000,"No",-0.922118920602365,2395,"Menor de edad"
NA,NA,"maipú",NA,12,NA,2026-09-03,587000,NA,0.716994795297941,2396,NA
"PAC-99353",13,"las condes","Apendicitis Aguda",1,1,2026-01-11,147000,"No",-1.12282672254934,2397,"Menor de edad"
"PAC-70258",58,"santiago","Hipertensión Arterial",12,NA,NA,477000,NA,0.257039415836121,2398,"Adulto"
"PAC-21359",81,"valparaíso","Infección Respiratoria Aguda",7,5,NA,832000,"Si",1.74144086773563,2399,"Adulto mayor"
"PAC-27146",77,"la florida","Hipertensión Arterial",4,3,NA,497000,"No",0.340667666647361,2400,"Adulto mayor"
"PAC-22704",20,"viña del mar","Diabetes Mellitus Tipo 2",2,2,NA,758000,"No",1.43201633973404,2401,"Adulto"
"PAC-28301",65,"la florida","Gastritis Crónica",2,14,2024-12-01,538000,"Si",0.512105580810403,2402,"Adulto mayor"
"PAC-73654",48,"providencia","Infección Respiratoria Aguda",5,14,2025-08-30,523000,"Si",0.449384392701973,2403,"Adulto"
"PAC-97580",70,"santiago","Apendicitis Aguda",2,0,NA,491000,"No",0.315579191403989,2404,"Adulto mayor"
"PAC-16826",11,"las condes","Infección Respiratoria Aguda",8,1,2026-01-22,206000,"No",-0.876123382656183,2405,"Menor de edad"
"PAC-42662",NA,NA,"Gastritis Crónica",3,0,NA,319000,"No",-0.403623765572676,2406,NA
"PAC-97841",23,"puente alto","Infección Respiratoria Aguda",8,3,NA,133000,"No",-1.18136649811721,2407,"Adulto"
"PAC-80686",65,"la florida","Infección Respiratoria Aguda",NA,0,2026-01-17,38000,"No",-1.5786006894706,2408,"Adulto mayor"
"PAC-45992",4,"la florida","Diabetes Mellitus Tipo 2",12,5,2025-11-13,582000,"Si",0.696087732595131,2409,"Menor de edad"
"PAC-54942",92,"viña del mar","Infección Respiratoria Aguda",4,0,2026-03-12,266000,"No",-0.625238630222463,2410,"Adulto mayor"
"PAC-86484",NA,"viña del mar","Neumonía",11,3,2025-04-02,NA,"No",NA,2411,NA
"PAC-77889",14,"valparaíso","Diabetes Mellitus Tipo 2",11,10,2025-02-09,431000,"Si",0.0646944389702684,2412,"Menor de edad"
"PAC-56898",48,"providencia",NA,2,10,2025-05-28,242000,"Si",-0.725592531195951,2413,"Adulto"
"PAC-44814",32,"providencia","Infección Respiratoria Aguda",12,3,2026-01-30,496000,"No",0.336486254106799,2414,"Adulto"
"PAC-72070",7,"maipú","Diabetes Mellitus Tipo 2",NA,5,2025-09-27,119000,"Si",-1.23990627368508,2415,"Menor de edad"
"PAC-79329",2,"antofagasta","Gastritis Crónica",3,10,2025-06-26,166000,"Si",-1.04337988427866,2416,"Menor de edad"
"PAC-65519",29,"viña del mar","Neumonía",6,2,2026-02-19,NA,"No",NA,2417,"Adulto"
"PAC-60968",NA,"la florida","Diabetes Mellitus Tipo 2",15,3,NA,NA,"No",NA,2418,NA
"PAC-98259",50,"la florida","Diabetes Mellitus Tipo 2",5,0,2025-10-11,180000,"No",-0.984840108710795,2419,"Adulto"
"PAC-51441",92,"la florida","Diabetes Mellitus Tipo 2",5,0,2025-03-11,NA,"No",NA,2420,"Adulto mayor"
"PAC-49446",24,"la florida","Hipertensión Arterial",4,0,2025-08-18,689000,"No",1.14349887443527,2421,"Adulto"
NA,20,"viña del mar","Diabetes Mellitus Tipo 2",14,0,2026-06-18,744000,"No",1.37347656416618,2422,"Adulto"
"PAC-54597",NA,"maipú","Neumonía",12,3,2026-03-10,455000,"No",0.165048339943757,2423,NA
"PAC-93507",51,"santiago","Infección Respiratoria Aguda",2,10,2025-12-19,653000,"Si",0.992968022975034,2424,"Adulto"
"PAC-91351",68,"la florida","Hipertensión Arterial",12,0,2026-02-23,NA,"No",NA,2425,"Adulto mayor"
"PAC-43386",75,"las condes","Diabetes Mellitus Tipo 2",9,5,2026-02-15,767000,"Si",1.4696490525991,2426,"Adulto mayor"
"PAC-11025",NA,"viña del mar","Artrosis",11,10,2026-08-31,48000,"Si",-1.53678656406498,2427,NA
"PAC-80010",27,"viña del mar","Gastritis Crónica",3,5,2026-06-26,360000,"Si",-0.232185851409634,2428,"Adulto"
"PAC-11934",43,NA,"Neumonía",NA,0,2026-09-01,100000,"No",-1.31935311195576,2429,"Adulto"
"PAC-45697",36,"santiago","Artrosis",6,0,2025-10-07,820000,"No",1.69126391724889,2430,"Adulto"
"PAC-98696",77,"puente alto","Apendicitis Aguda",7,3,2026-03-09,324000,"No",-0.382716702869866,2431,"Adulto mayor"
"PAC-78146",76,"puente alto",NA,9,10,2024-11-10,NA,"Si",NA,2432,"Adulto mayor"
"PAC-34890",NA,"valparaíso","Diabetes Mellitus Tipo 2",12,0,2026-06-21,682000,"No",1.11422898665133,2433,NA
"PAC-41385",51,"santiago","Diabetes Mellitus Tipo 2",7,0,NA,457000,"No",0.173411165024881,2434,"Adulto"
"PAC-41979",45,"las condes","Hipertensión Arterial",9,NA,NA,801000,NA,1.61181707897821,2435,"Adulto"
"PAC-23577",86,"valparaíso","Hipertensión Arterial",6,2,NA,651000,"No",0.98460519789391,2436,"Adulto mayor"
"PAC-67433",67,"santiago","Apendicitis Aguda",14,5,2025-12-02,290000,"Si",-0.524884729248975,2437,"Adulto mayor"
"PAC-20155",NA,"providencia","Diabetes Mellitus Tipo 2",3,0,2024-12-02,799000,"No",1.60345425389709,2438,NA
"PAC-95181",12,"la florida","Neumonía",6,0,2026-05-24,145000,"No",-1.13118954763047,2439,"Menor de edad"
"PAC-31299",44,"las condes","Apendicitis Aguda",15,0,NA,425000,"No",0.0396059637268963,2440,"Adulto"
"PAC-94607",76,"valparaíso","Artrosis",NA,0,2024-11-04,558000,"No",0.595733831621643,2441,"Adulto mayor"
"PAC-65333",18,"santiago","Diabetes Mellitus Tipo 2",4,2,2025-07-19,33000,"No",-1.59950775217341,2442,"Adulto"
"PAC-15778",87,"maipú","Apendicitis Aguda",1,3,2025-01-03,760000,"No",1.44037916481517,2443,"Adulto mayor"
"PAC-80575",NA,"las condes","Diabetes Mellitus Tipo 2",13,5,2025-11-30,479000,"Si",0.265402240917245,2444,NA
"PAC-77391",73,"puente alto","Gastritis Crónica",6,0,2026-06-28,164000,"No",-1.05174270935979,2445,"Adulto mayor"
"PAC-82512",NA,"puente alto","Diabetes Mellitus Tipo 2",2,10,2025-10-26,59000,"Si",-1.4907910261188,2446,NA
"PAC-80798",44,"providencia","Artrosis",3,3,2025-12-25,630000,"No",0.896795534542108,2447,"Adulto"
"PAC-18418",66,"puente alto","Gastritis Crónica",10,0,NA,158000,"No",-1.07683118460316,2448,"Adulto mayor"
"PAC-99192",10,"antofagasta","Apendicitis Aguda",11,NA,2026-09-02,568000,NA,0.637547957027263,2449,"Menor de edad"
"PAC-54587",NA,"santiago","Artrosis",15,10,2026-07-19,151000,"Si",-1.10610107238709,2450,NA
"PAC-98039",15,"valparaíso","Neumonía",5,0,NA,165000,"No",-1.04756129681923,2451,"Menor de edad"
"PAC-88697",68,"santiago","Apendicitis Aguda",6,10,2026-08-15,765000,"Si",1.46128622751798,2452,"Adulto mayor"
NA,NA,NA,"Diabetes Mellitus Tipo 2",12,1,2026-07-30,846000,"No",1.7999806433035,2453,NA
"PAC-93307",81,"providencia","Gastritis Crónica",2,14,2025-07-30,NA,"Si",NA,2454,"Adulto mayor"
"PAC-57739",17,"santiago","Infección Respiratoria Aguda",5,0,NA,730000,"No",1.31493678859831,2455,"Menor de edad"
"PAC-63528",90,"las condes","Diabetes Mellitus Tipo 2",3,2,NA,239000,"No",-0.738136768817637,2456,"Adulto mayor"
"PAC-31417",21,"puente alto","Infección Respiratoria Aguda",2,3,NA,473000,"No",0.240313765673873,2457,"Adulto"
"PAC-26704",6,"valparaíso","Gastritis Crónica",6,0,2025-06-02,835000,"No",1.75398510535732,2458,"Menor de edad"
"PAC-65255",32,"providencia","Neumonía",6,3,2026-04-29,416000,"No",0.00197325086183829,2459,"Adulto"
"PAC-46471",87,"concepción","Diabetes Mellitus Tipo 2",10,0,2025-03-28,668000,"No",1.05568921108346,2460,"Adulto mayor"
"PAC-44814",23,"santiago","Gastritis Crónica",7,2,2025-02-15,558000,"No",0.595733831621643,2461,"Adulto"
"PAC-10851",39,"viña del mar","Infección Respiratoria Aguda",6,1,2025-10-03,113000,"No",-1.26499474892845,2462,"Adulto"
"PAC-42706",66,"antofagasta","Infección Respiratoria Aguda",5,14,2025-07-14,338000,"Si",-0.324176927301998,2463,"Adulto mayor"
"PAC-55309",12,"providencia","Apendicitis Aguda",4,3,2025-01-03,821000,"No",1.69544532978945,2464,"Menor de edad"
"PAC-70515",42,"viña del mar","Diabetes Mellitus Tipo 2",NA,14,2026-03-15,241000,"Si",-0.729773943736513,2465,"Adulto"
"PAC-66959",26,"santiago","Apendicitis Aguda",10,0,NA,91000,"No",-1.35698582482081,2466,"Adulto"
"PAC-42177",27,"santiago","Artrosis",3,10,2026-04-08,401000,"Si",-0.0607479372465918,2467,"Adulto"
"PAC-70910",30,"maipú","Artrosis",12,5,2024-12-15,296000,"Si",-0.499796254005602,2468,"Adulto"
"PAC-14067",65,"santiago","Neumonía",7,1,2026-07-23,764000,"No",1.45710481497742,2469,"Adulto mayor"
"PAC-59192",1,"concepción","Diabetes Mellitus Tipo 2",NA,5,2025-05-16,327000,"Si",-0.37017246524818,2470,"Menor de edad"
"PAC-23104",55,"santiago","Hipertensión Arterial",6,0,2025-01-01,249000,"No",-0.696322643412017,2471,"Adulto"
"PAC-58571",68,"viña del mar","Diabetes Mellitus Tipo 2",7,NA,2025-09-29,709000,NA,1.22712712524651,2472,"Adulto mayor"
"PAC-44600",NA,"antofagasta","Infección Respiratoria Aguda",8,2,2025-06-09,96000,"No",-1.336078762118,2473,NA
"PAC-86503",NA,NA,"Hipertensión Arterial",NA,0,2026-02-13,277000,"No",-0.579243092276281,2474,NA
"PAC-81511",NA,"las condes",NA,9,NA,2026-08-13,703000,NA,1.20203865000313,2475,NA
"PAC-49829",5,"santiago","Infección Respiratoria Aguda",7,2,2025-04-03,115000,"No",-1.25663192384733,2476,"Menor de edad"
"PAC-98555",52,"maipú",NA,2,0,2025-04-15,154000,"No",-1.09355683476541,2477,"Adulto"
"PAC-16630",17,"concepción","Infección Respiratoria Aguda",2,0,2025-06-28,314000,"No",-0.424530828275486,2478,"Menor de edad"
"PAC-64496",36,"maipú","Hipertensión Arterial",2,10,2026-08-03,432000,"Si",0.0688758515108304,2479,"Adulto"
"PAC-24662",88,"valparaíso","Hipertensión Arterial",NA,10,2026-08-12,253000,"Si",-0.679596993249769,2480,"Adulto mayor"
"PAC-19287",74,"valparaíso","Neumonía",15,3,NA,NA,"No",NA,2481,"Adulto mayor"
"PAC-27477",40,"santiago","Diabetes Mellitus Tipo 2",12,0,NA,504000,"No",0.369937554431295,2482,"Adulto"
"PAC-55508",38,"las condes","Diabetes Mellitus Tipo 2",2,10,2025-06-17,512000,"Si",0.403388854755791,2483,"Adulto"
"PAC-35825",89,"maipú","Gastritis Crónica",NA,0,2025-05-18,368000,"No",-0.198734551085138,2484,"Adulto mayor"
"PAC-36062",81,"santiago","Infección Respiratoria Aguda",8,2,NA,202000,"No",-0.892849032818431,2485,"Adulto mayor"
"PAC-94696",NA,"maipú","Infección Respiratoria Aguda",1,0,2025-12-01,NA,"No",NA,2486,NA
"PAC-95477",18,"santiago","Diabetes Mellitus Tipo 2",4,10,2025-05-22,29000,"Si",-1.61623340233566,2487,"Adulto"
"PAC-77839",NA,"antofagasta","Infección Respiratoria Aguda",6,0,2026-03-25,148000,"No",-1.11864531000878,2488,NA
"PAC-32241",40,"santiago","Diabetes Mellitus Tipo 2",13,1,NA,797000,"No",1.59509142881596,2489,"Adulto"
"PAC-28726",14,"las condes","Gastritis Crónica",2,3,2025-10-21,28000,"No",-1.62041481487622,2490,"Menor de edad"
"PAC-19862",87,"maipú","Diabetes Mellitus Tipo 2",6,2,2026-09-18,NA,"No",NA,2491,"Adulto mayor"
"PAC-64987",8,"antofagasta","Artrosis",9,0,NA,NA,"No",NA,2492,"Menor de edad"
"PAC-21114",67,"providencia","Infección Respiratoria Aguda",7,1,2024-11-24,309000,"No",-0.445437890978296,2493,"Adulto mayor"
"PAC-57400",85,"las condes","Neumonía",3,5,2025-11-25,387000,"Si",-0.11928771281446,2494,"Adulto mayor"
"PAC-76307",73,"santiago","Hipertensión Arterial",11,0,2024-12-11,221000,"No",-0.813402194547753,2495,"Adulto mayor"
"PAC-20458",47,"maipú","Gastritis Crónica",11,0,2025-12-03,359000,"No",-0.236367263950196,2496,"Adulto"
"PAC-42098",59,"santiago","Artrosis",3,0,2025-01-23,244000,"No",-0.717229706114827,2497,"Adulto"
"PAC-86569",19,"concepción","Apendicitis Aguda",1,0,2026-04-25,237000,"No",-0.746499593898761,2498,"Adulto"
"PAC-97841",82,"viña del mar","Infección Respiratoria Aguda",1,10,NA,137000,"Si",-1.16464084795496,2499,"Adulto mayor"
"PAC-77889",NA,"santiago","Artrosis",3,NA,2026-04-16,NA,NA,NA,2500,NA
"PAC-98039",67,"viña del mar","Diabetes Mellitus Tipo 2",2,3,2025-05-20,596000,"No",0.754627508163,2501,"Adulto mayor"
"PAC-44237",21,"providencia",NA,6,NA,2025-04-09,590000,NA,0.729539032919627,2502,"Adulto"
"PAC-99353",10,"santiago","Diabetes Mellitus Tipo 2",8,0,NA,499000,"No",0.349030491728485,2503,"Menor de edad"
"PAC-25713",NA,"santiago","Apendicitis Aguda",8,10,2026-06-23,98000,"Si",-1.32771593703688,2504,NA
"PAC-25129",31,"las condes","Apendicitis Aguda",1,5,2025-07-07,31000,"Si",-1.60787057725453,2505,"Adulto"
"PAC-46463",14,"santiago","Infección Respiratoria Aguda",10,1,2026-02-16,250000,"No",-0.692141230871455,2506,"Menor de edad"
"PAC-82512",77,"la florida","Infección Respiratoria Aguda",3,14,2025-12-13,275000,"Si",-0.587605917357405,2507,"Adulto mayor"
"PAC-54057",86,"puente alto","Apendicitis Aguda",7,0,2026-08-06,218000,"No",-0.825946432169439,2508,"Adulto mayor"
"PAC-23104",NA,"antofagasta","Apendicitis Aguda",5,0,2025-07-04,759000,"No",1.43619775227461,2509,NA
"PAC-27146",45,"viña del mar","Diabetes Mellitus Tipo 2",11,14,2026-08-30,NA,"Si",NA,2510,"Adulto"
"PAC-38569",93,"puente alto","Hipertensión Arterial",1,3,2026-07-30,410000,"No",-0.0231152243815337,2511,"Adulto mayor"
"PAC-87128",81,"la florida","Hipertensión Arterial",3,0,2025-09-26,788000,"No",1.5574587159509,2512,"Adulto mayor"
"PAC-43972",11,"antofagasta","Hipertensión Arterial",11,0,2025-01-13,NA,"No",NA,2513,"Menor de edad"
"PAC-68446",46,"concepción","Neumonía",7,14,2025-05-14,NA,"Si",NA,2514,"Adulto"
"PAC-22899",68,"la florida","Apendicitis Aguda",4,14,2025-10-11,583000,"Si",0.700269145135693,2515,"Adulto mayor"
"PAC-57052",35,"providencia","Diabetes Mellitus Tipo 2",15,5,NA,595000,"Si",0.750446095622437,2516,"Adulto"
"PAC-95256",86,"providencia","Hipertensión Arterial",7,3,2025-09-27,NA,"No",NA,2517,"Adulto mayor"
"PAC-27342",NA,NA,"Artrosis",4,0,NA,274000,"No",-0.591787329897967,2518,NA
"PAC-97062",59,"antofagasta",NA,11,5,2026-02-08,752000,"Si",1.40692786449067,2519,"Adulto"
"PAC-16590",88,"concepción","Apendicitis Aguda",13,2,2026-01-09,429000,"No",0.0563316138891444,2520,"Adulto mayor"
"PAC-41195",30,"concepción","Infección Respiratoria Aguda",NA,1,2024-10-13,84000,"No",-1.38625571260475,2521,"Adulto"
"PAC-22280",NA,"providencia","Infección Respiratoria Aguda",8,0,NA,293000,"No",-0.512340491627288,2522,NA
"PAC-97900",87,"las condes","Hipertensión Arterial",15,0,NA,166000,"No",-1.04337988427866,2523,"Adulto mayor"
"PAC-83975",58,"viña del mar","Gastritis Crónica",12,2,2026-08-03,375000,"No",-0.169464663301204,2524,"Adulto"
"PAC-99016",51,"santiago","Hipertensión Arterial",4,0,2025-06-03,78000,"No",-1.41134418784812,2525,"Adulto"
"PAC-46421",13,"santiago","Diabetes Mellitus Tipo 2",6,0,2026-09-27,181000,"No",-0.980658696170233,2526,"Menor de edad"
"PAC-66498",52,"la florida","Apendicitis Aguda",10,NA,2026-01-21,154000,NA,-1.09355683476541,2527,"Adulto"
"PAC-15817",42,"concepción","Apendicitis Aguda",14,3,2026-01-18,331000,"No",-0.353446815085932,2528,"Adulto"
"PAC-41571",9,"valparaíso","Infección Respiratoria Aguda",NA,0,2025-02-21,123000,"No",-1.22318062352283,2529,"Menor de edad"
"PAC-82845",48,"valparaíso","Diabetes Mellitus Tipo 2",9,3,2026-02-23,261000,"No",-0.646145692925273,2530,"Adulto"
"PAC-65392",28,"providencia","Diabetes Mellitus Tipo 2",10,0,2025-10-19,463000,"No",0.198499640268253,2531,"Adulto"
"PAC-40007",50,"providencia","Gastritis Crónica",1,2,NA,807000,"No",1.63690555422158,2532,"Adulto"
"PAC-53279",NA,"santiago","Artrosis",9,2,2025-10-22,802000,"No",1.61599849151877,2533,NA
"PAC-38534",64,"puente alto","Diabetes Mellitus Tipo 2",4,2,2025-09-22,49000,"No",-1.53260515152442,2534,"Adulto"
"PAC-20500",68,"maipú","Artrosis",5,1,2026-08-20,269000,"No",-0.612694392600777,2535,"Adulto mayor"
"PAC-59009",90,"viña del mar","Diabetes Mellitus Tipo 2",6,0,2025-01-22,591000,"No",0.733720445460189,2536,"Adulto mayor"
"PAC-69598",6,"antofagasta","Hipertensión Arterial",8,3,2026-01-25,775000,"No",1.5031003529236,2537,"Menor de edad"
"PAC-74686",48,"viña del mar","Hipertensión Arterial",NA,5,2025-01-24,845000,"Si",1.79579923076294,2538,"Adulto"
"PAC-23577",14,"maipú","Diabetes Mellitus Tipo 2",2,3,2026-04-06,642000,"No",0.946972485028852,2539,"Menor de edad"
"PAC-13248",44,"la florida","Hipertensión Arterial",6,2,2024-10-03,668000,"No",1.05568921108346,2540,"Adulto"
"PAC-91959",48,NA,"Diabetes Mellitus Tipo 2",14,0,2024-11-15,51000,"No",-1.52424232644329,2541,"Adulto"
"PAC-95909",65,"viña del mar","Hipertensión Arterial",13,0,2025-12-21,202000,"No",-0.892849032818431,2542,"Adulto mayor"
"PAC-33819",62,"maipú","Diabetes Mellitus Tipo 2",9,0,2026-04-19,377000,"No",-0.16110183822008,2543,"Adulto"
"PAC-60432",59,"santiago","Diabetes Mellitus Tipo 2",1,5,2025-04-26,162000,"Si",-1.06010553444091,2544,"Adulto"
"PAC-97670",86,"antofagasta","Diabetes Mellitus Tipo 2",12,NA,2026-02-19,248000,NA,-0.700504055952579,2545,"Adulto mayor"
"PAC-34890",73,"viña del mar","Infección Respiratoria Aguda",6,0,2025-10-30,NA,"No",NA,2546,"Adulto mayor"
"PAC-94607",82,"viña del mar",NA,1,14,2026-04-16,496000,"Si",0.336486254106799,2547,"Adulto mayor"
"PAC-34050",41,"la florida","Gastritis Crónica",11,3,2026-04-10,409000,"No",-0.0272966369220958,2548,"Adulto"
"PAC-55082",71,"providencia","Diabetes Mellitus Tipo 2",8,2,2025-10-12,338000,"No",-0.324176927301998,2549,"Adulto mayor"
"PAC-87656",4,"las condes","Artrosis",2,14,2025-07-10,NA,"Si",NA,2550,"Menor de edad"
"PAC-68008",36,"santiago","Diabetes Mellitus Tipo 2",NA,1,2025-12-04,514000,"No",0.411751679836915,2551,"Adulto"
"PAC-66057",60,"providencia","Hipertensión Arterial",3,2,2025-08-14,426000,"No",0.0437873762674584,2552,"Adulto"
"PAC-62350",63,"las condes","Apendicitis Aguda",11,0,2026-07-12,807000,"No",1.63690555422158,2553,"Adulto"
"PAC-30861",NA,"maipú","Diabetes Mellitus Tipo 2",3,0,NA,172000,"No",-1.01829140903529,2554,NA
NA,34,"santiago","Diabetes Mellitus Tipo 2",14,1,2025-11-13,526000,"No",0.461928630323659,2555,"Adulto"
"PAC-42591",70,"la florida","Infección Respiratoria Aguda",11,14,2026-07-05,811000,"Si",1.65363120438383,2556,"Adulto mayor"
"PAC-99065",21,"viña del mar","Apendicitis Aguda",5,NA,2025-07-19,511000,NA,0.399207442215229,2557,"Adulto"
"PAC-15229",43,"providencia","Infección Respiratoria Aguda",8,0,2025-04-08,101000,"No",-1.31517169941519,2558,"Adulto"
"PAC-14207",77,"maipú","Artrosis",NA,5,NA,NA,"Si",NA,2559,"Adulto mayor"
"PAC-53309",21,"antofagasta","Neumonía",9,0,NA,390000,"No",-0.106743475192774,2560,"Adulto"
"PAC-62565",85,"antofagasta","Hipertensión Arterial",NA,1,2025-10-25,242000,"No",-0.725592531195951,2561,"Adulto mayor"
"PAC-60488",NA,"puente alto","Gastritis Crónica",4,14,NA,NA,"Si",NA,2562,NA
"PAC-71694",89,"valparaíso","Diabetes Mellitus Tipo 2",3,1,2025-11-15,409000,"No",-0.0272966369220958,2563,"Adulto mayor"
"PAC-39154",67,"puente alto","Diabetes Mellitus Tipo 2",NA,2,2025-07-07,444000,"No",0.119052801997574,2564,"Adulto mayor"
"PAC-23396",4,"maipú","Artrosis",12,2,2026-07-10,148000,"No",-1.11864531000878,2565,"Menor de edad"
"PAC-42325",23,"la florida","Artrosis",3,5,2025-12-13,NA,"Si",NA,2566,"Adulto"
"PAC-13905",55,"valparaíso","Gastritis Crónica",12,2,2026-04-17,148000,"No",-1.11864531000878,2567,"Adulto"
"PAC-79163",16,"puente alto","Gastritis Crónica",8,0,2026-04-06,NA,"No",NA,2568,"Menor de edad"
"PAC-66346",29,"concepción",NA,NA,1,2026-06-08,NA,"No",NA,2569,"Adulto"
"PAC-95215",NA,"valparaíso","Gastritis Crónica",11,0,NA,599000,"No",0.767171745784685,2570,NA
"PAC-31643",56,"maipú","Apendicitis Aguda",10,10,NA,743000,"Si",1.36929515162561,2571,"Adulto"
"PAC-70946",89,NA,"Artrosis",9,14,2026-04-26,824000,"Si",1.70798956741114,2572,"Adulto mayor"
"PAC-57472",77,NA,"Apendicitis Aguda",NA,NA,2026-04-25,160000,NA,-1.06846835952204,2573,"Adulto mayor"
"PAC-48890",NA,"maipú",NA,1,0,2024-10-28,556000,"No",0.587371006540519,2574,NA
"PAC-98184",42,"las condes","Neumonía",15,1,2025-05-31,591000,"No",0.733720445460189,2575,"Adulto"
"PAC-92149",84,"puente alto","Neumonía",7,3,2025-08-01,NA,"No",NA,2576,"Adulto mayor"
"PAC-66346",27,"viña del mar","Diabetes Mellitus Tipo 2",8,2,2025-01-04,832000,"No",1.74144086773563,2577,"Adulto"
"PAC-19961",47,"valparaíso","Gastritis Crónica",3,5,2026-07-30,652000,"Si",0.988786610434472,2578,"Adulto"
"PAC-44760",93,"antofagasta","Apendicitis Aguda",4,0,2025-01-31,438000,"No",0.0939643267542024,2579,"Adulto mayor"
"PAC-49363",56,"providencia","Hipertensión Arterial",15,2,2025-08-13,NA,"No",NA,2580,"Adulto"
"PAC-57795",NA,"viña del mar","Hipertensión Arterial",1,0,2025-09-22,409000,"No",-0.0272966369220958,2581,NA
"PAC-29973",31,"santiago","Neumonía",NA,3,2026-08-05,197000,"No",-0.913756095521241,2582,"Adulto"
"PAC-10053",86,"concepción","Gastritis Crónica",8,14,2024-11-15,750000,"Si",1.39856503940955,2583,"Adulto mayor"
"PAC-25118",23,"las condes","Neumonía",NA,0,2025-01-11,508000,"No",0.386663204593543,2584,"Adulto"
"PAC-84668",47,"las condes","Diabetes Mellitus Tipo 2",4,3,2026-01-10,488000,"No",0.303034953782303,2585,"Adulto"
"PAC-22704",42,"valparaíso","Hipertensión Arterial",14,2,2025-03-08,55000,"No",-1.50751667628105,2586,"Adulto"
"PAC-44760",10,"maipú","Apendicitis Aguda",4,0,2026-07-16,268000,"No",-0.616875805141339,2587,"Menor de edad"
"PAC-65519",84,"antofagasta","Hipertensión Arterial",13,2,2025-11-07,431000,"No",0.0646944389702684,2588,"Adulto mayor"
"PAC-72216",24,"la florida","Infección Respiratoria Aguda",NA,0,2024-10-11,158000,"No",-1.07683118460316,2589,"Adulto"
"PAC-91560",60,"puente alto","Gastritis Crónica",9,0,2025-05-05,544000,"No",0.537194056053775,2590,"Adulto"
"PAC-45382",4,"santiago","Diabetes Mellitus Tipo 2",9,0,2025-11-30,NA,"No",NA,2591,"Menor de edad"
"PAC-93130",14,"puente alto","Infección Respiratoria Aguda",5,10,2024-11-11,324000,"Si",-0.382716702869866,2592,"Menor de edad"
"PAC-18981",21,NA,"Infección Respiratoria Aguda",12,2,2025-10-26,194000,"No",-0.926300333142927,2593,"Adulto"
"PAC-53719",NA,"santiago","Hipertensión Arterial",7,3,2026-08-03,347000,"No",-0.28654421443694,2594,NA
NA,46,"antofagasta","Gastritis Crónica",8,3,2026-03-21,393000,"No",-0.0941992375710878,2595,"Adulto"
"PAC-64496",40,"concepción","Neumonía",13,10,2026-02-26,424000,"Si",0.0354245511863343,2596,"Adulto"
"PAC-73624",NA,"maipú","Infección Respiratoria Aguda",5,3,NA,309000,"No",-0.445437890978296,2597,NA
"PAC-42914",50,"puente alto","Neumonía",3,0,2026-02-28,290000,"No",-0.524884729248975,2598,"Adulto"
"PAC-19880",17,"santiago","Artrosis",NA,0,2025-03-17,569000,"No",0.641729369567825,2599,"Menor de edad"
"PAC-13905",16,"santiago","Apendicitis Aguda",11,10,NA,NA,"Si",NA,2600,"Menor de edad"
"PAC-85880",85,"puente alto","Hipertensión Arterial",6,5,2025-04-20,166000,"Si",-1.04337988427866,2601,"Adulto mayor"
"PAC-95909",NA,"concepción","Hipertensión Arterial",10,2,2024-10-13,253000,"No",-0.679596993249769,2602,NA
NA,25,"santiago","Diabetes Mellitus Tipo 2",13,5,2025-09-30,53000,"Si",-1.51587950136217,2603,"Adulto"
"PAC-52504",73,"las condes","Gastritis Crónica",15,0,2025-01-23,744000,"No",1.37347656416618,2604,"Adulto mayor"
"PAC-42914",49,"la florida","Artrosis",2,1,2025-02-21,299000,"No",-0.487252016383916,2605,"Adulto"
"PAC-97012",68,"concepción","Gastritis Crónica",NA,14,2025-12-06,781000,"Si",1.52818882816697,2606,"Adulto mayor"
"PAC-53540",7,"puente alto","Infección Respiratoria Aguda",11,10,2025-10-31,486000,"Si",0.294672128701179,2607,"Menor de edad"
"PAC-85880",80,"antofagasta","Diabetes Mellitus Tipo 2",NA,0,2025-01-05,384000,"No",-0.131831950436146,2608,"Adulto mayor"
"PAC-61856",4,"valparaíso","Apendicitis Aguda",15,2,2025-12-11,142000,"No",-1.14373378525215,2609,"Menor de edad"
"PAC-53404",51,"antofagasta","Hipertensión Arterial",1,5,2026-07-31,667000,"Si",1.0515077985429,2610,"Adulto"
"PAC-39831",58,"antofagasta","Neumonía",15,14,2026-06-27,215000,"Si",-0.838490669791125,2611,"Adulto"
"PAC-23947",0,"maipú",NA,14,0,NA,NA,"No",NA,2612,"Menor de edad"
"PAC-37742",24,"las condes","Neumonía",9,0,2026-09-23,369000,"No",-0.194553138544576,2613,"Adulto"
"PAC-58520",94,NA,NA,14,5,2025-01-29,442000,"Si",0.11068997691645,2614,"Adulto mayor"
"PAC-53719",29,"concepción","Diabetes Mellitus Tipo 2",5,5,2026-04-22,NA,"Si",NA,2615,"Adulto"
"PAC-44760",26,"concepción","Diabetes Mellitus Tipo 2",NA,0,2024-11-01,NA,"No",NA,2616,"Adulto"
"PAC-45093",39,"santiago","Infección Respiratoria Aguda",11,0,2026-05-31,837000,"No",1.76234793043844,2617,"Adulto"
"PAC-29313",44,"maipú","Neumonía",7,2,2025-07-23,275000,"No",-0.587605917357405,2618,"Adulto"
"PAC-99593",15,"santiago","Hipertensión Arterial",13,2,2026-08-20,256000,"No",-0.667052755628083,2619,"Menor de edad"
"PAC-22676",37,"viña del mar","Diabetes Mellitus Tipo 2",6,0,2025-09-20,753000,"No",1.41110927703123,2620,"Adulto"
"PAC-80539",49,"concepción","Hipertensión Arterial",11,0,2025-08-21,824000,"No",1.70798956741114,2621,"Adulto"
NA,35,"las condes","Hipertensión Arterial",11,0,2026-07-15,217000,"No",-0.830127844710001,2622,"Adulto"
"PAC-11267",53,"viña del mar","Diabetes Mellitus Tipo 2",8,0,2025-04-04,727000,"No",1.30239255097662,2623,"Adulto"
"PAC-38864",81,"providencia","Hipertensión Arterial",3,0,2026-06-16,274000,"No",-0.591787329897967,2624,"Adulto mayor"
"PAC-43065",17,"puente alto","Gastritis Crónica",9,NA,2026-05-16,695000,NA,1.16858734967864,2625,"Menor de edad"
NA,46,"maipú","Diabetes Mellitus Tipo 2",11,10,NA,791000,"Si",1.57000295357259,2626,"Adulto"
"PAC-71993",29,"viña del mar","Hipertensión Arterial",12,5,2024-12-03,682000,"Si",1.11422898665133,2627,"Adulto"
"PAC-55870",47,"santiago","Diabetes Mellitus Tipo 2",8,0,NA,95000,"No",-1.34026017465857,2628,"Adulto"
"PAC-46265",15,"valparaíso","Hipertensión Arterial",11,0,NA,143000,"No",-1.13955237271159,2629,"Menor de edad"
"PAC-60140",57,"antofagasta","Diabetes Mellitus Tipo 2",14,14,2025-05-26,42000,"Si",-1.56187503930835,2630,"Adulto"
"PAC-85914",NA,"las condes","Artrosis",2,2,2026-07-20,178000,"No",-0.993202933791919,2631,NA
"PAC-53933",90,"puente alto","Diabetes Mellitus Tipo 2",8,1,2026-03-26,434000,"No",0.0772386765919544,2632,"Adulto mayor"
"PAC-46463",42,NA,"Apendicitis Aguda",15,14,2025-09-29,552000,"Si",0.570645356378271,2633,"Adulto"
"PAC-94607",71,"santiago","Diabetes Mellitus Tipo 2",10,0,NA,650000,"No",0.980423785353348,2634,"Adulto mayor"
"PAC-42493",NA,"maipú",NA,6,10,2026-06-26,455000,"Si",0.165048339943757,2635,NA
"PAC-38683",68,"viña del mar","Gastritis Crónica",1,0,2026-08-19,339000,"No",-0.319995514761436,2636,"Adulto mayor"
"PAC-96163",6,"santiago","Diabetes Mellitus Tipo 2",1,0,2024-12-04,104000,"No",-1.30262746179351,2637,"Menor de edad"
"PAC-90173",64,"maipú","Apendicitis Aguda",NA,1,2024-11-29,601000,"No",0.775534570865809,2638,"Adulto"
"PAC-91678",51,NA,"Artrosis",14,14,2024-12-22,723000,"Si",1.28566690081437,2639,"Adulto"
"PAC-70332",2,"santiago","Artrosis",14,0,2025-03-22,522000,"No",0.445202980161411,2640,"Menor de edad"
"PAC-83975",72,"maipú","Apendicitis Aguda",3,3,2025-05-22,647000,"No",0.967879547731662,2641,"Adulto mayor"
"PAC-85674",74,"las condes","Apendicitis Aguda",1,NA,2026-07-17,782000,NA,1.53237024070753,2642,"Adulto mayor"
"PAC-57472",NA,"concepción","Infección Respiratoria Aguda",12,1,2025-03-23,475000,"No",0.248676590754997,2643,NA
"PAC-87607",37,"santiago","Neumonía",8,0,2025-06-12,687000,"No",1.13513604935414,2644,"Adulto"
"PAC-23577",NA,"maipú","Neumonía",12,NA,2026-08-10,NA,NA,NA,2645,NA
"PAC-40021",4,"puente alto",NA,15,14,2024-12-16,113000,"Si",-1.26499474892845,2646,"Menor de edad"
"PAC-16057",51,"las condes","Hipertensión Arterial",4,3,2025-04-04,262000,"No",-0.641964280384711,2647,"Adulto"
"PAC-71261",21,"concepción","Artrosis",6,14,2025-05-18,521000,"Si",0.441021567620849,2648,"Adulto"
"PAC-40161",95,"maipú","Infección Respiratoria Aguda",5,3,2025-04-10,736000,"No",1.34002526384168,2649,"Adulto mayor"
"PAC-16630",91,"valparaíso","Hipertensión Arterial",5,10,2025-01-28,87000,"Si",-1.37371147498306,2650,"Adulto mayor"
NA,91,"antofagasta","Artrosis",NA,1,NA,293000,"No",-0.512340491627288,2651,"Adulto mayor"
"PAC-37742",64,"santiago","Diabetes Mellitus Tipo 2",NA,3,2024-10-14,818000,"No",1.68290109216776,2652,"Adulto"
NA,86,"las condes","Diabetes Mellitus Tipo 2",NA,NA,2026-02-12,377000,NA,-0.16110183822008,2653,"Adulto mayor"
"PAC-85454",72,"concepción","Infección Respiratoria Aguda",13,0,2026-03-13,387000,"No",-0.11928771281446,2654,"Adulto mayor"
"PAC-31174",57,"providencia","Neumonía",1,1,2026-01-13,517000,"No",0.424295917458601,2655,"Adulto"
"PAC-54942",95,"valparaíso","Infección Respiratoria Aguda",11,0,2026-05-03,244000,"No",-0.717229706114827,2656,"Adulto mayor"
"PAC-11025",24,"la florida","Gastritis Crónica",15,14,NA,845000,"Si",1.79579923076294,2657,"Adulto"
"PAC-37653",30,"santiago","Diabetes Mellitus Tipo 2",13,0,2025-12-07,840000,"No",1.77489216806013,2658,"Adulto"
"PAC-91183",70,"la florida",NA,2,5,2026-03-08,615000,"Si",0.834074346433678,2659,"Adulto mayor"
"PAC-60019",86,"las condes","Diabetes Mellitus Tipo 2",11,3,2025-11-03,820000,"No",1.69126391724889,2660,"Adulto mayor"
NA,37,"antofagasta","Hipertensión Arterial",14,0,2024-10-29,562000,"No",0.612459481783891,2661,"Adulto"
"PAC-19116",54,"maipú","Neumonía",12,0,2025-11-22,712000,"No",1.23967136286819,2662,"Adulto"
"PAC-18326",50,"santiago","Gastritis Crónica",3,2,2025-09-18,417000,"No",0.0061546634024003,2663,"Adulto"
"PAC-17944",80,"santiago","Infección Respiratoria Aguda",9,2,2026-08-09,374000,"No",-0.173646075841766,2664,"Adulto mayor"
"PAC-31465",75,"santiago","Neumonía",4,0,2026-07-15,399000,"No",-0.0691107623277158,2665,"Adulto mayor"
"PAC-44760",92,"providencia","Diabetes Mellitus Tipo 2",4,3,NA,565000,"No",0.625003719405577,2666,"Adulto mayor"
"PAC-27154",78,"puente alto","Infección Respiratoria Aguda",10,3,2026-04-04,260000,"No",-0.650327105465835,2667,"Adulto mayor"
"PAC-82357",11,"viña del mar","Diabetes Mellitus Tipo 2",13,0,NA,NA,"No",NA,2668,"Menor de edad"
"PAC-93748",87,"concepción","Gastritis Crónica",11,0,2026-08-26,200000,"No",-0.901211857899555,2669,"Adulto mayor"
"PAC-38657",34,"antofagasta","Infección Respiratoria Aguda",2,NA,2025-12-03,NA,NA,NA,2670,"Adulto"
"PAC-68082",15,"santiago","Diabetes Mellitus Tipo 2",10,0,2024-11-28,18000,"No",-1.66222894028184,2671,"Menor de edad"
"PAC-50538",32,"providencia","Diabetes Mellitus Tipo 2",NA,0,2025-05-08,555000,"No",0.583189593999957,2672,"Adulto"
NA,71,"maipú","Infección Respiratoria Aguda",7,0,2025-09-28,740000,"No",1.35675091400393,2673,"Adulto mayor"
"PAC-76784",82,"valparaíso","Infección Respiratoria Aguda",5,0,2024-10-16,274000,"No",-0.591787329897967,2674,"Adulto mayor"
"PAC-80644",15,"las condes","Apendicitis Aguda",12,10,2026-04-25,579000,"Si",0.683543494973445,2675,"Menor de edad"
"PAC-57739",49,"maipú","Neumonía",12,10,2025-11-09,338000,"Si",-0.324176927301998,2676,"Adulto"
"PAC-42098",86,"maipú","Apendicitis Aguda",13,0,2026-01-21,94000,"No",-1.34444158719913,2677,"Adulto mayor"
"PAC-31643",54,NA,"Diabetes Mellitus Tipo 2",7,2,2024-11-05,242000,"No",-0.725592531195951,2678,"Adulto"
"PAC-79827",93,NA,"Artrosis",13,0,2026-04-01,401000,"No",-0.0607479372465918,2679,"Adulto mayor"
"PAC-70068",39,"las condes","Apendicitis Aguda",14,0,NA,666000,"No",1.04732638600234,2680,"Adulto"
"PAC-95990",48,"viña del mar","Infección Respiratoria Aguda",NA,0,2024-11-16,297000,"No",-0.49561484146504,2681,"Adulto"
"PAC-80697",NA,"santiago",NA,1,3,2026-01-29,208000,"No",-0.867760557575059,2682,NA
"PAC-97500",NA,"maipú","Diabetes Mellitus Tipo 2",9,1,NA,254000,"No",-0.675415580709207,2683,NA
"PAC-81819",77,"concepción","Infección Respiratoria Aguda",14,1,2024-11-19,385000,"No",-0.127650537895584,2684,"Adulto mayor"
"PAC-86099",4,"la florida","Infección Respiratoria Aguda",9,0,2025-04-10,725000,"No",1.2940297258955,2685,"Menor de edad"
"PAC-67433",64,"puente alto","Diabetes Mellitus Tipo 2",11,10,2026-05-24,351000,"Si",-0.269818564274692,2686,"Adulto"
"PAC-18834",24,"las condes","Artrosis",2,0,2025-09-16,358000,"No",-0.240548676490758,2687,"Adulto"
"PAC-19116",24,"providencia","Neumonía",4,5,2025-04-12,772000,"Si",1.49055611530191,2688,"Adulto"
"PAC-61990",54,"viña del mar","Infección Respiratoria Aguda",6,1,2024-12-01,468000,"No",0.219406702971063,2689,"Adulto"
"PAC-95426",37,"santiago","Hipertensión Arterial",NA,0,NA,849000,"No",1.81252488092519,2690,"Adulto"
"PAC-53540",8,"puente alto","Hipertensión Arterial",13,0,2026-05-22,704000,"No",1.2062200625437,2691,"Menor de edad"
"PAC-39154",91,"viña del mar","Diabetes Mellitus Tipo 2",2,0,2025-08-12,17000,"No",-1.6664103528224,2692,"Adulto mayor"
"PAC-52504",NA,"providencia","Apendicitis Aguda",10,0,2025-04-07,735000,"No",1.33584385130112,2693,NA
"PAC-34890",51,"antofagasta","Hipertensión Arterial",10,0,2025-08-04,NA,"No",NA,2694,"Adulto"
"PAC-40161",39,"puente alto","Artrosis",9,0,2026-05-16,615000,"No",0.834074346433678,2695,"Adulto"
"PAC-33405",59,"viña del mar","Infección Respiratoria Aguda",8,14,2026-04-23,409000,"Si",-0.0272966369220958,2696,"Adulto"
"PAC-44741",72,"concepción","Gastritis Crónica",6,5,2025-04-26,268000,"Si",-0.616875805141339,2697,"Adulto mayor"
"PAC-26334",20,"providencia","Gastritis Crónica",9,2,2026-05-09,607000,"No",0.800623046109182,2698,"Adulto"
"PAC-54236",4,NA,"Diabetes Mellitus Tipo 2",9,3,2025-09-29,201000,"No",-0.897030445358993,2699,"Menor de edad"
"PAC-54587",73,"puente alto","Neumonía",NA,2,2025-12-09,336000,"No",-0.332539752383122,2700,"Adulto mayor"
"PAC-80575",23,"santiago","Neumonía",5,0,2025-09-29,NA,"No",NA,2701,"Adulto"
"PAC-89507",50,"maipú","Infección Respiratoria Aguda",10,0,2025-02-07,NA,"No",NA,2702,"Adulto"
"PAC-32810",64,"concepción","Apendicitis Aguda",9,1,NA,501000,"No",0.357393316809609,2703,"Adulto"
"PAC-76317",4,"maipú","Neumonía",3,0,NA,97000,"No",-1.33189734957744,2704,"Menor de edad"
"PAC-84177",78,"valparaíso","Infección Respiratoria Aguda",5,2,2025-08-29,516000,"No",0.420114504918039,2705,"Adulto mayor"
"PAC-62383",72,"providencia","Hipertensión Arterial",5,0,NA,380000,"No",-0.148557600598394,2706,"Adulto mayor"
"PAC-79329",62,"providencia","Hipertensión Arterial",1,0,2026-09-22,131000,"No",-1.18972932319833,2707,"Adulto"
"PAC-10221",36,"antofagasta","Diabetes Mellitus Tipo 2",13,0,NA,485000,"No",0.290490716160617,2708,"Adulto"
"PAC-14165",44,"santiago","Hipertensión Arterial",8,10,NA,544000,"Si",0.537194056053775,2709,"Adulto"
"PAC-30861",22,"santiago","Gastritis Crónica",6,0,2025-09-15,716000,"No",1.25639701303044,2710,"Adulto"
"PAC-74251",83,"providencia","Hipertensión Arterial",3,3,2026-01-04,802000,"No",1.61599849151877,2711,"Adulto mayor"
"PAC-66346",59,"providencia","Apendicitis Aguda",7,0,2025-08-10,282000,"No",-0.558336029573471,2712,"Adulto"
"PAC-64987",24,"la florida","Artrosis",NA,NA,NA,312000,NA,-0.43289365335661,2713,"Adulto"
"PAC-37869",66,"viña del mar","Hipertensión Arterial",14,2,NA,637000,"No",0.926065422326042,2714,"Adulto mayor"
"PAC-40828",16,"providencia","Gastritis Crónica",1,14,2025-07-12,394000,"Si",-0.0900178250305259,2715,"Menor de edad"
"PAC-87992",71,"puente alto","Artrosis",7,5,2026-05-20,838000,"Si",1.766529342979,2716,"Adulto mayor"
"PAC-71993",72,"antofagasta","Neumonía",1,5,2025-10-26,NA,"Si",NA,2717,"Adulto mayor"
"PAC-23970",44,"providencia","Artrosis",10,1,2026-07-15,232000,"No",-0.767406656601571,2718,"Adulto"
"PAC-27477",77,"puente alto","Diabetes Mellitus Tipo 2",3,0,2026-08-08,NA,"No",NA,2719,"Adulto mayor"
"PAC-44760",1,"antofagasta","Diabetes Mellitus Tipo 2",5,14,2025-03-26,152000,"Si",-1.10191965984653,2720,"Menor de edad"
"PAC-35112",69,"providencia","Gastritis Crónica",12,2,2025-02-17,630000,"No",0.896795534542108,2721,"Adulto mayor"
"PAC-77889",33,"las condes","Infección Respiratoria Aguda",12,0,NA,484000,"No",0.286309303620055,2722,"Adulto"
"PAC-36685",51,"providencia","Infección Respiratoria Aguda",2,14,2026-01-08,76000,"Si",-1.41970701292924,2723,"Adulto"
"PAC-90173",NA,"la florida","Diabetes Mellitus Tipo 2",9,NA,NA,706000,NA,1.21458288762482,2724,NA
"PAC-38016",24,"concepción","Diabetes Mellitus Tipo 2",13,0,2025-04-20,483000,"No",0.282127891079493,2725,"Adulto"
"PAC-69598",80,"santiago","Artrosis",3,0,2025-05-08,406000,"No",-0.0398408745437818,2726,"Adulto mayor"
"PAC-27146",17,"maipú","Apendicitis Aguda",1,14,2026-04-09,541000,"Si",0.524649818432089,2727,"Menor de edad"
"PAC-22363",25,"valparaíso","Gastritis Crónica",1,3,2026-09-27,504000,"No",0.369937554431295,2728,"Adulto"
"PAC-23396",34,"maipú","Gastritis Crónica",9,10,2024-12-09,760000,"Si",1.44037916481517,2729,"Adulto"
"PAC-77839",70,"providencia","Artrosis",7,14,NA,486000,"Si",0.294672128701179,2730,"Adulto mayor"
"PAC-24621",NA,"valparaíso","Diabetes Mellitus Tipo 2",5,3,2025-08-18,833000,"No",1.74562228027619,2731,NA
"PAC-54597",69,"la florida","Gastritis Crónica",12,0,2024-12-06,NA,"No",NA,2732,"Adulto mayor"
"PAC-68446",64,"valparaíso","Apendicitis Aguda",5,0,2025-07-20,313000,"No",-0.428712240816048,2733,"Adulto"
"PAC-51441",3,"las condes","Gastritis Crónica",6,0,2024-12-06,847000,"No",1.80416205584406,2734,"Menor de edad"
"PAC-22899",NA,"santiago","Neumonía",10,1,2026-02-15,107000,"No",-1.29008322417182,2735,NA
"PAC-87924",37,"santiago","Diabetes Mellitus Tipo 2",9,0,2025-09-15,NA,"No",NA,2736,"Adulto"
NA,55,"viña del mar","Hipertensión Arterial",NA,3,2025-08-31,NA,"No",NA,2737,"Adulto"
"PAC-25860",92,"concepción","Neumonía",4,2,2025-05-19,786000,"No",1.54909589086978,2738,"Adulto mayor"
"PAC-62227",87,"maipú","Gastritis Crónica",2,3,2025-08-05,265000,"No",-0.629420042763025,2739,"Adulto mayor"
"PAC-90173",35,"valparaíso","Infección Respiratoria Aguda",15,0,NA,396000,"No",-0.0816549999494018,2740,"Adulto"
"PAC-24371",77,"providencia","Artrosis",6,NA,2024-12-16,481000,NA,0.273765065998369,2741,"Adulto mayor"
"PAC-39154",27,"providencia","Gastritis Crónica",NA,0,NA,324000,"No",-0.382716702869866,2742,"Adulto"
"PAC-10053",31,"viña del mar","Hipertensión Arterial",1,1,NA,581000,"No",0.691906320054569,2743,"Adulto"
"PAC-47196",22,"la florida","Apendicitis Aguda",4,2,2025-10-27,276000,"No",-0.583424504816843,2744,"Adulto"
"PAC-59857",8,"antofagasta","Hipertensión Arterial",6,0,2026-08-04,636000,"No",0.92188400978548,2745,"Menor de edad"
"PAC-86099",82,NA,"Artrosis",NA,1,2025-08-05,566000,"No",0.629185131946139,2746,"Adulto mayor"
"PAC-40512",24,"puente alto","Infección Respiratoria Aguda",3,3,2026-04-27,NA,"No",NA,2747,"Adulto"
"PAC-13201",67,"la florida","Diabetes Mellitus Tipo 2",3,5,2026-02-04,282000,"Si",-0.558336029573471,2748,"Adulto mayor"
"PAC-80381",90,"antofagasta","Diabetes Mellitus Tipo 2",8,5,2026-05-10,80000,"Si",-1.402981362767,2749,"Adulto mayor"
"PAC-68082",NA,"providencia","Infección Respiratoria Aguda",15,14,2026-09-08,265000,"Si",-0.629420042763025,2750,NA
"PAC-62383",80,"antofagasta","Diabetes Mellitus Tipo 2",14,3,2025-07-21,428000,"No",0.0521502013485824,2751,"Adulto mayor"
"PAC-21915",87,"providencia","Hipertensión Arterial",6,0,2025-05-03,25000,"No",-1.63295905249791,2752,"Adulto mayor"
"PAC-87110",73,NA,"Artrosis",8,14,2025-09-10,97000,"Si",-1.33189734957744,2753,"Adulto mayor"
"PAC-80292",64,"concepción","Gastritis Crónica",1,1,2026-01-31,191000,"No",-0.938844570764613,2754,"Adulto"
"PAC-16006",67,"valparaíso","Gastritis Crónica",6,0,2025-09-20,229000,"No",-0.779950894223257,2755,"Adulto mayor"
"PAC-68446",NA,"antofagasta","Apendicitis Aguda",8,0,NA,156000,"No",-1.08519400968428,2756,NA
"PAC-69177",36,"maipú","Gastritis Crónica",1,2,2026-05-28,269000,"No",-0.612694392600777,2757,"Adulto"
"PAC-95215",69,"las condes","Apendicitis Aguda",NA,5,2025-01-20,NA,"Si",NA,2758,"Adulto mayor"
"PAC-95909",36,"la florida","Infección Respiratoria Aguda",NA,0,2026-05-07,730000,"No",1.31493678859831,2759,"Adulto"
"PAC-95181",82,"providencia","Apendicitis Aguda",3,3,2026-03-12,252000,"No",-0.683778405790331,2760,"Adulto mayor"
"PAC-46471",6,"las condes","Gastritis Crónica",3,NA,2026-06-03,47000,NA,-1.54096797660554,2761,"Menor de edad"
"PAC-13804",37,"las condes","Apendicitis Aguda",3,2,NA,825000,"No",1.7121709799517,2762,"Adulto"
"PAC-92960",NA,"puente alto","Diabetes Mellitus Tipo 2",NA,0,NA,552000,"No",0.570645356378271,2763,NA
"PAC-70946",71,"valparaíso","Diabetes Mellitus Tipo 2",13,1,2025-08-27,NA,"No",NA,2764,"Adulto mayor"
"PAC-18418",17,NA,"Apendicitis Aguda",13,NA,2026-02-18,NA,NA,NA,2765,"Menor de edad"
"PAC-15014",NA,"puente alto","Diabetes Mellitus Tipo 2",6,1,2024-12-07,NA,"No",NA,2766,NA
"PAC-42706",84,"puente alto","Apendicitis Aguda",NA,1,NA,NA,"No",NA,2767,"Adulto mayor"
"PAC-38864",55,"antofagasta","Hipertensión Arterial",11,1,2024-12-30,546000,"No",0.545556881134899,2768,"Adulto"
"PAC-55082",6,"maipú","Neumonía",8,NA,2025-04-20,NA,NA,NA,2769,"Menor de edad"
"PAC-19287",4,"providencia","Diabetes Mellitus Tipo 2",13,2,2025-09-25,719000,"No",1.26894125065213,2770,"Menor de edad"
"PAC-96474",21,"puente alto","Artrosis",11,2,2025-05-19,760000,"No",1.44037916481517,2771,"Adulto"
"PAC-81810",71,"antofagasta","Artrosis",5,10,NA,430000,"Si",0.0605130264297064,2772,"Adulto mayor"
"PAC-34957",84,"valparaíso","Gastritis Crónica",NA,2,2026-03-19,681000,"No",1.11004757411077,2773,"Adulto mayor"
"PAC-30866",NA,"providencia","Neumonía",1,NA,2026-08-25,185000,NA,-0.963933046007985,2774,NA
"PAC-80644",38,"maipú","Artrosis",8,NA,NA,653000,NA,0.992968022975034,2775,"Adulto"
"PAC-81482",33,"providencia","Apendicitis Aguda",2,0,2026-07-04,602000,"No",0.779715983406371,2776,"Adulto"
"PAC-69429",82,"valparaíso","Diabetes Mellitus Tipo 2",15,14,2024-10-27,617000,"Si",0.842437171514802,2777,"Adulto mayor"
"PAC-99016",81,"puente alto","Apendicitis Aguda",13,2,2025-08-09,NA,"No",NA,2778,"Adulto mayor"
"PAC-97900",92,"la florida","Infección Respiratoria Aguda",1,1,2025-04-22,NA,"No",NA,2779,"Adulto mayor"
"PAC-62994",61,"puente alto",NA,5,10,2025-01-12,422000,"Si",0.0270617261052103,2780,"Adulto"
"PAC-95990",75,"antofagasta","Gastritis Crónica",1,1,NA,165000,"No",-1.04756129681923,2781,"Adulto mayor"
"PAC-42098",59,"las condes","Artrosis",4,0,2024-12-30,460000,"No",0.185955402646567,2782,"Adulto"
"PAC-92149",54,"las condes","Infección Respiratoria Aguda",13,0,2025-11-17,103000,"No",-1.30680887433407,2783,"Adulto"
"PAC-96706",75,"viña del mar","Diabetes Mellitus Tipo 2",12,14,2026-01-23,NA,"Si",NA,2784,"Adulto mayor"
"PAC-32431",3,"antofagasta","Neumonía",12,1,2025-10-16,572000,"No",0.654273607189511,2785,"Menor de edad"
"PAC-94259",66,"la florida","Diabetes Mellitus Tipo 2",NA,14,2025-12-04,247000,"Si",-0.704685468493141,2786,"Adulto mayor"
"PAC-71953",18,"santiago","Infección Respiratoria Aguda",4,10,2025-05-29,727000,"Si",1.30239255097662,2787,"Adulto"
"PAC-52487",74,"providencia","Infección Respiratoria Aguda",NA,3,2025-06-16,522000,"No",0.445202980161411,2788,"Adulto mayor"
"PAC-46347",9,"concepción","Hipertensión Arterial",2,3,2024-10-17,60000,"No",-1.48660961357824,2789,"Menor de edad"
"PAC-91070",88,"providencia","Artrosis",8,0,2026-06-27,671000,"No",1.06823344870515,2790,"Adulto mayor"
"PAC-30926",68,"valparaíso","Infección Respiratoria Aguda",13,10,2025-01-03,795000,"Si",1.58672860373484,2791,"Adulto mayor"
"PAC-42527",40,"antofagasta","Neumonía",9,0,2025-05-26,488000,"No",0.303034953782303,2792,"Adulto"
"PAC-17665",89,"maipú","Artrosis",3,0,2026-03-01,799000,"No",1.60345425389709,2793,"Adulto mayor"
NA,NA,"providencia","Gastritis Crónica",13,10,2026-07-26,821000,"Si",1.69544532978945,2794,NA
"PAC-38893",21,"antofagasta","Infección Respiratoria Aguda",12,14,2025-08-09,163000,"Si",-1.05592412190035,2795,"Adulto"
"PAC-40007",13,"providencia","Diabetes Mellitus Tipo 2",5,10,NA,600000,"Si",0.771353158325248,2796,"Menor de edad"
"PAC-25012",71,"valparaíso","Gastritis Crónica",1,0,NA,328000,"No",-0.365991052707618,2797,"Adulto mayor"
"PAC-90728",13,NA,"Neumonía",12,0,NA,167000,"No",-1.0391984717381,2798,"Menor de edad"
"PAC-82692",NA,"puente alto","Apendicitis Aguda",NA,0,2025-01-03,589000,"No",0.725357620379065,2799,NA
"PAC-54057",NA,"viña del mar","Diabetes Mellitus Tipo 2",7,0,2025-10-20,147000,"No",-1.12282672254934,2800,NA
"PAC-97410",NA,"santiago","Infección Respiratoria Aguda",5,10,NA,74000,"Si",-1.42806983801037,2801,NA
"PAC-69429",1,"las condes","Infección Respiratoria Aguda",NA,0,2026-08-23,782000,"No",1.53237024070753,2802,"Menor de edad"
"PAC-30032",45,"viña del mar","Hipertensión Arterial",1,0,2026-09-13,828000,"No",1.72471521757338,2803,"Adulto"
"PAC-11267",NA,"puente alto","Diabetes Mellitus Tipo 2",NA,2,NA,437000,"No",0.0897829142136404,2804,NA
"PAC-30374",60,"santiago","Diabetes Mellitus Tipo 2",13,NA,NA,615000,NA,0.834074346433678,2805,"Adulto"
"PAC-46471",61,"puente alto","Diabetes Mellitus Tipo 2",15,NA,2025-06-15,579000,NA,0.683543494973445,2806,"Adulto"
"PAC-65108",NA,"maipú","Diabetes Mellitus Tipo 2",13,14,2026-01-13,588000,"Si",0.721176207838503,2807,NA
"PAC-21226",84,"viña del mar","Diabetes Mellitus Tipo 2",5,14,2026-03-15,272000,"Si",-0.600150154979091,2808,"Adulto mayor"
"PAC-24208",1,"viña del mar","Artrosis",7,1,2025-12-10,NA,"No",NA,2809,"Menor de edad"
"PAC-33086",92,"maipú","Diabetes Mellitus Tipo 2",12,14,2026-07-03,474000,"Si",0.244495178214435,2810,"Adulto mayor"
"PAC-96752",70,"viña del mar","Infección Respiratoria Aguda",1,0,2024-12-22,401000,"No",-0.0607479372465918,2811,"Adulto mayor"
"PAC-59823",94,"maipú","Artrosis",3,10,2025-12-30,249000,"Si",-0.696322643412017,2812,"Adulto mayor"
"PAC-91351",21,"antofagasta","Diabetes Mellitus Tipo 2",1,10,2025-10-01,NA,"Si",NA,2813,"Adulto"
"PAC-80697",67,"las condes","Hipertensión Arterial",9,0,2026-02-01,397000,"No",-0.0774735874088398,2814,"Adulto mayor"
"PAC-19016",24,"la florida","Diabetes Mellitus Tipo 2",NA,14,2026-04-10,NA,"Si",NA,2815,"Adulto"
"PAC-44237",59,"antofagasta","Infección Respiratoria Aguda",NA,5,2026-03-22,581000,"Si",0.691906320054569,2816,"Adulto"
"PAC-77000",36,"viña del mar","Apendicitis Aguda",15,0,2024-10-27,121000,"No",-1.23154344860395,2817,"Adulto"
"PAC-31417",65,"antofagasta","Diabetes Mellitus Tipo 2",7,14,2025-11-14,416000,"Si",0.00197325086183829,2818,"Adulto mayor"
"PAC-68991",94,"puente alto","Infección Respiratoria Aguda",5,14,2024-12-08,64000,"Si",-1.46988396341599,2819,"Adulto mayor"
"PAC-92240",28,"santiago","Diabetes Mellitus Tipo 2",13,0,2025-01-19,NA,"No",NA,2820,"Adulto"
"PAC-72277",1,"providencia","Infección Respiratoria Aguda",11,2,2026-05-13,279000,"No",-0.570880267195157,2821,"Menor de edad"
"PAC-99353",38,"las condes","Diabetes Mellitus Tipo 2",11,3,2024-10-03,636000,"No",0.92188400978548,2822,"Adulto"
"PAC-88193",71,"providencia","Diabetes Mellitus Tipo 2",15,10,2025-09-19,836000,"Si",1.75816651789788,2823,"Adulto mayor"
"PAC-41385",8,"la florida","Neumonía",2,2,NA,825000,"No",1.7121709799517,2824,"Menor de edad"
"PAC-80381",27,"las condes","Diabetes Mellitus Tipo 2",12,0,2025-04-03,172000,"No",-1.01829140903529,2825,"Adulto"
"PAC-49529",72,"la florida","Artrosis",14,0,2024-12-26,621000,"No",0.85916282167705,2826,"Adulto mayor"
"PAC-69929",40,"providencia","Diabetes Mellitus Tipo 2",8,0,2024-11-05,NA,"No",NA,2827,"Adulto"
"PAC-59857",78,"santiago","Hipertensión Arterial",14,14,2025-06-22,NA,"Si",NA,2828,"Adulto mayor"
"PAC-11220",21,"puente alto","Hipertensión Arterial",14,0,2026-01-10,379000,"No",-0.152739013138956,2829,"Adulto"
"PAC-24168",83,"la florida",NA,13,NA,2025-12-18,174000,NA,-1.00992858395417,2830,"Adulto mayor"
"PAC-82420",89,"providencia","Infección Respiratoria Aguda",12,3,2025-06-15,717000,"No",1.260578425571,2831,"Adulto mayor"
"PAC-76768",81,NA,"Apendicitis Aguda",12,10,2024-11-17,51000,"Si",-1.52424232644329,2832,"Adulto mayor"
"PAC-29536",63,"puente alto","Neumonía",15,10,NA,311000,"Si",-0.437075065897172,2833,"Adulto"
"PAC-62383",72,"santiago","Diabetes Mellitus Tipo 2",13,1,2026-08-18,443000,"No",0.114871389457012,2834,"Adulto mayor"
"PAC-46434",NA,"la florida","Artrosis",15,0,NA,NA,"No",NA,2835,NA
"PAC-38893",NA,"concepción","Apendicitis Aguda",10,1,2025-05-01,687000,"No",1.13513604935414,2836,NA
"PAC-96474",49,"providencia","Infección Respiratoria Aguda",5,NA,NA,335000,NA,-0.336721164923684,2837,"Adulto"
"PAC-29973",43,"concepción","Gastritis Crónica",12,NA,NA,456000,NA,0.169229752484319,2838,"Adulto"
"PAC-50404",NA,"concepción","Neumonía",3,2,2025-07-16,26000,"No",-1.62877763995734,2839,NA
"PAC-89457",51,"santiago",NA,NA,0,2026-01-20,781000,"No",1.52818882816697,2840,"Adulto"
"PAC-56438",58,"las condes","Gastritis Crónica",8,3,NA,71000,"No",-1.44061407563205,2841,"Adulto"
"PAC-97500",10,"santiago","Apendicitis Aguda",3,0,2026-07-22,442000,"No",0.11068997691645,2842,"Menor de edad"
"PAC-95649",0,"santiago","Diabetes Mellitus Tipo 2",3,2,NA,521000,"No",0.441021567620849,2843,"Menor de edad"
"PAC-92397",NA,"santiago","Hipertensión Arterial",10,0,2025-07-18,201000,"No",-0.897030445358993,2844,NA
"PAC-82420",NA,"antofagasta","Hipertensión Arterial",NA,3,NA,151000,"No",-1.10610107238709,2845,NA
"PAC-99065",49,"antofagasta","Apendicitis Aguda",11,0,2024-11-26,NA,"No",NA,2846,"Adulto"
"PAC-65057",30,"concepción","Hipertensión Arterial",6,5,NA,NA,"Si",NA,2847,"Adulto"
"PAC-26483",55,NA,"Diabetes Mellitus Tipo 2",3,NA,2026-02-02,637000,NA,0.926065422326042,2848,"Adulto"
"PAC-16658",37,"viña del mar","Infección Respiratoria Aguda",14,0,2026-05-20,188000,"No",-0.951388808386299,2849,"Adulto"
"PAC-15276",75,"las condes","Apendicitis Aguda",13,10,2025-04-07,214000,"Si",-0.842672082331687,2850,"Adulto mayor"
"PAC-80010",56,"providencia","Diabetes Mellitus Tipo 2",6,0,2025-03-11,103000,"No",-1.30680887433407,2851,"Adulto"
"PAC-38683",NA,"maipú","Diabetes Mellitus Tipo 2",14,0,2026-04-01,453000,"No",0.156685514862633,2852,NA
"PAC-74686",NA,"providencia","Hipertensión Arterial",7,0,2024-11-24,NA,"No",NA,2853,NA
"PAC-15276",NA,"viña del mar","Diabetes Mellitus Tipo 2",7,10,2024-11-01,78000,"Si",-1.41134418784812,2854,NA
"PAC-32810",91,"la florida","Infección Respiratoria Aguda",NA,0,2026-04-08,552000,"No",0.570645356378271,2855,"Adulto mayor"
"PAC-46048",88,"antofagasta","Infección Respiratoria Aguda",13,3,2025-07-31,424000,"No",0.0354245511863343,2856,"Adulto mayor"
"PAC-11658",64,"providencia","Infección Respiratoria Aguda",2,14,2025-01-23,44000,"Si",-1.55351221422723,2857,"Adulto"
NA,90,"maipú","Artrosis",8,10,2025-05-28,275000,"Si",-0.587605917357405,2858,"Adulto mayor"
"PAC-94696",13,"santiago","Artrosis",4,0,2025-10-13,849000,"No",1.81252488092519,2859,"Menor de edad"
"PAC-86503",14,"concepción","Apendicitis Aguda",9,1,2026-03-28,605000,"No",0.792260221028057,2860,"Menor de edad"
"PAC-41979",70,"viña del mar","Hipertensión Arterial",2,14,NA,27000,"Si",-1.62459622741678,2861,"Adulto mayor"
"PAC-20561",68,"las condes","Neumonía",1,5,NA,166000,"Si",-1.04337988427866,2862,"Adulto mayor"
"PAC-40982",78,"puente alto",NA,3,0,2025-12-14,194000,"No",-0.926300333142927,2863,"Adulto mayor"
NA,39,"concepción","Diabetes Mellitus Tipo 2",14,0,2024-11-23,72000,"No",-1.43643266309149,2864,"Adulto"
"PAC-14722",35,"antofagasta","Apendicitis Aguda",4,3,NA,760000,"No",1.44037916481517,2865,"Adulto"
"PAC-83060",86,"antofagasta","Artrosis",12,3,2026-05-29,84000,"No",-1.38625571260475,2866,"Adulto mayor"
"PAC-70889",85,"las condes","Artrosis",15,0,2025-12-09,NA,"No",NA,2867,"Adulto mayor"
"PAC-70515",42,"maipú","Diabetes Mellitus Tipo 2",NA,5,NA,392000,"Si",-0.0983806501116499,2868,"Adulto"
"PAC-25012",41,"viña del mar","Diabetes Mellitus Tipo 2",8,2,2026-09-01,269000,"No",-0.612694392600777,2869,"Adulto"
"PAC-46347",86,"antofagasta","Apendicitis Aguda",14,NA,2026-03-27,480000,NA,0.269583653457807,2870,"Adulto mayor"
"PAC-71953",94,"providencia","Gastritis Crónica",4,NA,2024-12-15,394000,NA,-0.0900178250305259,2871,"Adulto mayor"
"PAC-16590",88,"concepción","Neumonía",15,3,2025-11-10,650000,"No",0.980423785353348,2872,"Adulto mayor"
"PAC-35825",27,"providencia","Diabetes Mellitus Tipo 2",10,10,2025-12-18,196000,"Si",-0.917937508061803,2873,"Adulto"
"PAC-76307",22,NA,"Apendicitis Aguda",5,0,2025-11-29,277000,"No",-0.579243092276281,2874,"Adulto"
"PAC-42098",29,"maipú","Neumonía",1,14,2026-06-25,434000,"Si",0.0772386765919544,2875,"Adulto"
"PAC-11504",86,"maipú","Hipertensión Arterial",11,10,2024-10-25,NA,"Si",NA,2876,"Adulto mayor"
"PAC-88193",24,"valparaíso","Artrosis",8,0,2026-07-05,478000,"No",0.261220828376683,2877,"Adulto"
NA,55,"las condes","Gastritis Crónica",4,0,NA,634000,"No",0.913521184704356,2878,"Adulto"
"PAC-94246",48,"las condes","Artrosis",13,0,2025-08-03,592000,"No",0.737901858000751,2879,"Adulto"
"PAC-51347",56,"valparaíso","Gastritis Crónica",10,0,2024-10-19,NA,"No",NA,2880,"Adulto"
NA,92,"viña del mar","Artrosis",NA,3,2026-06-05,770000,"No",1.48219329022079,2881,"Adulto mayor"
"PAC-78146",82,"puente alto","Hipertensión Arterial",8,0,2026-04-21,269000,"No",-0.612694392600777,2882,"Adulto mayor"
"PAC-40735",47,"la florida","Hipertensión Arterial",2,1,2025-05-22,842000,"No",1.78325499314125,2883,"Adulto"
"PAC-63528",28,"providencia","Hipertensión Arterial",10,0,NA,265000,"No",-0.629420042763025,2884,"Adulto"
"PAC-20155",90,NA,"Diabetes Mellitus Tipo 2",7,0,2025-07-05,434000,"No",0.0772386765919544,2885,"Adulto mayor"
"PAC-16175",48,"antofagasta","Diabetes Mellitus Tipo 2",8,14,2024-10-07,79000,"Si",-1.40716277530756,2886,"Adulto"
"PAC-65461",21,"santiago","Diabetes Mellitus Tipo 2",3,0,2026-01-11,823000,"No",1.70380815487058,2887,"Adulto"
"PAC-98184",3,"santiago","Diabetes Mellitus Tipo 2",5,0,2025-03-29,250000,"No",-0.692141230871455,2888,"Menor de edad"
"PAC-51347",19,NA,"Hipertensión Arterial",2,0,NA,426000,"No",0.0437873762674584,2889,"Adulto"
"PAC-23238",44,"las condes","Infección Respiratoria Aguda",3,5,2024-11-21,348000,"Si",-0.282362801896378,2890,"Adulto"
"PAC-97900",64,"providencia","Neumonía",13,NA,2026-06-20,465000,NA,0.206862465349377,2891,"Adulto"
"PAC-87924",30,"maipú","Diabetes Mellitus Tipo 2",NA,5,NA,480000,"Si",0.269583653457807,2892,"Adulto"
"PAC-92397",55,"concepción","Artrosis",1,0,2025-08-04,628000,"No",0.888432709460984,2893,"Adulto"
"PAC-94874",72,"valparaíso","Artrosis",NA,0,2026-08-13,NA,"No",NA,2894,"Adulto mayor"
"PAC-44760",31,"valparaíso","Infección Respiratoria Aguda",12,2,2025-08-22,377000,"No",-0.16110183822008,2895,"Adulto"
"PAC-23396",71,"las condes","Diabetes Mellitus Tipo 2",NA,NA,NA,285000,NA,-0.545791791951785,2896,"Adulto mayor"
"PAC-40495",81,"concepción","Diabetes Mellitus Tipo 2",NA,0,2026-02-08,556000,"No",0.587371006540519,2897,"Adulto mayor"
"PAC-82132",69,"antofagasta","Infección Respiratoria Aguda",6,0,2025-02-17,189000,"No",-0.947207395845737,2898,"Adulto mayor"
"PAC-13905",95,"maipú","Artrosis",NA,10,NA,19000,"Si",-1.65804752774128,2899,"Adulto mayor"
"PAC-50768",64,"maipú","Hipertensión Arterial",12,5,2026-06-13,523000,"Si",0.449384392701973,2900,"Adulto"
"PAC-83579",50,"antofagasta","Neumonía",9,1,2025-11-15,66000,"No",-1.46152113833486,2901,"Adulto"
"PAC-17455",5,"maipú","Neumonía",13,NA,2025-06-18,377000,NA,-0.16110183822008,2902,"Menor de edad"
"PAC-86569",81,"santiago","Hipertensión Arterial",1,2,2026-01-13,673000,"No",1.07659627378627,2903,"Adulto mayor"
"PAC-48427",47,"providencia","Artrosis",5,0,2026-07-17,540000,"No",0.520468405891527,2904,"Adulto"
"PAC-58520",42,"valparaíso","Infección Respiratoria Aguda",9,10,NA,282000,"Si",-0.558336029573471,2905,"Adulto"
"PAC-96706",22,"puente alto","Infección Respiratoria Aguda",NA,0,2026-05-11,273000,"No",-0.595968742438529,2906,"Adulto"
"PAC-63264",27,"las condes","Neumonía",6,2,2026-04-08,794000,"No",1.58254719119428,2907,"Adulto"
"PAC-31319",68,"antofagasta","Artrosis",3,5,NA,725000,"Si",1.2940297258955,2908,"Adulto mayor"
"PAC-88907",2,"la florida","Artrosis",9,NA,2025-05-21,571000,NA,0.650092194648949,2909,"Menor de edad"
"PAC-80855",89,"valparaíso","Gastritis Crónica",5,5,NA,675000,"Si",1.0849590988674,2910,"Adulto mayor"
"PAC-76542",48,"antofagasta","Diabetes Mellitus Tipo 2",NA,0,2026-07-06,NA,"No",NA,2911,"Adulto"
"PAC-10221",60,"maipú","Apendicitis Aguda",NA,0,NA,465000,"No",0.206862465349377,2912,"Adulto"
"PAC-84593",57,"providencia","Diabetes Mellitus Tipo 2",14,1,2026-03-20,NA,"No",NA,2913,"Adulto"
"PAC-81810",52,"la florida","Diabetes Mellitus Tipo 2",8,3,NA,823000,"No",1.70380815487058,2914,"Adulto"
"PAC-42271",73,"santiago","Gastritis Crónica",4,0,2025-05-27,NA,"No",NA,2915,"Adulto mayor"
"PAC-20561",65,"las condes","Diabetes Mellitus Tipo 2",9,0,2025-02-24,576000,"No",0.670999257351759,2916,"Adulto mayor"
"PAC-60488",72,"maipú","Diabetes Mellitus Tipo 2",1,NA,2026-08-27,464000,NA,0.202681052808815,2917,"Adulto mayor"
"PAC-57795",1,"maipú","Diabetes Mellitus Tipo 2",NA,5,NA,166000,"Si",-1.04337988427866,2918,"Menor de edad"
"PAC-80678",41,"maipú","Artrosis",10,0,2024-12-30,30000,"No",-1.6120519897951,2919,"Adulto"
"PAC-13248",13,"puente alto","Gastritis Crónica",9,0,2026-07-08,492000,"No",0.319760603944551,2920,"Menor de edad"
"PAC-46265",61,"valparaíso","Apendicitis Aguda",5,1,2025-02-12,77000,"No",-1.41552560038868,2921,"Adulto"
"PAC-69177",25,"valparaíso",NA,8,14,2025-01-02,NA,"Si",NA,2922,"Adulto"
"PAC-60205",NA,"puente alto","Gastritis Crónica",1,2,2025-12-03,837000,"No",1.76234793043844,2923,NA
"PAC-17944",53,"providencia","Diabetes Mellitus Tipo 2",7,0,2024-10-19,600000,"No",0.771353158325248,2924,"Adulto"
"PAC-50768",69,"puente alto","Hipertensión Arterial",NA,10,2025-03-16,452000,"Si",0.152504102322071,2925,"Adulto mayor"
NA,20,"santiago","Gastritis Crónica",12,2,2025-04-22,295000,"No",-0.503977666546164,2926,"Adulto"
"PAC-97806",0,"valparaíso","Hipertensión Arterial",8,0,2025-09-26,580000,"No",0.687724907514007,2927,"Menor de edad"
"PAC-66498",58,"antofagasta","Neumonía",15,3,2025-01-19,243000,"No",-0.721411118655389,2928,"Adulto"
"PAC-42953",70,"providencia","Diabetes Mellitus Tipo 2",11,0,2026-01-10,530000,"No",0.478654280485907,2929,"Adulto mayor"
"PAC-87110",NA,NA,"Gastritis Crónica",11,0,NA,320000,"No",-0.399442353032114,2930,NA
"PAC-62296",82,"antofagasta","Gastritis Crónica",9,14,2025-10-03,585000,"Si",0.708631970216817,2931,"Adulto mayor"
"PAC-41850",NA,"viña del mar","Diabetes Mellitus Tipo 2",6,NA,2025-04-26,290000,NA,-0.524884729248975,2932,NA
"PAC-76244",4,"puente alto","Artrosis",4,10,NA,272000,"Si",-0.600150154979091,2933,"Menor de edad"
"PAC-93136",70,"maipú","Hipertensión Arterial",14,1,NA,39000,"No",-1.57441927693004,2934,"Adulto mayor"
"PAC-57400",52,"las condes","Hipertensión Arterial",1,3,NA,847000,"No",1.80416205584406,2935,"Adulto"
"PAC-34890",68,"las condes","Infección Respiratoria Aguda",9,0,NA,577000,"No",0.675180669892321,2936,"Adulto mayor"
"PAC-23947",40,"la florida","Infección Respiratoria Aguda",3,0,2026-03-21,266000,"No",-0.625238630222463,2937,"Adulto"
"PAC-85574",35,NA,"Gastritis Crónica",4,0,2026-02-13,675000,"No",1.0849590988674,2938,"Adulto"
NA,33,"santiago","Diabetes Mellitus Tipo 2",12,0,2026-06-23,NA,"No",NA,2939,"Adulto"
"PAC-97500",15,"maipú","Diabetes Mellitus Tipo 2",NA,0,NA,275000,"No",-0.587605917357405,2940,"Menor de edad"
"PAC-76540",28,"viña del mar","Hipertensión Arterial",12,0,2025-05-11,470000,"No",0.227769528052187,2941,"Adulto"
"PAC-98781",64,"providencia","Infección Respiratoria Aguda",3,3,NA,23000,"No",-1.64132187757903,2942,"Adulto"
"PAC-23577",14,"viña del mar","Neumonía",15,0,2026-08-08,600000,"No",0.771353158325248,2943,"Menor de edad"
"PAC-76244",13,"puente alto","Diabetes Mellitus Tipo 2",NA,0,NA,353000,"No",-0.261455739193568,2944,"Menor de edad"
"PAC-66498",22,"maipú","Diabetes Mellitus Tipo 2",3,3,2025-07-24,NA,"No",NA,2945,"Adulto"
"PAC-98781",31,"providencia","Gastritis Crónica",9,1,2025-05-27,191000,"No",-0.938844570764613,2946,"Adulto"
"PAC-41850",68,"la florida","Hipertensión Arterial",15,0,2024-11-19,752000,"No",1.40692786449067,2947,"Adulto mayor"
"PAC-42953",81,"la florida","Neumonía",11,1,2026-02-05,NA,"No",NA,2948,"Adulto mayor"
"PAC-38221",0,"antofagasta","Apendicitis Aguda",9,10,2026-05-16,70000,"Si",-1.44479548817262,2949,"Menor de edad"
"PAC-97153",55,"santiago","Neumonía",9,2,NA,322000,"No",-0.39107952795099,2950,"Adulto"
"PAC-40982",NA,"valparaíso","Hipertensión Arterial",7,0,2025-01-07,275000,"No",-0.587605917357405,2951,NA
"PAC-11504",16,"santiago","Neumonía",4,0,2025-07-11,183000,"No",-0.972295871089109,2952,"Menor de edad"
"PAC-30257",86,"concepción","Infección Respiratoria Aguda",14,0,2026-01-31,322000,"No",-0.39107952795099,2953,"Adulto mayor"
"PAC-65519",48,"santiago","Hipertensión Arterial",7,0,NA,785000,"No",1.54491447832922,2954,"Adulto"
"PAC-87992",76,"santiago","Gastritis Crónica",3,14,2026-02-12,190000,"Si",-0.943025983305175,2955,"Adulto mayor"
"PAC-80798",62,"puente alto","Infección Respiratoria Aguda",8,10,2024-11-14,NA,"Si",NA,2956,"Adulto"
"PAC-72277",12,"providencia","Infección Respiratoria Aguda",3,2,2025-07-31,633000,"No",0.909339772163794,2957,"Menor de edad"
"PAC-15229",93,"providencia","Apendicitis Aguda",15,0,2025-03-04,778000,"No",1.51564459054528,2958,"Adulto mayor"
"PAC-95649",NA,NA,NA,6,5,2025-08-16,145000,"Si",-1.13118954763047,2959,NA
"PAC-51467",40,"providencia","Diabetes Mellitus Tipo 2",8,0,2025-06-03,310000,"No",-0.441256478437734,2960,"Adulto"
"PAC-50857",22,"providencia","Diabetes Mellitus Tipo 2",NA,3,2026-05-20,378000,"No",-0.156920425679518,2961,"Adulto"
"PAC-42591",79,"valparaíso",NA,8,5,NA,277000,"Si",-0.579243092276281,2962,"Adulto mayor"
"PAC-71644",76,"antofagasta","Infección Respiratoria Aguda",7,0,2025-04-21,58000,"No",-1.49497243865936,2963,"Adulto mayor"
"PAC-34050",69,"la florida","Diabetes Mellitus Tipo 2",3,0,2026-09-11,NA,"No",NA,2964,"Adulto mayor"
"PAC-41571",NA,"santiago","Neumonía",13,14,2026-04-28,253000,"Si",-0.679596993249769,2965,NA
"PAC-41266",49,"antofagasta","Diabetes Mellitus Tipo 2",8,0,2025-10-26,729000,"No",1.31075537605775,2966,"Adulto"
"PAC-79329",18,"santiago","Artrosis",4,3,NA,NA,"No",NA,2967,"Adulto"
"PAC-16826",56,"providencia","Infección Respiratoria Aguda",10,0,NA,NA,"No",NA,2968,"Adulto"
"PAC-41850",NA,"santiago","Diabetes Mellitus Tipo 2",3,0,2025-09-16,833000,"No",1.74562228027619,2969,NA
"PAC-56438",61,"santiago","Gastritis Crónica",9,10,2025-12-06,354000,"Si",-0.257274326653006,2970,"Adulto"
"PAC-31178",67,"las condes","Gastritis Crónica",1,3,2025-08-15,236000,"No",-0.750681006439323,2971,"Adulto mayor"
"PAC-41029",4,"puente alto","Diabetes Mellitus Tipo 2",13,14,2024-09-28,754000,"Si",1.4152906895718,2972,"Menor de edad"
"PAC-65518",59,"valparaíso","Hipertensión Arterial",3,10,NA,774000,"Si",1.49891894038304,2973,"Adulto"
"PAC-23104",42,"antofagasta","Infección Respiratoria Aguda",12,0,2026-09-19,690000,"No",1.14768028697583,2974,"Adulto"
"PAC-67954",6,"viña del mar","Hipertensión Arterial",5,14,2026-06-29,252000,"Si",-0.683778405790331,2975,"Menor de edad"
"PAC-67125",9,"puente alto","Apendicitis Aguda",2,14,2025-08-20,750000,"Si",1.39856503940955,2976,"Menor de edad"
"PAC-44335",47,"puente alto","Neumonía",5,5,2026-09-16,429000,"Si",0.0563316138891444,2977,"Adulto"
"PAC-70952",32,"las condes","Artrosis",10,5,2025-05-01,399000,"Si",-0.0691107623277158,2978,"Adulto"
"PAC-31579",NA,"antofagasta","Infección Respiratoria Aguda",4,0,2026-05-14,NA,"No",NA,2979,NA
"PAC-28289",6,"la florida","Neumonía",10,NA,2024-11-22,NA,NA,NA,2980,"Menor de edad"
NA,35,"providencia","Hipertensión Arterial",11,10,2025-01-23,569000,"Si",0.641729369567825,2981,"Adulto"
"PAC-65255",5,"providencia","Gastritis Crónica",3,1,2025-04-28,712000,"No",1.23967136286819,2982,"Menor de edad"
"PAC-80381",48,"providencia","Apendicitis Aguda",3,14,2026-02-09,488000,"Si",0.303034953782303,2983,"Adulto"
"PAC-16006",41,"providencia","Apendicitis Aguda",5,0,2025-12-08,226000,"No",-0.792495131844943,2984,"Adulto"
"PAC-36365",NA,"maipú",NA,14,0,2025-09-13,493000,"No",0.323942016485113,2985,NA
"PAC-23396",9,"la florida","Neumonía",NA,0,2025-09-27,667000,"No",1.0515077985429,2986,"Menor de edad"
"PAC-42098",NA,"santiago","Gastritis Crónica",15,3,2025-08-10,NA,"No",NA,2987,NA
"PAC-71644",60,"providencia","Infección Respiratoria Aguda",10,0,2026-01-13,227000,"No",-0.788313719304381,2988,"Adulto"
"PAC-71213",18,"providencia","Infección Respiratoria Aguda",13,14,NA,124000,"Si",-1.21899921098227,2989,"Adulto"
"PAC-37869",80,"la florida","Hipertensión Arterial",4,10,NA,34000,"Si",-1.59532633963285,2990,"Adulto mayor"
"PAC-83060",33,"santiago","Diabetes Mellitus Tipo 2",9,0,2026-08-02,NA,"No",NA,2991,"Adulto"
"PAC-81066",NA,"maipú","Hipertensión Arterial",12,14,2026-05-06,600000,"Si",0.771353158325248,2992,NA
"PAC-70068",41,"la florida","Infección Respiratoria Aguda",7,0,2025-02-01,538000,"No",0.512105580810403,2993,"Adulto"
"PAC-85674",31,"puente alto","Apendicitis Aguda",NA,0,2025-10-05,53000,"No",-1.51587950136217,2994,"Adulto"
"PAC-70258",30,"valparaíso","Diabetes Mellitus Tipo 2",NA,5,2026-03-06,125000,"Si",-1.21481779844171,2995,"Adulto"
"PAC-18834",26,"maipú","Hipertensión Arterial",NA,2,2025-10-15,NA,"No",NA,2996,"Adulto"
"PAC-32431",79,"providencia","Hipertensión Arterial",14,5,2026-08-30,NA,"Si",NA,2997,"Adulto mayor"
"PAC-21915",32,"valparaíso",NA,10,2,2025-08-31,848000,"No",1.80834346838463,2998,"Adulto"
"PAC-22833",NA,"providencia","Neumonía",3,5,2025-08-19,646000,"Si",0.9636981351911,2999,NA
"PAC-15482",50,"providencia","Hipertensión Arterial",12,0,2026-09-12,27000,"No",-1.62459622741678,3000,"Adulto"
